inventory_id,snapshot_date,warehouse_id,warehouse_city,region,product_id,batch_id,manufacture_date,expiry_date,opening_stock_units,received_units,sold_units,damaged_units,closing_stock_units,reorder_level_units,stockout_days,near_expiry_units_90d,inventory_value_inr
I000001,2024-01-31,W01,Delhi,North,P001,P001-01-W01,2023-05-01,2026-05-01,1892,853,782,14,1949,787,0,0,40792.57
I000002,2024-01-31,W01,Delhi,North,P002,P002-01-W01,2023-02-01,2026-02-01,1931,990,1016,9,1896,563,0,0,46053.84
I000003,2024-01-31,W01,Delhi,North,P003,P003-01-W01,2022-11-01,2024-11-01,1873,1199,1106,9,1957,749,0,0,75853.32
I000004,2024-01-31,W01,Delhi,North,P004,P004-01-W01,2023-08-01,2025-02-01,1963,1406,1286,15,2068,556,0,0,73993.04
I000005,2024-01-31,W01,Delhi,North,P005,P005-01-W01,2023-02-01,2025-08-01,657,513,589,8,573,512,0,0,26082.96
I000006,2024-01-31,W01,Delhi,North,P006,P006-01-W01,2023-05-01,2024-11-01,1010,1317,1000,10,1317,892,0,0,76425.51
I000007,2024-01-31,W01,Delhi,North,P007,P007-01-W01,2023-08-01,2025-02-01,1731,326,1790,11,256,638,0,0,16102.4
I000008,2024-01-31,W01,Delhi,North,P008,P008-01-W01,2022-11-01,2025-05-01,1046,543,1316,9,264,670,0,0,16917.12
I000009,2024-01-31,W01,Delhi,North,P009,P009-01-W01,2023-05-01,2024-11-01,1324,1256,516,1,2063,886,0,0,133414.21
I000010,2024-01-31,W01,Delhi,North,P010,P010-01-W01,2022-11-01,2025-11-01,2014,93,1022,14,1071,799,0,0,79243.29
I000011,2024-01-31,W01,Delhi,North,P011,P011-01-W01,2023-05-01,2025-11-01,815,296,1111,0,0,514,3,0,0
I000012,2024-01-31,W01,Delhi,North,P012,P012-01-W01,2023-02-01,2026-02-01,1116,640,816,10,930,738,0,0,206646
I000013,2024-01-31,W01,Delhi,North,P013,P013-01-W01,2023-05-01,2024-11-01,1842,975,1082,15,1720,575,0,0,46852.8
I000014,2024-01-31,W01,Delhi,North,P014,P014-01-W01,2023-08-01,2025-02-01,1933,903,1209,7,1620,895,0,0,41050.8
I000015,2024-01-31,W01,Delhi,North,P015,P015-01-W01,2023-08-01,2026-08-01,1396,408,1804,0,0,871,11,0,0
I000016,2024-01-31,W01,Delhi,North,P016,P016-01-W01,2023-05-01,2025-11-01,2411,1397,1866,13,1929,706,0,0,93440.76
I000017,2024-01-31,W01,Delhi,North,P017,P017-01-W01,2023-08-01,2026-02-01,1614,291,572,8,1325,599,0,0,65216.5
I000018,2024-01-31,W01,Delhi,North,P018,P018-01-W01,2023-05-01,2025-11-01,574,488,866,12,184,538,0,0,12580.08
I000019,2024-01-31,W01,Delhi,North,P019,P019-01-W01,2023-05-01,2025-05-01,1708,173,1042,16,823,776,0,0,57132.66
I000020,2024-01-31,W01,Delhi,North,P020,P020-01-W01,2023-08-01,2025-02-01,1883,1409,843,9,2440,587,0,0,137323.2
I000021,2024-01-31,W01,Delhi,North,P021,P021-01-W01,2023-08-01,2025-08-01,2161,541,478,13,2211,514,0,0,160783.92
I000022,2024-01-31,W01,Delhi,North,P022,P022-01-W01,2023-05-01,2024-11-01,2536,1034,1517,10,2043,781,0,0,158863.68
I000023,2024-01-31,W01,Delhi,North,P023,P023-01-W01,2023-02-01,2025-08-01,2319,1051,1444,12,1914,793,0,0,179035.56
I000024,2024-01-31,W01,Delhi,North,P024,P024-01-W01,2023-05-01,2025-05-01,2169,524,1468,9,1216,927,0,0,263336.96
I000025,2024-01-31,W01,Delhi,North,P025,P025-01-W01,2022-11-01,2024-05-01,418,237,655,0,0,658,2,0,0
I000026,2024-01-31,W01,Delhi,North,P026,P026-01-W01,2023-08-01,2025-02-01,1801,1225,1245,12,1769,884,0,0,45251.02
I000027,2024-01-31,W01,Delhi,North,P027,P027-01-W01,2022-11-01,2024-05-01,1760,1292,1621,6,1425,928,0,0,49005.75
I000028,2024-01-31,W01,Delhi,North,P028,P028-01-W01,2023-05-01,2025-11-01,1181,105,1107,8,171,620,0,0,7619.76
I000029,2024-01-31,W01,Delhi,North,P029,P029-01-W01,2023-02-01,2026-02-01,1892,543,998,14,1423,965,0,0,91712.35
I000030,2024-01-31,W01,Delhi,North,P030,P030-01-W01,2023-08-01,2026-08-01,461,253,714,0,0,940,10,0,0
I000031,2024-01-31,W01,Delhi,North,P031,P031-01-W01,2023-02-01,2026-02-01,979,1160,1758,13,368,952,0,0,21516.96
I000032,2024-01-31,W01,Delhi,North,P032,P032-01-W01,2022-11-01,2025-05-01,1877,100,1863,5,109,590,0,0,5629.85
I000033,2024-01-31,W01,Delhi,North,P033,P033-01-W01,2023-02-01,2025-08-01,2037,1339,856,8,2512,957,0,0,176417.76
I000034,2024-01-31,W01,Delhi,North,P034,P034-01-W01,2022-11-01,2024-05-01,1579,901,1127,1,1352,963,0,0,89434.8
I000035,2024-01-31,W01,Delhi,North,P035,P035-01-W01,2023-08-01,2026-02-01,1498,481,817,6,1156,755,0,0,102907.12
I000036,2024-01-31,W01,Delhi,North,P036,P036-01-W01,2022-11-01,2024-05-01,1389,325,1714,0,0,973,8,0,0
I000037,2024-01-31,W02,Mumbai,West,P001,P001-01-W02,2023-05-01,2026-05-01,1062,528,492,12,1086,989,0,0,22729.98
I000038,2024-01-31,W02,Mumbai,West,P002,P002-01-W02,2023-05-01,2026-05-01,2255,298,1055,1,1497,997,0,0,36362.13
I000039,2024-01-31,W02,Mumbai,West,P003,P003-01-W02,2023-05-01,2025-05-01,2302,956,1216,4,2038,984,0,0,78992.88
I000040,2024-01-31,W02,Mumbai,West,P004,P004-01-W02,2023-08-01,2025-02-01,562,467,1029,0,0,984,5,0,0
I000041,2024-01-31,W02,Mumbai,West,P005,P005-01-W02,2023-02-01,2025-08-01,720,144,864,0,0,675,6,0,0
I000042,2024-01-31,W02,Mumbai,West,P006,P006-01-W02,2023-05-01,2024-11-01,933,1475,1212,10,1186,857,0,0,68823.58
I000043,2024-01-31,W02,Mumbai,West,P007,P007-01-W02,2022-11-01,2024-05-01,2571,1478,1657,16,2376,596,0,0,149450.4
I000044,2024-01-31,W02,Mumbai,West,P008,P008-01-W02,2022-11-01,2025-05-01,2220,518,1574,5,1159,662,0,0,74268.72
I000045,2024-01-31,W02,Mumbai,West,P009,P009-01-W02,2022-11-01,2024-05-01,1139,56,854,2,339,976,0,0,21923.13
I000046,2024-01-31,W02,Mumbai,West,P010,P010-01-W02,2023-02-01,2026-02-01,1413,200,1026,7,580,566,0,0,42914.2
I000047,2024-01-31,W02,Mumbai,West,P011,P011-01-W02,2023-05-01,2025-11-01,1410,869,505,1,1773,514,0,0,167761.26
I000048,2024-01-31,W02,Mumbai,West,P012,P012-01-W02,2022-11-01,2025-11-01,1568,1329,1618,14,1265,704,0,0,281083
I000049,2024-01-31,W02,Mumbai,West,P013,P013-01-W02,2023-02-01,2024-08-01,1017,388,1212,11,182,960,0,0,4957.68
I000050,2024-01-31,W02,Mumbai,West,P014,P014-01-W02,2023-02-01,2024-08-01,1235,496,1338,4,389,739,0,0,9857.26
I000051,2024-01-31,W02,Mumbai,West,P015,P015-01-W02,2023-02-01,2026-02-01,1057,727,1498,7,279,525,0,0,7923.6
I000052,2024-01-31,W02,Mumbai,West,P016,P016-01-W02,2023-02-01,2025-08-01,942,30,972,0,0,549,9,0,0
I000053,2024-01-31,W02,Mumbai,West,P017,P017-01-W02,2022-11-01,2025-05-01,2509,894,483,5,2915,774,0,0,143476.3
I000054,2024-01-31,W02,Mumbai,West,P018,P018-01-W02,2022-11-01,2025-05-01,1317,735,1333,7,712,557,0,0,48679.44
I000055,2024-01-31,W02,Mumbai,West,P019,P019-01-W02,2023-05-01,2025-05-01,401,366,767,0,0,607,12,0,0
I000056,2024-01-31,W02,Mumbai,West,P020,P020-01-W02,2023-05-01,2024-11-01,2062,1492,1515,1,2038,542,0,0,114698.64
I000057,2024-01-31,W02,Mumbai,West,P021,P021-01-W02,2023-02-01,2025-02-01,1428,819,695,4,1548,867,0,0,112570.56
I000058,2024-01-31,W02,Mumbai,West,P022,P022-01-W02,2023-02-01,2024-08-01,2280,728,773,6,2229,770,0,0,173327.04
I000059,2024-01-31,W02,Mumbai,West,P023,P023-01-W02,2023-05-01,2025-11-01,1298,828,547,5,1574,863,0,0,147231.96
I000060,2024-01-31,W02,Mumbai,West,P024,P024-01-W02,2022-11-01,2024-11-01,2189,179,1828,10,530,892,0,0,114776.8
I000061,2024-01-31,W02,Mumbai,West,P025,P025-01-W02,2023-05-01,2024-11-01,1056,1091,1707,5,435,765,0,0,6725.1
I000062,2024-01-31,W02,Mumbai,West,P026,P026-01-W02,2023-08-01,2025-02-01,1464,512,480,15,1481,929,0,0,37883.98
I000063,2024-01-31,W02,Mumbai,West,P027,P027-01-W02,2023-02-01,2024-08-01,707,1229,1623,2,311,920,0,0,10695.29
I000064,2024-01-31,W02,Mumbai,West,P028,P028-01-W02,2022-11-01,2025-05-01,488,1417,1018,3,884,632,0,0,39391.04
I000065,2024-01-31,W02,Mumbai,West,P029,P029-01-W02,2023-02-01,2026-02-01,868,286,561,8,585,648,0,0,37703.25
I000066,2024-01-31,W02,Mumbai,West,P030,P030-01-W02,2023-08-01,2026-08-01,1186,41,911,2,314,914,0,0,19587.32
I000067,2024-01-31,W02,Mumbai,West,P031,P031-01-W02,2023-08-01,2026-08-01,1693,347,854,6,1180,885,0,0,68994.6
I000068,2024-01-31,W02,Mumbai,West,P032,P032-01-W02,2023-02-01,2025-08-01,557,437,994,0,0,996,2,0,0
I000069,2024-01-31,W02,Mumbai,West,P033,P033-01-W02,2023-05-01,2025-11-01,2084,377,1722,11,728,701,0,0,51127.44
I000070,2024-01-31,W02,Mumbai,West,P034,P034-01-W02,2023-08-01,2025-02-01,1069,482,846,6,699,993,0,0,46238.85
I000071,2024-01-31,W02,Mumbai,West,P035,P035-01-W02,2022-11-01,2025-05-01,819,297,1116,0,0,541,8,0,0
I000072,2024-01-31,W02,Mumbai,West,P036,P036-01-W02,2023-05-01,2024-11-01,1937,423,1161,14,1185,613,0,0,268864.65
I000073,2024-01-31,W03,Bengaluru,South,P001,P001-01-W03,2023-02-01,2026-02-01,1182,1298,1199,9,1272,792,0,0,26622.96
I000074,2024-01-31,W03,Bengaluru,South,P002,P002-01-W03,2023-08-01,2026-08-01,1708,409,979,15,1123,810,0,0,27277.67
I000075,2024-01-31,W03,Bengaluru,South,P003,P003-01-W03,2022-11-01,2024-11-01,1839,522,643,3,1715,783,0,0,66473.4
I000076,2024-01-31,W03,Bengaluru,South,P004,P004-01-W03,2023-05-01,2024-11-01,787,64,851,0,0,786,7,0,0
I000077,2024-01-31,W03,Bengaluru,South,P005,P005-01-W03,2023-02-01,2025-08-01,643,106,749,0,0,911,4,0,0
I000078,2024-01-31,W03,Bengaluru,South,P006,P006-01-W03,2023-08-01,2025-02-01,1559,1084,900,7,1736,588,0,0,100740.08
I000079,2024-01-31,W03,Bengaluru,South,P007,P007-01-W03,2022-11-01,2024-05-01,1116,82,885,11,302,904,0,0,18995.8
I000080,2024-01-31,W03,Bengaluru,South,P008,P008-01-W03,2023-08-01,2026-02-01,1375,377,979,15,758,964,0,0,48572.64
I000081,2024-01-31,W03,Bengaluru,South,P009,P009-01-W03,2022-11-01,2024-05-01,2416,167,1397,3,1183,533,0,0,76504.61
I000082,2024-01-31,W03,Bengaluru,South,P010,P010-01-W03,2023-08-01,2026-08-01,1601,800,906,5,1490,676,0,0,110245.1
I000083,2024-01-31,W03,Bengaluru,South,P011,P011-01-W03,2023-05-01,2025-11-01,1459,1193,1451,2,1199,781,0,0,113449.38
I000084,2024-01-31,W03,Bengaluru,South,P012,P012-01-W03,2023-02-01,2026-02-01,2369,1403,840,15,2917,887,0,0,648157.4
I000085,2024-01-31,W03,Bengaluru,South,P013,P013-01-W03,2022-11-01,2024-05-01,1066,1036,529,6,1567,676,0,0,42685.08
I000086,2024-01-31,W03,Bengaluru,South,P014,P014-01-W03,2022-11-01,2024-05-01,2385,1119,1698,16,1790,993,0,0,45358.6
I000087,2024-01-31,W03,Bengaluru,South,P015,P015-01-W03,2023-05-01,2026-05-01,834,1498,891,8,1433,694,0,0,40697.2
I000088,2024-01-31,W03,Bengaluru,South,P016,P016-01-W03,2022-11-01,2025-05-01,770,141,911,0,0,562,12,0,0
I000089,2024-01-31,W03,Bengaluru,South,P017,P017-01-W03,2023-05-01,2025-11-01,2178,586,1797,9,958,791,0,0,47152.76
I000090,2024-01-31,W03,Bengaluru,South,P018,P018-01-W03,2023-08-01,2026-02-01,2316,807,1780,13,1330,677,0,0,90932.1
I000091,2024-01-31,W03,Bengaluru,South,P019,P019-01-W03,2023-08-01,2025-08-01,2083,324,1245,4,1158,923,0,0,80388.36
I000092,2024-01-31,W03,Bengaluru,South,P020,P020-01-W03,2023-02-01,2024-08-01,2103,1405,1874,13,1621,810,0,0,91229.88
I000093,2024-01-31,W03,Bengaluru,South,P021,P021-01-W03,2023-02-01,2025-02-01,1241,1041,608,10,1664,548,0,0,121006.08
I000094,2024-01-31,W03,Bengaluru,South,P022,P022-01-W03,2023-05-01,2024-11-01,2194,1443,744,13,2880,601,0,0,223948.8
I000095,2024-01-31,W03,Bengaluru,South,P023,P023-01-W03,2023-08-01,2026-02-01,1438,85,477,5,1041,964,0,0,97375.14
I000096,2024-01-31,W03,Bengaluru,South,P024,P024-01-W03,2023-05-01,2025-05-01,2422,467,1205,14,1670,800,0,0,361655.2
I000097,2024-01-31,W03,Bengaluru,South,P025,P025-01-W03,2023-08-01,2025-02-01,1345,1110,454,6,1995,974,0,0,30842.7
I000098,2024-01-31,W03,Bengaluru,South,P026,P026-01-W03,2023-02-01,2024-08-01,1410,21,937,1,493,907,0,0,12610.94
I000099,2024-01-31,W03,Bengaluru,South,P027,P027-01-W03,2022-11-01,2024-05-01,1207,1065,1788,1,483,951,0,0,16610.37
I000100,2024-01-31,W03,Bengaluru,South,P028,P028-01-W03,2022-11-01,2025-05-01,2269,754,1827,2,1194,636,0,0,53204.64
I000101,2024-01-31,W03,Bengaluru,South,P029,P029-01-W03,2023-08-01,2026-08-01,1085,392,564,3,910,731,0,0,58649.5
I000102,2024-01-31,W03,Bengaluru,South,P030,P030-01-W03,2022-11-01,2025-11-01,1599,799,553,16,1829,544,0,0,114093.02
I000103,2024-01-31,W03,Bengaluru,South,P031,P031-01-W03,2023-05-01,2026-05-01,2537,898,1251,8,2176,942,0,0,127230.72
I000104,2024-01-31,W03,Bengaluru,South,P032,P032-01-W03,2023-02-01,2025-08-01,535,1300,855,14,966,531,0,0,49893.9
I000105,2024-01-31,W03,Bengaluru,South,P033,P033-01-W03,2023-08-01,2026-02-01,2147,1097,1261,3,1980,532,0,0,139055.4
I000106,2024-01-31,W03,Bengaluru,South,P034,P034-01-W03,2023-02-01,2024-08-01,2334,1347,1361,11,2309,508,0,0,152740.35
I000107,2024-01-31,W03,Bengaluru,South,P035,P035-01-W03,2023-02-01,2025-08-01,1055,736,1067,8,716,834,0,0,63738.32
I000108,2024-01-31,W03,Bengaluru,South,P036,P036-01-W03,2023-02-01,2024-08-01,1128,950,1688,14,376,657,0,0,85310.64
I000109,2024-01-31,W04,Kolkata,East,P001,P001-01-W04,2023-05-01,2026-05-01,2431,1070,1782,4,1715,691,0,0,35894.95
I000110,2024-01-31,W04,Kolkata,East,P002,P002-01-W04,2023-08-01,2026-08-01,2256,1063,922,2,2395,841,0,0,58174.55
I000111,2024-01-31,W04,Kolkata,East,P003,P003-01-W04,2022-11-01,2024-11-01,2330,1321,501,4,3146,734,0,0,121938.96
I000112,2024-01-31,W04,Kolkata,East,P004,P004-01-W04,2023-05-01,2024-11-01,696,543,454,13,772,848,0,0,27622.16
I000113,2024-01-31,W04,Kolkata,East,P005,P005-01-W04,2023-08-01,2026-02-01,1960,1162,1562,5,1555,571,0,0,70783.6
I000114,2024-01-31,W04,Kolkata,East,P006,P006-01-W04,2023-05-01,2024-11-01,896,786,1023,5,654,770,0,0,37951.62
I000115,2024-01-31,W04,Kolkata,East,P007,P007-01-W04,2023-08-01,2025-02-01,1727,1400,770,9,2348,743,0,0,147689.2
I000116,2024-01-31,W04,Kolkata,East,P008,P008-01-W04,2023-05-01,2025-11-01,1245,700,685,7,1253,944,0,0,80292.24
I000117,2024-01-31,W04,Kolkata,East,P009,P009-01-W04,2023-08-01,2025-02-01,1769,1441,491,7,2712,947,0,0,175385.04
I000118,2024-01-31,W04,Kolkata,East,P010,P010-01-W04,2023-02-01,2026-02-01,1174,996,831,4,1335,515,0,0,98776.65
I000119,2024-01-31,W04,Kolkata,East,P011,P011-01-W04,2023-05-01,2025-11-01,1246,1483,1413,6,1310,639,0,0,123952.2
I000120,2024-01-31,W04,Kolkata,East,P012,P012-01-W04,2023-08-01,2026-08-01,1428,1197,700,8,1917,799,0,0,425957.4
I000121,2024-01-31,W04,Kolkata,East,P013,P013-01-W04,2022-11-01,2024-05-01,2398,1245,1135,15,2493,764,0,0,67909.32
I000122,2024-01-31,W04,Kolkata,East,P014,P014-01-W04,2023-02-01,2024-08-01,1596,115,1711,0,0,748,8,0,0
I000123,2024-01-31,W04,Kolkata,East,P015,P015-01-W04,2023-02-01,2026-02-01,1789,1170,957,15,1987,632,0,0,56430.8
I000124,2024-01-31,W04,Kolkata,East,P016,P016-01-W04,2023-02-01,2025-08-01,1037,1262,1206,14,1079,953,0,0,52266.76
I000125,2024-01-31,W04,Kolkata,East,P017,P017-01-W04,2022-11-01,2025-05-01,526,481,632,10,365,599,0,0,17965.3
I000126,2024-01-31,W04,Kolkata,East,P018,P018-01-W04,2023-05-01,2025-11-01,987,1141,709,7,1412,885,0,0,96538.44
I000127,2024-01-31,W04,Kolkata,East,P019,P019-01-W04,2023-02-01,2025-02-01,1106,86,1176,2,14,653,0,0,971.88
I000128,2024-01-31,W04,Kolkata,East,P020,P020-01-W04,2022-11-01,2024-05-01,1872,207,596,13,1470,942,0,0,82731.6
I000129,2024-01-31,W04,Kolkata,East,P021,P021-01-W04,2023-05-01,2025-05-01,1702,897,916,10,1673,511,0,0,121660.56
I000130,2024-01-31,W04,Kolkata,East,P022,P022-01-W04,2022-11-01,2024-05-01,1021,1268,1255,15,1019,504,0,0,79237.44
I000131,2024-01-31,W04,Kolkata,East,P023,P023-01-W04,2023-05-01,2025-11-01,1690,580,1636,13,621,513,0,0,58088.34
I000132,2024-01-31,W04,Kolkata,East,P024,P024-01-W04,2023-05-01,2025-05-01,899,281,530,7,643,586,0,0,139248.08
I000133,2024-01-31,W04,Kolkata,East,P025,P025-01-W04,2022-11-01,2024-05-01,1248,560,1169,12,627,656,0,0,9693.42
I000134,2024-01-31,W04,Kolkata,East,P026,P026-01-W04,2023-02-01,2024-08-01,2095,294,1216,13,1160,889,0,0,29672.8
I000135,2024-01-31,W04,Kolkata,East,P027,P027-01-W04,2023-05-01,2024-11-01,2114,1487,1935,15,1651,527,0,0,56777.89
I000136,2024-01-31,W04,Kolkata,East,P028,P028-01-W04,2023-05-01,2025-11-01,1834,211,1012,15,1018,675,0,0,45362.08
I000137,2024-01-31,W04,Kolkata,East,P029,P029-01-W04,2023-02-01,2026-02-01,1890,859,1546,14,1189,776,0,0,76631.05
I000138,2024-01-31,W04,Kolkata,East,P030,P030-01-W04,2023-08-01,2026-08-01,604,740,1003,6,335,942,0,0,20897.3
I000139,2024-01-31,W04,Kolkata,East,P031,P031-01-W04,2022-11-01,2025-11-01,1268,812,990,15,1075,907,0,0,62855.25
I000140,2024-01-31,W04,Kolkata,East,P032,P032-01-W04,2023-05-01,2025-11-01,2438,1230,1609,4,2055,963,0,0,106140.75
I000141,2024-01-31,W04,Kolkata,East,P033,P033-01-W04,2023-02-01,2025-08-01,2258,9,1781,15,471,784,0,0,33078.33
I000142,2024-01-31,W04,Kolkata,East,P034,P034-01-W04,2023-05-01,2024-11-01,1501,524,1845,5,175,919,0,0,11576.25
I000143,2024-01-31,W04,Kolkata,East,P035,P035-01-W04,2023-08-01,2026-02-01,2493,910,1328,13,2062,875,0,0,183559.24
I000144,2024-01-31,W04,Kolkata,East,P036,P036-01-W04,2023-08-01,2025-02-01,1035,280,1315,0,0,951,11,0,0
I000145,2024-01-31,W05,Indore,Central,P001,P001-01-W05,2023-05-01,2026-05-01,1996,205,1344,12,845,608,0,0,17685.85
I000146,2024-01-31,W05,Indore,Central,P002,P002-01-W05,2023-05-01,2026-05-01,1336,242,672,3,903,584,0,0,21933.87
I000147,2024-01-31,W05,Indore,Central,P003,P003-01-W05,2023-08-01,2025-08-01,1325,1033,848,2,1508,519,0,0,58450.08
I000148,2024-01-31,W05,Indore,Central,P004,P004-01-W05,2023-08-01,2025-02-01,1764,223,718,6,1263,695,0,0,45190.14
I000149,2024-01-31,W05,Indore,Central,P005,P005-01-W05,2023-02-01,2025-08-01,1927,1108,781,16,2238,690,0,0,101873.76
I000150,2024-01-31,W05,Indore,Central,P006,P006-01-W05,2023-05-01,2024-11-01,1221,504,1315,15,395,728,0,0,22921.85
I000151,2024-01-31,W05,Indore,Central,P007,P007-01-W05,2023-02-01,2024-08-01,2497,28,1505,4,1016,761,0,0,63906.4
I000152,2024-01-31,W05,Indore,Central,P008,P008-01-W05,2023-08-01,2026-02-01,422,765,815,4,368,587,0,0,23581.44
I000153,2024-01-31,W05,Indore,Central,P009,P009-01-W05,2023-02-01,2024-08-01,2095,1201,529,13,2754,593,0,0,178101.18
I000154,2024-01-31,W05,Indore,Central,P010,P010-01-W05,2023-08-01,2026-08-01,1673,1140,1644,15,1154,923,0,0,85384.46
I000155,2024-01-31,W05,Indore,Central,P011,P011-01-W05,2022-11-01,2025-05-01,1072,455,1527,0,0,984,9,0,0
I000156,2024-01-31,W05,Indore,Central,P012,P012-01-W05,2023-08-01,2026-08-01,1865,780,1829,12,804,730,0,0,178648.8
I000157,2024-01-31,W05,Indore,Central,P013,P013-01-W05,2023-02-01,2024-08-01,637,1498,1344,12,779,708,0,0,21219.96
I000158,2024-01-31,W05,Indore,Central,P014,P014-01-W05,2023-05-01,2024-11-01,526,370,896,0,0,680,10,0,0
I000159,2024-01-31,W05,Indore,Central,P015,P015-01-W05,2023-08-01,2026-08-01,1953,685,1596,3,1039,503,0,0,29507.6
I000160,2024-01-31,W05,Indore,Central,P016,P016-01-W05,2023-08-01,2026-02-01,1545,177,1722,0,0,616,5,0,0
I000161,2024-01-31,W05,Indore,Central,P017,P017-01-W05,2023-02-01,2025-08-01,2433,1376,1255,3,2551,512,0,0,125560.22
I000162,2024-01-31,W05,Indore,Central,P018,P018-01-W05,2023-08-01,2026-02-01,2326,1486,1587,0,2225,651,0,0,152123.25
I000163,2024-01-31,W05,Indore,Central,P019,P019-01-W05,2023-02-01,2025-02-01,522,1356,1033,2,843,500,0,0,58521.06
I000164,2024-01-31,W05,Indore,Central,P020,P020-01-W05,2022-11-01,2024-05-01,2095,307,1476,0,926,718,0,0,52115.28
I000165,2024-01-31,W05,Indore,Central,P021,P021-01-W05,2023-05-01,2025-05-01,1896,79,1644,2,329,516,0,0,23924.88
I000166,2024-01-31,W05,Indore,Central,P022,P022-01-W05,2023-02-01,2024-08-01,547,410,957,0,0,860,4,0,0
I000167,2024-01-31,W05,Indore,Central,P023,P023-01-W05,2022-11-01,2025-05-01,2094,30,704,5,1415,770,0,0,132359.1
I000168,2024-01-31,W05,Indore,Central,P024,P024-01-W05,2023-02-01,2025-02-01,888,605,1493,0,0,565,5,0,0
I000169,2024-01-31,W05,Indore,Central,P025,P025-01-W05,2023-05-01,2024-11-01,2405,878,474,3,2806,671,0,0,43380.76
I000170,2024-01-31,W05,Indore,Central,P026,P026-01-W05,2023-08-01,2025-02-01,1274,577,513,4,1334,609,0,0,34123.72
I000171,2024-01-31,W05,Indore,Central,P027,P027-01-W05,2023-08-01,2025-02-01,781,509,753,16,521,854,0,0,17917.19
I000172,2024-01-31,W05,Indore,Central,P028,P028-01-W05,2023-05-01,2025-11-01,1614,1224,781,1,2056,953,0,0,91615.36
I000173,2024-01-31,W05,Indore,Central,P029,P029-01-W05,2023-08-01,2026-08-01,756,534,1290,0,0,563,3,0,0
I000174,2024-01-31,W05,Indore,Central,P030,P030-01-W05,2023-08-01,2026-08-01,1234,1310,1104,1,1439,565,0,0,89764.82
I000175,2024-01-31,W05,Indore,Central,P031,P031-01-W05,2022-11-01,2025-11-01,467,404,871,0,0,848,3,0,0
I000176,2024-01-31,W05,Indore,Central,P032,P032-01-W05,2023-05-01,2025-11-01,1636,96,713,7,1012,566,0,0,52269.8
I000177,2024-01-31,W05,Indore,Central,P033,P033-01-W05,2023-02-01,2025-08-01,825,721,1546,0,0,677,11,0,0
I000178,2024-01-31,W05,Indore,Central,P034,P034-01-W05,2022-11-01,2024-05-01,1498,375,1772,14,87,762,0,0,5755.05
I000179,2024-01-31,W05,Indore,Central,P035,P035-01-W05,2023-02-01,2025-08-01,964,1098,1086,6,970,923,0,0,86349.4
I000180,2024-01-31,W05,Indore,Central,P036,P036-01-W05,2023-02-01,2024-08-01,1078,814,1410,8,474,747,0,0,107545.86
I000181,2024-01-31,W06,Hyderabad,South,P001,P001-01-W06,2023-08-01,2026-08-01,1193,893,1719,15,352,607,0,0,7367.36
I000182,2024-01-31,W06,Hyderabad,South,P002,P002-01-W06,2022-11-01,2025-11-01,1318,844,1425,11,726,796,0,0,17634.54
I000183,2024-01-31,W06,Hyderabad,South,P003,P003-01-W06,2022-11-01,2024-11-01,1385,884,736,1,1532,849,0,0,59380.32
I000184,2024-01-31,W06,Hyderabad,South,P004,P004-01-W06,2023-02-01,2024-08-01,899,215,1114,0,0,647,8,0,0
I000185,2024-01-31,W06,Hyderabad,South,P005,P005-01-W06,2023-08-01,2026-02-01,1669,1128,1544,13,1240,795,0,0,56444.8
I000186,2024-01-31,W06,Hyderabad,South,P006,P006-01-W06,2023-08-01,2025-02-01,1060,963,1614,15,394,708,0,0,22863.82
I000187,2024-01-31,W06,Hyderabad,South,P007,P007-01-W06,2022-11-01,2024-05-01,2064,305,505,7,1857,777,0,0,116805.3
I000188,2024-01-31,W06,Hyderabad,South,P008,P008-01-W06,2023-05-01,2025-11-01,1807,131,486,9,1443,979,0,0,92467.44
I000189,2024-01-31,W06,Hyderabad,South,P009,P009-01-W06,2022-11-01,2024-05-01,1793,771,1876,10,678,696,0,0,43846.26
I000190,2024-01-31,W06,Hyderabad,South,P010,P010-01-W06,2023-08-01,2026-08-01,1221,1182,1840,4,559,803,0,0,41360.41
I000191,2024-01-31,W06,Hyderabad,South,P011,P011-01-W06,2023-05-01,2025-11-01,2517,1455,1381,9,2582,874,0,0,244308.84
I000192,2024-01-31,W06,Hyderabad,South,P012,P012-01-W06,2023-08-01,2026-08-01,906,1418,706,14,1604,504,0,0,356408.8
I000193,2024-01-31,W06,Hyderabad,South,P013,P013-01-W06,2023-05-01,2024-11-01,1674,430,1249,5,850,796,0,0,23154
I000194,2024-01-31,W06,Hyderabad,South,P014,P014-01-W06,2023-08-01,2025-02-01,2195,1089,1044,10,2230,548,0,0,56508.2
I000195,2024-01-31,W06,Hyderabad,South,P015,P015-01-W06,2023-08-01,2026-08-01,1058,70,983,2,143,782,0,0,4061.2
I000196,2024-01-31,W06,Hyderabad,South,P016,P016-01-W06,2023-05-01,2025-11-01,876,938,1625,9,180,552,0,0,8719.2
I000197,2024-01-31,W06,Hyderabad,South,P017,P017-01-W06,2023-02-01,2025-08-01,1052,1424,1672,4,800,723,0,0,39376
I000198,2024-01-31,W06,Hyderabad,South,P018,P018-01-W06,2023-05-01,2025-11-01,2352,142,1445,13,1036,703,0,0,70831.32
I000199,2024-01-31,W06,Hyderabad,South,P019,P019-01-W06,2023-02-01,2025-02-01,1823,898,657,15,2049,590,0,0,142241.58
I000200,2024-01-31,W06,Hyderabad,South,P020,P020-01-W06,2023-05-01,2024-11-01,698,456,914,13,227,602,0,0,12775.56
I000201,2024-01-31,W06,Hyderabad,South,P021,P021-01-W06,2023-08-01,2025-08-01,2476,1239,1754,4,1957,550,0,0,142313.04
I000202,2024-01-31,W06,Hyderabad,South,P022,P022-01-W06,2023-02-01,2024-08-01,2007,213,968,8,1244,678,0,0,96733.44
I000203,2024-01-31,W06,Hyderabad,South,P023,P023-01-W06,2023-08-01,2026-02-01,768,1157,593,3,1329,664,0,0,124314.66
I000204,2024-01-31,W06,Hyderabad,South,P024,P024-01-W06,2023-08-01,2025-08-01,1391,1220,1096,7,1508,957,0,0,326572.48
I000205,2024-01-31,W06,Hyderabad,South,P025,P025-01-W06,2023-08-01,2025-02-01,902,319,1032,9,180,726,0,0,2782.8
I000206,2024-01-31,W06,Hyderabad,South,P026,P026-01-W06,2023-02-01,2024-08-01,1722,970,684,5,2003,569,0,0,51236.74
I000207,2024-01-31,W06,Hyderabad,South,P027,P027-01-W06,2023-02-01,2024-08-01,2278,1318,451,6,3139,980,0,0,107950.21
I000208,2024-01-31,W06,Hyderabad,South,P028,P028-01-W06,2023-05-01,2025-11-01,2183,1450,909,9,2715,537,0,0,120980.4
I000209,2024-01-31,W06,Hyderabad,South,P029,P029-01-W06,2023-08-01,2026-08-01,2028,1084,635,15,2462,539,0,0,158675.9
I000210,2024-01-31,W06,Hyderabad,South,P030,P030-01-W06,2023-08-01,2026-08-01,1829,220,1843,5,201,970,0,0,12538.38
I000211,2024-01-31,W06,Hyderabad,South,P031,P031-01-W06,2022-11-01,2025-11-01,722,601,814,3,506,968,0,0,29585.82
I000212,2024-01-31,W06,Hyderabad,South,P032,P032-01-W06,2023-02-01,2025-08-01,2301,293,1755,0,839,963,0,0,43334.35
I000213,2024-01-31,W06,Hyderabad,South,P033,P033-01-W06,2023-02-01,2025-08-01,1163,653,1791,7,18,614,0,0,1264.14
I000214,2024-01-31,W06,Hyderabad,South,P034,P034-01-W06,2023-08-01,2025-02-01,1007,732,1499,0,240,574,0,0,15876
I000215,2024-01-31,W06,Hyderabad,South,P035,P035-01-W06,2023-05-01,2025-11-01,1749,1188,1001,6,1930,904,0,0,171808.6
I000216,2024-01-31,W06,Hyderabad,South,P036,P036-01-W06,2023-05-01,2024-11-01,1819,757,753,9,1814,921,0,0,411578.46
I000217,2024-02-29,W01,Delhi,North,P001,P001-02-W01,2023-03-01,2026-03-01,1842,1301,678,3,2462,936,0,0,51529.66
I000218,2024-02-29,W01,Delhi,North,P002,P002-02-W01,2023-03-01,2026-03-01,485,1021,1506,0,0,546,9,0,0
I000219,2024-02-29,W01,Delhi,North,P003,P003-02-W01,2023-03-01,2025-03-01,634,262,554,10,332,692,0,0,12868.32
I000220,2024-02-29,W01,Delhi,North,P004,P004-02-W01,2023-03-01,2024-09-01,2011,1427,1852,10,1576,970,0,0,56389.28
I000221,2024-02-29,W01,Delhi,North,P005,P005-02-W01,2023-09-01,2026-03-01,2050,177,1425,13,789,516,0,0,35915.28
I000222,2024-02-29,W01,Delhi,North,P006,P006-02-W01,2023-06-01,2024-12-01,546,498,972,6,66,853,0,0,3829.98
I000223,2024-02-29,W01,Delhi,North,P007,P007-02-W01,2023-03-01,2024-09-01,1351,573,1281,15,628,669,0,0,39501.2
I000224,2024-02-29,W01,Delhi,North,P008,P008-02-W01,2023-03-01,2025-09-01,682,1242,1778,4,142,779,0,0,9099.36
I000225,2024-02-29,W01,Delhi,North,P009,P009-02-W01,2023-06-01,2024-12-01,1770,703,1910,14,549,870,0,0,35503.83
I000226,2024-02-29,W01,Delhi,North,P010,P010-02-W01,2023-03-01,2026-03-01,2173,1363,1411,12,2113,908,0,0,156340.87
I000227,2024-02-29,W01,Delhi,North,P011,P011-02-W01,2023-09-01,2026-03-01,710,1272,1854,10,118,734,0,0,11165.16
I000228,2024-02-29,W01,Delhi,North,P012,P012-02-W01,2023-06-01,2026-06-01,932,236,1168,0,0,825,4,0,0
I000229,2024-02-29,W01,Delhi,North,P013,P013-02-W01,2023-03-01,2024-09-01,1713,224,735,8,1194,510,0,0,32524.56
I000230,2024-02-29,W01,Delhi,North,P014,P014-02-W01,2022-12-01,2024-06-01,1546,1279,1258,14,1553,575,0,0,39353.02
I000231,2024-02-29,W01,Delhi,North,P015,P015-02-W01,2023-09-01,2026-09-01,1193,779,1781,1,190,834,0,0,5396
I000232,2024-02-29,W01,Delhi,North,P016,P016-02-W01,2022-12-01,2025-06-01,1484,525,1586,2,421,907,0,0,20393.24
I000233,2024-02-29,W01,Delhi,North,P017,P017-02-W01,2023-09-01,2026-03-01,1346,1057,954,12,1437,759,0,0,70729.14
I000234,2024-02-29,W01,Delhi,North,P018,P018-02-W01,2022-12-01,2025-06-01,1860,1089,1502,2,1445,849,0,0,98794.65
I000235,2024-02-29,W01,Delhi,North,P019,P019-02-W01,2022-12-01,2024-12-01,2569,480,1241,8,1800,754,0,0,124956
I000236,2024-02-29,W01,Delhi,North,P020,P020-02-W01,2022-12-01,2024-06-01,1048,1313,1250,6,1105,778,0,0,62189.4
I000237,2024-02-29,W01,Delhi,North,P021,P021-02-W01,2022-12-01,2024-12-01,2175,961,1805,3,1328,816,0,0,96572.16
I000238,2024-02-29,W01,Delhi,North,P022,P022-02-W01,2023-06-01,2024-12-01,2276,147,953,7,1463,642,0,0,113762.88
I000239,2024-02-29,W01,Delhi,North,P023,P023-02-W01,2023-06-01,2025-12-01,2558,1387,1840,5,2100,757,0,0,196434
I000240,2024-02-29,W01,Delhi,North,P024,P024-02-W01,2023-06-01,2025-06-01,1873,668,1482,10,1049,856,0,0,227171.44
I000241,2024-02-29,W01,Delhi,North,P025,P025-02-W01,2023-06-01,2024-12-01,1338,1054,1663,7,722,765,0,0,11162.12
I000242,2024-02-29,W01,Delhi,North,P026,P026-02-W01,2023-06-01,2024-12-01,719,1013,1711,6,15,791,0,0,383.7
I000243,2024-02-29,W01,Delhi,North,P027,P027-02-W01,2023-06-01,2024-12-01,986,989,919,11,1045,657,0,0,35937.55
I000244,2024-02-29,W01,Delhi,North,P028,P028-02-W01,2023-06-01,2025-12-01,786,867,466,9,1178,576,0,0,52491.68
I000245,2024-02-29,W01,Delhi,North,P029,P029-02-W01,2022-12-01,2025-12-01,1168,1426,1670,7,917,837,0,0,59100.65
I000246,2024-02-29,W01,Delhi,North,P030,P030-02-W01,2023-09-01,2026-09-01,1985,943,1366,12,1550,530,0,0,96689
I000247,2024-02-29,W01,Delhi,North,P031,P031-02-W01,2023-06-01,2026-06-01,1428,111,486,1,1052,607,0,0,61510.44
I000248,2024-02-29,W01,Delhi,North,P032,P032-02-W01,2022-12-01,2025-06-01,1905,343,1147,3,1098,706,0,0,56711.7
I000249,2024-02-29,W01,Delhi,North,P033,P033-02-W01,2023-06-01,2025-12-01,550,978,559,10,959,615,0,0,67350.57
I000250,2024-02-29,W01,Delhi,North,P034,P034-02-W01,2023-03-01,2024-09-01,1568,1493,875,5,2181,614,0,0,144273.15
I000251,2024-02-29,W01,Delhi,North,P035,P035-02-W01,2022-12-01,2025-06-01,1518,1102,1714,10,896,822,0,0,79761.92
I000252,2024-02-29,W01,Delhi,North,P036,P036-02-W01,2023-06-01,2024-12-01,1083,1279,1911,0,451,852,0,0,102327.39
I000253,2024-02-29,W02,Mumbai,West,P001,P001-02-W02,2023-06-01,2026-06-01,705,722,1427,0,0,525,1,0,0
I000254,2024-02-29,W02,Mumbai,West,P002,P002-02-W02,2022-12-01,2025-12-01,2375,841,577,15,2624,828,0,0,63736.96
I000255,2024-02-29,W02,Mumbai,West,P003,P003-02-W02,2023-06-01,2025-06-01,1133,591,797,3,924,749,0,0,35814.24
I000256,2024-02-29,W02,Mumbai,West,P004,P004-02-W02,2023-06-01,2024-12-01,1012,1158,1626,0,544,550,0,0,19464.32
I000257,2024-02-29,W02,Mumbai,West,P005,P005-02-W02,2022-12-01,2025-06-01,473,1060,1080,3,450,626,0,0,20484
I000258,2024-02-29,W02,Mumbai,West,P006,P006-02-W02,2022-12-01,2024-06-01,1657,886,1392,12,1139,521,0,0,66096.17
I000259,2024-02-29,W02,Mumbai,West,P007,P007-02-W02,2023-03-01,2024-09-01,630,903,1335,0,198,920,0,0,12454.2
I000260,2024-02-29,W02,Mumbai,West,P008,P008-02-W02,2023-03-01,2025-09-01,1259,469,649,3,1076,943,0,0,68950.08
I000261,2024-02-29,W02,Mumbai,West,P009,P009-02-W02,2022-12-01,2024-06-01,1826,326,947,1,1204,504,0,0,77862.68
I000262,2024-02-29,W02,Mumbai,West,P010,P010-02-W02,2022-12-01,2025-12-01,858,1365,573,5,1645,988,0,0,121713.55
I000263,2024-02-29,W02,Mumbai,West,P011,P011-02-W02,2022-12-01,2025-06-01,1638,320,1742,5,211,821,0,0,19964.82
I000264,2024-02-29,W02,Mumbai,West,P012,P012-02-W02,2022-12-01,2025-12-01,1788,1122,1764,5,1141,781,0,0,253530.2
I000265,2024-02-29,W02,Mumbai,West,P013,P013-02-W02,2023-03-01,2024-09-01,1621,1196,539,16,2262,587,0,0,61616.88
I000266,2024-02-29,W02,Mumbai,West,P014,P014-02-W02,2022-12-01,2024-06-01,1738,1425,1678,15,1470,525,0,0,37249.8
I000267,2024-02-29,W02,Mumbai,West,P015,P015-02-W02,2022-12-01,2025-12-01,1594,572,971,10,1185,540,0,0,33654
I000268,2024-02-29,W02,Mumbai,West,P016,P016-02-W02,2022-12-01,2025-06-01,1077,1443,1131,12,1377,989,0,0,66701.88
I000269,2024-02-29,W02,Mumbai,West,P017,P017-02-W02,2022-12-01,2025-06-01,1096,86,1182,0,0,552,9,0,0
I000270,2024-02-29,W02,Mumbai,West,P018,P018-02-W02,2023-03-01,2025-09-01,630,484,703,8,403,763,0,0,27553.11
I000271,2024-02-29,W02,Mumbai,West,P019,P019-02-W02,2023-03-01,2025-03-01,1080,1311,1016,0,1375,620,0,0,95452.5
I000272,2024-02-29,W02,Mumbai,West,P020,P020-02-W02,2023-03-01,2024-09-01,779,1093,1427,4,441,598,0,0,24819.48
I000273,2024-02-29,W02,Mumbai,West,P021,P021-02-W02,2023-03-01,2025-03-01,1784,1172,1009,2,1945,787,0,0,141440.4
I000274,2024-02-29,W02,Mumbai,West,P022,P022-02-W02,2023-06-01,2024-12-01,1197,589,818,2,966,626,0,0,75116.16
I000275,2024-02-29,W02,Mumbai,West,P023,P023-02-W02,2023-09-01,2026-03-01,2520,13,1222,11,1300,612,0,0,121602
I000276,2024-02-29,W02,Mumbai,West,P024,P024-02-W02,2023-09-01,2025-09-01,603,139,742,0,0,890,3,0,0
I000277,2024-02-29,W02,Mumbai,West,P025,P025-02-W02,2023-06-01,2024-12-01,1936,399,611,1,1723,516,0,0,26637.58
I000278,2024-02-29,W02,Mumbai,West,P026,P026-02-W02,2022-12-01,2024-06-01,1837,1380,962,4,2251,746,0,0,57580.58
I000279,2024-02-29,W02,Mumbai,West,P027,P027-02-W02,2023-03-01,2024-09-01,592,5,597,0,0,653,12,0,0
I000280,2024-02-29,W02,Mumbai,West,P028,P028-02-W02,2022-12-01,2025-06-01,1166,197,1158,10,195,684,0,0,8689.2
I000281,2024-02-29,W02,Mumbai,West,P029,P029-02-W02,2023-06-01,2026-06-01,1317,422,1060,1,678,915,0,0,43697.1
I000282,2024-02-29,W02,Mumbai,West,P030,P030-02-W02,2023-09-01,2026-09-01,729,644,1373,0,0,907,10,0,0
I000283,2024-02-29,W02,Mumbai,West,P031,P031-02-W02,2022-12-01,2025-12-01,1988,696,1213,5,1466,576,0,0,85717.02
I000284,2024-02-29,W02,Mumbai,West,P032,P032-02-W02,2023-03-01,2025-09-01,2261,810,1190,2,1879,669,0,0,97050.35
I000285,2024-02-29,W02,Mumbai,West,P033,P033-02-W02,2022-12-01,2025-06-01,1375,1252,1701,9,917,825,0,0,64400.91
I000286,2024-02-29,W02,Mumbai,West,P034,P034-02-W02,2022-12-01,2024-06-01,1039,1097,953,0,1183,566,0,0,78255.45
I000287,2024-02-29,W02,Mumbai,West,P035,P035-02-W02,2023-03-01,2025-09-01,1133,55,1095,13,80,815,0,0,7121.6
I000288,2024-02-29,W02,Mumbai,West,P036,P036-02-W02,2022-12-01,2024-06-01,549,452,1001,0,0,692,6,0,0
I000289,2024-02-29,W03,Bengaluru,South,P001,P001-02-W03,2023-03-01,2026-03-01,1142,1448,1263,12,1315,514,0,0,27522.95
I000290,2024-02-29,W03,Bengaluru,South,P002,P002-02-W03,2023-03-01,2026-03-01,1144,651,1599,4,192,766,0,0,4663.68
I000291,2024-02-29,W03,Bengaluru,South,P003,P003-02-W03,2022-12-01,2024-12-01,435,897,1332,0,0,671,6,0,0
I000292,2024-02-29,W03,Bengaluru,South,P004,P004-02-W03,2022-12-01,2024-06-01,2425,71,894,10,1592,938,0,0,56961.76
I000293,2024-02-29,W03,Bengaluru,South,P005,P005-02-W03,2023-06-01,2025-12-01,672,1428,543,3,1554,824,0,0,70738.08
I000294,2024-02-29,W03,Bengaluru,South,P006,P006-02-W03,2023-06-01,2024-12-01,1099,1038,1050,6,1081,979,0,0,62730.43
I000295,2024-02-29,W03,Bengaluru,South,P007,P007-02-W03,2023-03-01,2024-09-01,1131,749,1000,2,878,943,0,0,55226.2
I000296,2024-02-29,W03,Bengaluru,South,P008,P008-02-W03,2022-12-01,2025-06-01,2301,1177,1160,13,2305,700,0,0,147704.4
I000297,2024-02-29,W03,Bengaluru,South,P009,P009-02-W03,2023-09-01,2025-03-01,490,99,589,0,0,852,7,0,0
I000298,2024-02-29,W03,Bengaluru,South,P010,P010-02-W03,2023-03-01,2026-03-01,1953,919,1414,9,1449,502,0,0,107211.51
I000299,2024-02-29,W03,Bengaluru,South,P011,P011-02-W03,2023-03-01,2025-09-01,1615,835,1610,15,825,527,0,0,78061.5
I000300,2024-02-29,W03,Bengaluru,South,P012,P012-02-W03,2023-03-01,2026-03-01,2590,219,677,15,2117,769,0,0,470397.4
I000301,2024-02-29,W03,Bengaluru,South,P013,P013-02-W03,2023-06-01,2024-12-01,2473,360,721,3,2109,838,0,0,57449.16
I000302,2024-02-29,W03,Bengaluru,South,P014,P014-02-W03,2023-06-01,2024-12-01,849,1454,1555,1,747,643,0,0,18928.98
I000303,2024-02-29,W03,Bengaluru,South,P015,P015-02-W03,2023-06-01,2026-06-01,2408,164,1575,4,993,806,0,0,28201.2
I000304,2024-02-29,W03,Bengaluru,South,P016,P016-02-W03,2023-09-01,2026-03-01,1285,1403,1808,9,871,750,0,0,42191.24
I000305,2024-02-29,W03,Bengaluru,South,P017,P017-02-W03,2023-09-01,2026-03-01,1568,72,1336,9,295,637,0,0,14519.9
I000306,2024-02-29,W03,Bengaluru,South,P018,P018-02-W03,2023-03-01,2025-09-01,986,398,950,16,418,532,0,0,28578.66
I000307,2024-02-29,W03,Bengaluru,South,P019,P019-02-W03,2023-09-01,2025-09-01,1697,50,542,16,1189,949,0,0,82540.38
I000308,2024-02-29,W03,Bengaluru,South,P020,P020-02-W03,2023-09-01,2025-03-01,2415,339,1671,7,1076,680,0,0,60557.28
I000309,2024-02-29,W03,Bengaluru,South,P021,P021-02-W03,2023-06-01,2025-06-01,1204,874,1090,3,985,900,0,0,71629.2
I000310,2024-02-29,W03,Bengaluru,South,P022,P022-02-W03,2023-09-01,2025-03-01,2439,827,1069,13,2184,960,0,0,169827.84
I000311,2024-02-29,W03,Bengaluru,South,P023,P023-02-W03,2022-12-01,2025-06-01,2294,1347,777,10,2854,805,0,0,266963.16
I000312,2024-02-29,W03,Bengaluru,South,P024,P024-02-W03,2023-09-01,2025-09-01,807,524,1035,3,293,664,0,0,63452.08
I000313,2024-02-29,W03,Bengaluru,South,P025,P025-02-W03,2023-06-01,2024-12-01,2201,885,1155,1,1930,779,0,0,29837.8
I000314,2024-02-29,W03,Bengaluru,South,P026,P026-02-W03,2023-06-01,2024-12-01,1519,708,1457,1,769,512,0,0,19671.02
I000315,2024-02-29,W03,Bengaluru,South,P027,P027-02-W03,2023-06-01,2024-12-01,525,99,624,0,0,548,4,0,0
I000316,2024-02-29,W03,Bengaluru,South,P028,P028-02-W03,2022-12-01,2025-06-01,1686,1383,1495,15,1559,660,0,0,69469.04
I000317,2024-02-29,W03,Bengaluru,South,P029,P029-02-W03,2023-09-01,2026-09-01,2526,279,796,6,2003,616,0,0,129093.35
I000318,2024-02-29,W03,Bengaluru,South,P030,P030-02-W03,2022-12-01,2025-12-01,1331,790,698,2,1421,978,0,0,88641.98
I000319,2024-02-29,W03,Bengaluru,South,P031,P031-02-W03,2023-09-01,2026-09-01,922,1223,642,9,1494,784,0,0,87354.18
I000320,2024-02-29,W03,Bengaluru,South,P032,P032-02-W03,2023-03-01,2025-09-01,2529,12,1838,13,690,821,0,0,35638.5
I000321,2024-02-29,W03,Bengaluru,South,P033,P033-02-W03,2023-03-01,2025-09-01,1966,136,1534,8,560,501,0,0,39328.8
I000322,2024-02-29,W03,Bengaluru,South,P034,P034-02-W03,2023-06-01,2024-12-01,1542,1036,1909,10,659,969,0,0,43592.85
I000323,2024-02-29,W03,Bengaluru,South,P035,P035-02-W03,2023-06-01,2025-12-01,1075,450,1298,13,214,686,0,0,19050.28
I000324,2024-02-29,W03,Bengaluru,South,P036,P036-02-W03,2023-06-01,2024-12-01,2414,988,882,9,2511,538,0,0,569720.79
I000325,2024-02-29,W04,Kolkata,East,P001,P001-02-W04,2023-09-01,2026-09-01,819,263,705,8,369,634,0,0,7723.17
I000326,2024-02-29,W04,Kolkata,East,P002,P002-02-W04,2023-03-01,2026-03-01,1212,441,1063,9,581,691,0,0,14112.49
I000327,2024-02-29,W04,Kolkata,East,P003,P003-02-W04,2022-12-01,2024-12-01,1576,108,1421,10,253,972,0,0,9806.28
I000328,2024-02-29,W04,Kolkata,East,P004,P004-02-W04,2023-06-01,2024-12-01,1851,1435,816,7,2463,579,0,0,88126.14
I000329,2024-02-29,W04,Kolkata,East,P005,P005-02-W04,2023-03-01,2025-09-01,1961,601,604,10,1948,565,0,0,88672.96
I000330,2024-02-29,W04,Kolkata,East,P006,P006-02-W04,2022-12-01,2024-06-01,1874,878,1178,1,1573,847,0,0,91281.19
I000331,2024-02-29,W04,Kolkata,East,P007,P007-02-W04,2023-09-01,2025-03-01,463,1098,860,7,694,798,0,0,43652.6
I000332,2024-02-29,W04,Kolkata,East,P008,P008-02-W04,2023-03-01,2025-09-01,1491,426,784,12,1121,737,0,0,71833.68
I000333,2024-02-29,W04,Kolkata,East,P009,P009-02-W04,2022-12-01,2024-06-01,1296,369,686,12,967,792,0,0,62535.89
I000334,2024-02-29,W04,Kolkata,East,P010,P010-02-W04,2023-03-01,2026-03-01,1749,273,1402,5,615,869,0,0,45503.85
I000335,2024-02-29,W04,Kolkata,East,P011,P011-02-W04,2023-09-01,2026-03-01,1586,673,1345,2,912,729,0,0,86293.44
I000336,2024-02-29,W04,Kolkata,East,P012,P012-02-W04,2023-03-01,2026-03-01,2257,162,1725,7,687,968,0,0,152651.4
I000337,2024-02-29,W04,Kolkata,East,P013,P013-02-W04,2022-12-01,2024-06-01,1399,489,559,10,1319,596,0,0,35929.56
I000338,2024-02-29,W04,Kolkata,East,P014,P014-02-W04,2023-09-01,2025-03-01,614,1338,970,16,966,887,0,0,24478.44
I000339,2024-02-29,W04,Kolkata,East,P015,P015-02-W04,2022-12-01,2025-12-01,1644,538,714,11,1457,777,0,0,41378.8
I000340,2024-02-29,W04,Kolkata,East,P016,P016-02-W04,2023-09-01,2026-03-01,669,492,1161,0,0,934,8,0,0
I000341,2024-02-29,W04,Kolkata,East,P017,P017-02-W04,2022-12-01,2025-06-01,553,752,1189,1,115,591,0,0,5660.3
I000342,2024-02-29,W04,Kolkata,East,P018,P018-02-W04,2022-12-01,2025-06-01,608,178,786,0,0,891,1,0,0
I000343,2024-02-29,W04,Kolkata,East,P019,P019-02-W04,2023-09-01,2025-09-01,2477,1462,744,3,3192,715,0,0,221588.64
I000344,2024-02-29,W04,Kolkata,East,P020,P020-02-W04,2023-06-01,2024-12-01,701,584,1285,0,0,915,9,0,0
I000345,2024-02-29,W04,Kolkata,East,P021,P021-02-W04,2023-03-01,2025-03-01,2148,280,624,13,1791,841,0,0,130241.52
I000346,2024-02-29,W04,Kolkata,East,P022,P022-02-W04,2022-12-01,2024-06-01,2276,189,1917,12,536,976,0,0,41679.36
I000347,2024-02-29,W04,Kolkata,East,P023,P023-02-W04,2023-03-01,2025-09-01,2241,1015,1050,1,2205,886,0,0,206255.7
I000348,2024-02-29,W04,Kolkata,East,P024,P024-02-W04,2023-03-01,2025-03-01,1934,1152,1331,14,1741,914,0,0,377030.96
I000349,2024-02-29,W04,Kolkata,East,P025,P025-02-W04,2022-12-01,2024-06-01,874,1416,1818,12,460,782,0,0,7111.6
I000350,2024-02-29,W04,Kolkata,East,P026,P026-02-W04,2023-09-01,2025-03-01,1084,1086,1658,16,496,591,0,0,12687.68
I000351,2024-02-29,W04,Kolkata,East,P027,P027-02-W04,2023-03-01,2024-09-01,1981,436,1607,12,798,995,0,0,27443.22
I000352,2024-02-29,W04,Kolkata,East,P028,P028-02-W04,2022-12-01,2025-06-01,2484,1008,1364,3,2125,869,0,0,94690
I000353,2024-02-29,W04,Kolkata,East,P029,P029-02-W04,2023-03-01,2026-03-01,2031,200,1799,10,422,871,0,0,27197.9
I000354,2024-02-29,W04,Kolkata,East,P030,P030-02-W04,2023-06-01,2026-06-01,2092,654,710,5,2031,965,0,0,126693.78
I000355,2024-02-29,W04,Kolkata,East,P031,P031-02-W04,2023-03-01,2026-03-01,2564,984,1112,15,2421,619,0,0,141555.87
I000356,2024-02-29,W04,Kolkata,East,P032,P032-02-W04,2023-09-01,2026-03-01,1843,1182,493,1,2531,948,0,0,130726.15
I000357,2024-02-29,W04,Kolkata,East,P033,P033-02-W04,2023-03-01,2025-09-01,1445,218,1189,11,463,967,0,0,32516.49
I000358,2024-02-29,W04,Kolkata,East,P034,P034-02-W04,2023-09-01,2025-03-01,2501,1441,1692,9,2241,650,0,0,148242.15
I000359,2024-02-29,W04,Kolkata,East,P035,P035-02-W04,2023-06-01,2025-12-01,1975,533,1630,8,870,759,0,0,77447.4
I000360,2024-02-29,W04,Kolkata,East,P036,P036-02-W04,2022-12-01,2024-06-01,1692,507,458,11,1730,575,0,0,392519.7
I000361,2024-02-29,W05,Indore,Central,P001,P001-02-W05,2023-06-01,2026-06-01,2565,784,871,2,2476,886,0,0,51822.68
I000362,2024-02-29,W05,Indore,Central,P002,P002-02-W05,2022-12-01,2025-12-01,819,101,920,0,0,526,2,0,0
I000363,2024-02-29,W05,Indore,Central,P003,P003-02-W05,2023-09-01,2025-09-01,2346,1198,1571,3,1970,502,0,0,76357.2
I000364,2024-02-29,W05,Indore,Central,P004,P004-02-W05,2023-09-01,2025-03-01,1664,79,841,9,893,550,0,0,31951.54
I000365,2024-02-29,W05,Indore,Central,P005,P005-02-W05,2023-09-01,2026-03-01,2190,252,544,9,1889,533,0,0,85987.28
I000366,2024-02-29,W05,Indore,Central,P006,P006-02-W05,2023-06-01,2024-12-01,877,1430,498,7,1802,890,0,0,104570.06
I000367,2024-02-29,W05,Indore,Central,P007,P007-02-W05,2023-09-01,2025-03-01,2425,758,1526,3,1654,739,0,0,104036.6
I000368,2024-02-29,W05,Indore,Central,P008,P008-02-W05,2022-12-01,2025-06-01,1626,251,1877,0,0,850,10,0,0
I000369,2024-02-29,W05,Indore,Central,P009,P009-02-W05,2022-12-01,2024-06-01,1692,626,1290,1,1027,786,0,0,66416.09
I000370,2024-02-29,W05,Indore,Central,P010,P010-02-W05,2022-12-01,2025-12-01,2046,166,595,12,1605,655,0,0,118753.95
I000371,2024-02-29,W05,Indore,Central,P011,P011-02-W05,2023-03-01,2025-09-01,1427,1131,553,4,2001,574,0,0,189334.62
I000372,2024-02-29,W05,Indore,Central,P012,P012-02-W05,2023-03-01,2026-03-01,1553,1278,1328,5,1498,962,0,0,332855.6
I000373,2024-02-29,W05,Indore,Central,P013,P013-02-W05,2023-06-01,2024-12-01,2092,429,1875,10,636,653,0,0,17324.64
I000374,2024-02-29,W05,Indore,Central,P014,P014-02-W05,2022-12-01,2024-06-01,1203,536,478,15,1246,657,0,0,31573.64
I000375,2024-02-29,W05,Indore,Central,P015,P015-02-W05,2023-06-01,2026-06-01,1115,899,624,7,1383,970,0,0,39277.2
I000376,2024-02-29,W05,Indore,Central,P016,P016-02-W05,2023-03-01,2025-09-01,2011,385,1396,5,995,635,0,0,48197.8
I000377,2024-02-29,W05,Indore,Central,P017,P017-02-W05,2022-12-01,2025-06-01,569,502,724,13,334,532,0,0,16439.48
I000378,2024-02-29,W05,Indore,Central,P018,P018-02-W05,2022-12-01,2025-06-01,492,644,1136,0,0,518,6,0,0
I000379,2024-02-29,W05,Indore,Central,P019,P019-02-W05,2023-03-01,2025-03-01,1309,864,1339,12,822,921,0,0,57063.24
I000380,2024-02-29,W05,Indore,Central,P020,P020-02-W05,2023-06-01,2024-12-01,1157,191,1348,0,0,821,12,0,0
I000381,2024-02-29,W05,Indore,Central,P021,P021-02-W05,2023-03-01,2025-03-01,485,286,771,0,0,757,7,0,0
I000382,2024-02-29,W05,Indore,Central,P022,P022-02-W05,2023-09-01,2025-03-01,787,857,1644,0,0,790,8,0,0
I000383,2024-02-29,W05,Indore,Central,P023,P023-02-W05,2023-03-01,2025-09-01,1774,560,1617,2,715,526,0,0,66881.1
I000384,2024-02-29,W05,Indore,Central,P024,P024-02-W05,2023-03-01,2025-03-01,2187,611,1386,3,1409,591,0,0,305133.04
I000385,2024-02-29,W05,Indore,Central,P025,P025-02-W05,2023-09-01,2025-03-01,839,542,1381,0,0,665,4,0,0
I000386,2024-02-29,W05,Indore,Central,P026,P026-02-W05,2023-06-01,2024-12-01,1897,438,949,12,1374,526,0,0,35146.92
I000387,2024-02-29,W05,Indore,Central,P027,P027-02-W05,2023-09-01,2025-03-01,923,268,1191,0,0,930,12,0,0
I000388,2024-02-29,W05,Indore,Central,P028,P028-02-W05,2023-06-01,2025-12-01,693,936,889,5,735,954,0,0,32751.6
I000389,2024-02-29,W05,Indore,Central,P029,P029-02-W05,2022-12-01,2025-12-01,1063,1444,731,6,1770,887,0,0,114076.5
I000390,2024-02-29,W05,Indore,Central,P030,P030-02-W05,2023-09-01,2026-09-01,1833,286,1858,12,249,857,0,0,15532.62
I000391,2024-02-29,W05,Indore,Central,P031,P031-02-W05,2023-09-01,2026-09-01,416,998,1414,0,0,511,6,0,0
I000392,2024-02-29,W05,Indore,Central,P032,P032-02-W05,2023-03-01,2025-09-01,2191,1138,478,9,2842,629,0,0,146789.3
I000393,2024-02-29,W05,Indore,Central,P033,P033-02-W05,2023-09-01,2026-03-01,2080,588,1431,7,1230,574,0,0,86382.9
I000394,2024-02-29,W05,Indore,Central,P034,P034-02-W05,2023-03-01,2024-09-01,848,432,1280,0,0,551,7,0,0
I000395,2024-02-29,W05,Indore,Central,P035,P035-02-W05,2022-12-01,2025-06-01,1464,93,1557,0,0,840,12,0,0
I000396,2024-02-29,W05,Indore,Central,P036,P036-02-W05,2023-03-01,2024-09-01,481,1075,1319,4,233,927,0,0,52865.37
I000397,2024-02-29,W06,Hyderabad,South,P001,P001-02-W06,2023-03-01,2026-03-01,1557,496,1181,13,859,508,0,0,17978.87
I000398,2024-02-29,W06,Hyderabad,South,P002,P002-02-W06,2023-09-01,2026-09-01,793,1276,1920,15,134,571,0,0,3254.86
I000399,2024-02-29,W06,Hyderabad,South,P003,P003-02-W06,2022-12-01,2024-12-01,1706,49,1755,0,0,694,9,0,0
I000400,2024-02-29,W06,Hyderabad,South,P004,P004-02-W06,2023-09-01,2025-03-01,1695,383,1190,5,883,748,0,0,31593.74
I000401,2024-02-29,W06,Hyderabad,South,P005,P005-02-W06,2022-12-01,2025-06-01,1012,962,1651,12,311,774,0,0,14156.72
I000402,2024-02-29,W06,Hyderabad,South,P006,P006-02-W06,2022-12-01,2024-06-01,495,485,720,15,245,980,0,0,14217.35
I000403,2024-02-29,W06,Hyderabad,South,P007,P007-02-W06,2022-12-01,2024-06-01,2493,1442,595,15,3325,565,0,0,209142.5
I000404,2024-02-29,W06,Hyderabad,South,P008,P008-02-W06,2023-03-01,2025-09-01,1867,1037,1664,11,1229,853,0,0,78754.32
I000405,2024-02-29,W06,Hyderabad,South,P009,P009-02-W06,2023-03-01,2024-09-01,1766,482,1573,10,665,851,0,0,43005.55
I000406,2024-02-29,W06,Hyderabad,South,P010,P010-02-W06,2023-03-01,2026-03-01,1662,1340,576,4,2422,879,0,0,179203.78
I000407,2024-02-29,W06,Hyderabad,South,P011,P011-02-W06,2023-03-01,2025-09-01,2317,706,571,8,2444,929,0,0,231251.28
I000408,2024-02-29,W06,Hyderabad,South,P012,P012-02-W06,2023-03-01,2026-03-01,437,697,1134,0,0,930,4,0,0
I000409,2024-02-29,W06,Hyderabad,South,P013,P013-02-W06,2022-12-01,2024-06-01,2477,337,1353,15,1446,945,0,0,39389.04
I000410,2024-02-29,W06,Hyderabad,South,P014,P014-02-W06,2023-09-01,2025-03-01,1403,730,1619,10,504,809,0,0,12771.36
I000411,2024-02-29,W06,Hyderabad,South,P015,P015-02-W06,2022-12-01,2025-12-01,2043,691,747,3,1984,847,0,0,56345.6
I000412,2024-02-29,W06,Hyderabad,South,P016,P016-02-W06,2023-09-01,2026-03-01,1933,444,1596,15,766,808,0,0,37105.04
I000413,2024-02-29,W06,Hyderabad,South,P017,P017-02-W06,2023-09-01,2026-03-01,1817,1269,1243,14,1829,634,0,0,90023.38
I000414,2024-02-29,W06,Hyderabad,South,P018,P018-02-W06,2023-03-01,2025-09-01,1093,233,1326,0,0,753,9,0,0
I000415,2024-02-29,W06,Hyderabad,South,P019,P019-02-W06,2023-09-01,2025-09-01,493,1423,1583,13,320,908,0,0,22214.4
I000416,2024-02-29,W06,Hyderabad,South,P020,P020-02-W06,2023-03-01,2024-09-01,439,788,1227,0,0,550,7,0,0
I000417,2024-02-29,W06,Hyderabad,South,P021,P021-02-W06,2023-09-01,2025-09-01,1199,1328,1474,5,1048,825,0,0,76210.56
I000418,2024-02-29,W06,Hyderabad,South,P022,P022-02-W06,2023-03-01,2024-09-01,2499,312,1494,5,1312,935,0,0,102021.12
I000419,2024-02-29,W06,Hyderabad,South,P023,P023-02-W06,2023-06-01,2025-12-01,1607,967,1593,2,979,833,0,0,91575.66
I000420,2024-02-29,W06,Hyderabad,South,P024,P024-02-W06,2023-03-01,2025-03-01,1230,543,1103,14,656,835,0,0,142063.36
I000421,2024-02-29,W06,Hyderabad,South,P025,P025-02-W06,2023-09-01,2025-03-01,576,1331,1113,9,785,836,0,0,12136.1
I000422,2024-02-29,W06,Hyderabad,South,P026,P026-02-W06,2022-12-01,2024-06-01,1828,1366,741,12,2441,728,0,0,62440.78
I000423,2024-02-29,W06,Hyderabad,South,P027,P027-02-W06,2023-06-01,2024-12-01,2273,532,995,12,1798,550,0,0,61833.22
I000424,2024-02-29,W06,Hyderabad,South,P028,P028-02-W06,2022-12-01,2025-06-01,2585,995,571,3,3006,675,0,0,133947.36
I000425,2024-02-29,W06,Hyderabad,South,P029,P029-02-W06,2023-03-01,2026-03-01,1322,459,1424,14,343,796,0,0,22106.35
I000426,2024-02-29,W06,Hyderabad,South,P030,P030-02-W06,2023-03-01,2026-03-01,445,1134,923,15,641,845,0,0,39985.58
I000427,2024-02-29,W06,Hyderabad,South,P031,P031-02-W06,2022-12-01,2025-12-01,1843,1006,1133,6,1710,908,0,0,99983.7
I000428,2024-02-29,W06,Hyderabad,South,P032,P032-02-W06,2023-09-01,2026-03-01,1537,442,1664,3,312,517,0,0,16114.8
I000429,2024-02-29,W06,Hyderabad,South,P033,P033-02-W06,2022-12-01,2025-06-01,1387,420,1807,0,0,698,11,0,0
I000430,2024-02-29,W06,Hyderabad,South,P034,P034-02-W06,2023-06-01,2024-12-01,1889,273,1841,4,317,650,0,0,20969.55
I000431,2024-02-29,W06,Hyderabad,South,P035,P035-02-W06,2023-09-01,2026-03-01,2503,11,597,11,1906,911,0,0,169672.12
I000432,2024-02-29,W06,Hyderabad,South,P036,P036-02-W06,2022-12-01,2024-06-01,468,1089,887,9,661,807,0,0,149974.29
I000433,2024-03-31,W01,Delhi,North,P001,P001-03-W01,2023-04-01,2026-04-01,1554,754,1364,7,937,774,0,0,19611.41
I000434,2024-03-31,W01,Delhi,North,P002,P002-03-W01,2023-01-01,2026-01-01,1356,46,1402,0,0,912,1,0,0
I000435,2024-03-31,W01,Delhi,North,P003,P003-03-W01,2023-01-01,2025-01-01,1667,743,1124,9,1277,587,0,0,49496.52
I000436,2024-03-31,W01,Delhi,North,P004,P004-03-W01,2023-04-01,2024-10-01,980,212,784,14,394,770,0,0,14097.32
I000437,2024-03-31,W01,Delhi,North,P005,P005-03-W01,2023-01-01,2025-07-01,1460,209,1669,0,0,772,5,0,0
I000438,2024-03-31,W01,Delhi,North,P006,P006-03-W01,2023-10-01,2025-04-01,2012,378,554,16,1820,820,0,0,105614.6
I000439,2024-03-31,W01,Delhi,North,P007,P007-03-W01,2023-07-01,2025-01-01,1118,1067,1598,16,571,945,0,0,35915.9
I000440,2024-03-31,W01,Delhi,North,P008,P008-03-W01,2023-04-01,2025-10-01,767,1120,484,13,1390,799,0,0,89071.2
I000441,2024-03-31,W01,Delhi,North,P009,P009-03-W01,2023-01-01,2024-07-01,1358,1157,1517,11,987,577,0,0,63829.29
I000442,2024-03-31,W01,Delhi,North,P010,P010-03-W01,2023-01-01,2026-01-01,1270,1394,917,14,1733,704,0,0,128224.67
I000443,2024-03-31,W01,Delhi,North,P011,P011-03-W01,2023-10-01,2026-04-01,1804,1327,1445,13,1673,833,0,0,158299.26
I000444,2024-03-31,W01,Delhi,North,P012,P012-03-W01,2023-10-01,2026-10-01,2278,33,1807,15,489,628,0,0,108655.8
I000445,2024-03-31,W01,Delhi,North,P013,P013-03-W01,2023-01-01,2024-07-01,1542,476,1789,9,220,628,0,0,5992.8
I000446,2024-03-31,W01,Delhi,North,P014,P014-03-W01,2023-01-01,2024-07-01,1353,1412,1434,15,1316,729,0,0,33347.44
I000447,2024-03-31,W01,Delhi,North,P015,P015-03-W01,2023-07-01,2026-07-01,2143,1255,1946,8,1444,540,0,0,41009.6
I000448,2024-03-31,W01,Delhi,North,P016,P016-03-W01,2023-07-01,2026-01-01,1458,1227,1790,8,887,737,0,0,42966.28
I000449,2024-03-31,W01,Delhi,North,P017,P017-03-W01,2023-04-01,2025-10-01,466,751,1217,0,0,636,5,0,0
I000450,2024-03-31,W01,Delhi,North,P018,P018-03-W01,2023-04-01,2025-10-01,1351,848,721,8,1470,594,0,0,100503.9
I000451,2024-03-31,W01,Delhi,North,P019,P019-03-W01,2023-07-01,2025-07-01,1281,725,1617,11,378,538,0,0,26240.76
I000452,2024-03-31,W01,Delhi,North,P020,P020-03-W01,2023-10-01,2025-04-01,2482,908,1697,4,1689,983,0,0,95056.92
I000453,2024-03-31,W01,Delhi,North,P021,P021-03-W01,2023-07-01,2025-07-01,2247,1340,1841,15,1731,622,0,0,125878.32
I000454,2024-03-31,W01,Delhi,North,P022,P022-03-W01,2023-07-01,2025-01-01,1556,653,1325,10,874,837,0,0,67962.24
I000455,2024-03-31,W01,Delhi,North,P023,P023-03-W01,2023-10-01,2026-04-01,1893,1279,1238,0,1934,837,0,0,180906.36
I000456,2024-03-31,W01,Delhi,North,P024,P024-03-W01,2023-07-01,2025-07-01,1970,1179,745,3,2401,958,0,0,519960.56
I000457,2024-03-31,W01,Delhi,North,P025,P025-03-W01,2023-07-01,2025-01-01,2238,1472,526,4,3180,692,0,0,49162.8
I000458,2024-03-31,W01,Delhi,North,P026,P026-03-W01,2023-04-01,2024-10-01,1896,373,1295,6,968,737,0,0,24761.44
I000459,2024-03-31,W01,Delhi,North,P027,P027-03-W01,2023-07-01,2025-01-01,777,677,1454,0,0,928,9,0,0
I000460,2024-03-31,W01,Delhi,North,P028,P028-03-W01,2023-07-01,2026-01-01,921,1464,1885,16,484,515,0,0,21567.04
I000461,2024-03-31,W01,Delhi,North,P029,P029-03-W01,2023-07-01,2026-07-01,1526,297,494,2,1327,987,0,0,85525.15
I000462,2024-03-31,W01,Delhi,North,P030,P030-03-W01,2023-04-01,2026-04-01,1011,280,1291,0,0,699,6,0,0
I000463,2024-03-31,W01,Delhi,North,P031,P031-03-W01,2023-01-01,2026-01-01,2111,631,1438,5,1299,871,0,0,75952.53
I000464,2024-03-31,W01,Delhi,North,P032,P032-03-W01,2023-07-01,2026-01-01,1438,16,537,11,906,603,0,0,46794.9
I000465,2024-03-31,W01,Delhi,North,P033,P033-03-W01,2023-01-01,2025-07-01,2088,739,1011,7,1809,510,0,0,127046.07
I000466,2024-03-31,W01,Delhi,North,P034,P034-03-W01,2023-07-01,2025-01-01,830,479,1309,0,0,602,5,0,0
I000467,2024-03-31,W01,Delhi,North,P035,P035-03-W01,2023-04-01,2025-10-01,1316,649,1007,8,950,714,0,0,84569
I000468,2024-03-31,W01,Delhi,North,P036,P036-03-W01,2023-01-01,2024-07-01,1017,121,1138,0,0,512,3,0,0
I000469,2024-03-31,W02,Mumbai,West,P001,P001-03-W02,2023-04-01,2026-04-01,1274,361,1043,4,588,924,0,0,12306.84
I000470,2024-03-31,W02,Mumbai,West,P002,P002-03-W02,2023-01-01,2026-01-01,1987,1281,759,10,2499,781,0,0,60700.71
I000471,2024-03-31,W02,Mumbai,West,P003,P003-03-W02,2023-04-01,2025-04-01,1754,1352,504,4,2598,710,0,0,100698.48
I000472,2024-03-31,W02,Mumbai,West,P004,P004-03-W02,2023-04-01,2024-10-01,825,892,753,3,961,974,0,0,34384.58
I000473,2024-03-31,W02,Mumbai,West,P005,P005-03-W02,2023-07-01,2026-01-01,1382,1392,617,7,2150,789,0,0,97868
I000474,2024-03-31,W02,Mumbai,West,P006,P006-03-W02,2023-07-01,2025-01-01,1137,973,867,6,1237,530,0,0,71783.11
I000475,2024-03-31,W02,Mumbai,West,P007,P007-03-W02,2023-07-01,2025-01-01,1120,223,1343,0,0,693,4,0,0
I000476,2024-03-31,W02,Mumbai,West,P008,P008-03-W02,2023-01-01,2025-07-01,2171,674,1037,4,1804,779,0,0,115600.32
I000477,2024-03-31,W02,Mumbai,West,P009,P009-03-W02,2023-04-01,2024-10-01,1785,908,778,7,1908,767,0,0,123390.36
I000478,2024-03-31,W02,Mumbai,West,P010,P010-03-W02,2023-01-01,2026-01-01,1620,273,1432,2,459,935,0,0,33961.41
I000479,2024-03-31,W02,Mumbai,West,P011,P011-03-W02,2023-04-01,2025-10-01,1381,1487,1097,8,1763,837,0,0,166815.06
I000480,2024-03-31,W02,Mumbai,West,P012,P012-03-W02,2023-07-01,2026-07-01,1413,772,477,10,1698,504,0,0,377295.6
I000481,2024-03-31,W02,Mumbai,West,P013,P013-03-W02,2023-10-01,2025-04-01,2076,535,713,7,1891,844,0,0,51510.84
I000482,2024-03-31,W02,Mumbai,West,P014,P014-03-W02,2023-07-01,2025-01-01,1438,1316,1333,6,1415,667,0,0,35856.1
I000483,2024-03-31,W02,Mumbai,West,P015,P015-03-W02,2023-01-01,2026-01-01,482,452,517,5,412,643,0,0,11700.8
I000484,2024-03-31,W02,Mumbai,West,P016,P016-03-W02,2023-04-01,2025-10-01,1704,148,1133,0,719,612,0,0,34828.36
I000485,2024-03-31,W02,Mumbai,West,P017,P017-03-W02,2023-07-01,2026-01-01,1269,650,1516,10,393,927,0,0,19343.46
I000486,2024-03-31,W02,Mumbai,West,P018,P018-03-W02,2023-07-01,2026-01-01,1686,493,1746,15,418,941,0,0,28578.66
I000487,2024-03-31,W02,Mumbai,West,P019,P019-03-W02,2023-07-01,2025-07-01,1397,1055,648,9,1795,557,0,0,124608.9
I000488,2024-03-31,W02,Mumbai,West,P020,P020-03-W02,2023-10-01,2025-04-01,1779,1303,1388,0,1694,616,0,0,95338.32
I000489,2024-03-31,W02,Mumbai,West,P021,P021-03-W02,2023-04-01,2025-04-01,761,520,822,13,446,902,0,0,32433.12
I000490,2024-03-31,W02,Mumbai,West,P022,P022-03-W02,2023-10-01,2025-04-01,615,200,815,0,0,924,7,0,0
I000491,2024-03-31,W02,Mumbai,West,P023,P023-03-W02,2023-01-01,2025-07-01,2170,1250,1662,15,1743,901,0,0,163040.22
I000492,2024-03-31,W02,Mumbai,West,P024,P024-03-W02,2023-04-01,2025-04-01,928,180,1108,0,0,704,4,0,0
I000493,2024-03-31,W02,Mumbai,West,P025,P025-03-W02,2023-01-01,2024-07-01,1336,885,1172,6,1043,520,0,0,16124.78
I000494,2024-03-31,W02,Mumbai,West,P026,P026-03-W02,2023-07-01,2025-01-01,723,872,1407,16,172,778,0,0,4399.76
I000495,2024-03-31,W02,Mumbai,West,P027,P027-03-W02,2023-01-01,2024-07-01,1517,1059,851,5,1720,634,0,0,59150.8
I000496,2024-03-31,W02,Mumbai,West,P028,P028-03-W02,2023-07-01,2026-01-01,2375,1133,1760,1,1747,946,0,0,77846.32
I000497,2024-03-31,W02,Mumbai,West,P029,P029-03-W02,2023-01-01,2026-01-01,1203,1012,1773,5,437,566,0,0,28164.65
I000498,2024-03-31,W02,Mumbai,West,P030,P030-03-W02,2023-07-01,2026-07-01,492,1449,1495,14,432,527,0,0,26948.16
I000499,2024-03-31,W02,Mumbai,West,P031,P031-03-W02,2023-04-01,2026-04-01,1021,525,1361,11,174,851,0,0,10173.78
I000500,2024-03-31,W02,Mumbai,West,P032,P032-03-W02,2023-04-01,2025-10-01,1583,1044,905,1,1721,516,0,0,88889.65
I000501,2024-03-31,W02,Mumbai,West,P033,P033-03-W02,2023-01-01,2025-07-01,424,395,819,0,0,856,2,0,0
I000502,2024-03-31,W02,Mumbai,West,P034,P034-03-W02,2023-04-01,2024-10-01,1675,784,1403,11,1045,953,0,0,69126.75
I000503,2024-03-31,W02,Mumbai,West,P035,P035-03-W02,2023-10-01,2026-04-01,750,862,981,1,630,705,0,0,56082.6
I000504,2024-03-31,W02,Mumbai,West,P036,P036-03-W02,2023-04-01,2024-10-01,1622,994,562,7,2047,731,0,0,464443.83
I000505,2024-03-31,W03,Bengaluru,South,P001,P001-03-W03,2023-07-01,2026-07-01,886,516,874,12,516,997,0,0,10799.88
I000506,2024-03-31,W03,Bengaluru,South,P002,P002-03-W03,2023-07-01,2026-07-01,751,1132,1277,14,592,963,0,0,14379.68
I000507,2024-03-31,W03,Bengaluru,South,P003,P003-03-W03,2023-07-01,2025-07-01,1973,546,1214,12,1293,515,0,0,50116.68
I000508,2024-03-31,W03,Bengaluru,South,P004,P004-03-W03,2023-04-01,2024-10-01,2214,528,738,15,1989,610,0,0,71166.42
I000509,2024-03-31,W03,Bengaluru,South,P005,P005-03-W03,2023-10-01,2026-04-01,476,717,1193,0,0,773,5,0,0
I000510,2024-03-31,W03,Bengaluru,South,P006,P006-03-W03,2023-07-01,2025-01-01,1102,905,951,0,1056,701,0,0,61279.68
I000511,2024-03-31,W03,Bengaluru,South,P007,P007-03-W03,2023-04-01,2024-10-01,2303,748,1679,11,1361,935,0,0,85606.9
I000512,2024-03-31,W03,Bengaluru,South,P008,P008-03-W03,2023-04-01,2025-10-01,1015,667,760,10,912,838,0,0,58440.96
I000513,2024-03-31,W03,Bengaluru,South,P009,P009-03-W03,2023-04-01,2024-10-01,797,1032,823,8,998,858,0,0,64540.66
I000514,2024-03-31,W03,Bengaluru,South,P010,P010-03-W03,2023-01-01,2026-01-01,1803,45,1282,9,557,554,0,0,41212.43
I000515,2024-03-31,W03,Bengaluru,South,P011,P011-03-W03,2023-04-01,2025-10-01,1103,530,1135,1,497,816,0,0,47026.14
I000516,2024-03-31,W03,Bengaluru,South,P012,P012-03-W03,2023-01-01,2026-01-01,1180,287,1414,9,44,582,0,0,9776.8
I000517,2024-03-31,W03,Bengaluru,South,P013,P013-03-W03,2023-10-01,2025-04-01,1771,665,1168,10,1258,759,0,0,34267.92
I000518,2024-03-31,W03,Bengaluru,South,P014,P014-03-W03,2023-01-01,2024-07-01,2376,1332,1337,1,2370,914,0,0,60055.8
I000519,2024-03-31,W03,Bengaluru,South,P015,P015-03-W03,2023-04-01,2026-04-01,1609,1089,889,16,1793,901,0,0,50921.2
I000520,2024-03-31,W03,Bengaluru,South,P016,P016-03-W03,2023-01-01,2025-07-01,478,452,930,0,0,718,3,0,0
I000521,2024-03-31,W03,Bengaluru,South,P017,P017-03-W03,2023-07-01,2026-01-01,818,1492,1116,3,1191,730,0,0,58621.02
I000522,2024-03-31,W03,Bengaluru,South,P018,P018-03-W03,2023-04-01,2025-10-01,1260,792,493,7,1552,703,0,0,106110.24
I000523,2024-03-31,W03,Bengaluru,South,P019,P019-03-W03,2023-01-01,2025-01-01,679,401,908,9,163,682,0,0,11315.46
I000524,2024-03-31,W03,Bengaluru,South,P020,P020-03-W03,2023-01-01,2024-07-01,737,97,519,14,301,899,0,0,16940.28
I000525,2024-03-31,W03,Bengaluru,South,P021,P021-03-W03,2023-01-01,2025-01-01,953,1235,926,4,1258,626,0,0,91481.76
I000526,2024-03-31,W03,Bengaluru,South,P022,P022-03-W03,2023-01-01,2024-07-01,544,728,599,2,671,628,0,0,52176.96
I000527,2024-03-31,W03,Bengaluru,South,P023,P023-03-W03,2023-04-01,2025-10-01,1420,1111,928,4,1599,521,0,0,149570.46
I000528,2024-03-31,W03,Bengaluru,South,P024,P024-03-W03,2023-01-01,2025-01-01,1380,1259,627,12,2000,533,0,0,433120
I000529,2024-03-31,W03,Bengaluru,South,P025,P025-03-W03,2023-10-01,2025-04-01,658,1281,707,15,1217,601,0,0,18814.82
I000530,2024-03-31,W03,Bengaluru,South,P026,P026-03-W03,2023-07-01,2025-01-01,1980,280,852,10,1398,772,0,0,35760.84
I000531,2024-03-31,W03,Bengaluru,South,P027,P027-03-W03,2023-01-01,2024-07-01,2387,963,1214,2,2134,570,0,0,73388.26
I000532,2024-03-31,W03,Bengaluru,South,P028,P028-03-W03,2023-04-01,2025-10-01,2201,1484,565,2,3118,859,0,0,138938.08
I000533,2024-03-31,W03,Bengaluru,South,P029,P029-03-W03,2023-07-01,2026-07-01,1952,395,494,5,1848,757,0,0,119103.6
I000534,2024-03-31,W03,Bengaluru,South,P030,P030-03-W03,2023-01-01,2026-01-01,872,136,1008,0,0,969,1,0,0
I000535,2024-03-31,W03,Bengaluru,South,P031,P031-03-W03,2023-07-01,2026-07-01,1889,466,1462,13,880,752,0,0,51453.6
I000536,2024-03-31,W03,Bengaluru,South,P032,P032-03-W03,2023-01-01,2025-07-01,2225,606,1314,15,1502,608,0,0,77578.3
I000537,2024-03-31,W03,Bengaluru,South,P033,P033-03-W03,2023-10-01,2026-04-01,422,597,655,16,348,988,0,0,24440.04
I000538,2024-03-31,W03,Bengaluru,South,P034,P034-03-W03,2023-07-01,2025-01-01,582,1049,1596,0,35,531,0,0,2315.25
I000539,2024-03-31,W03,Bengaluru,South,P035,P035-03-W03,2023-04-01,2025-10-01,1720,944,1242,7,1415,984,0,0,125963.3
I000540,2024-03-31,W03,Bengaluru,South,P036,P036-03-W03,2023-04-01,2024-10-01,1031,918,1129,8,812,518,0,0,184234.68
I000541,2024-03-31,W04,Kolkata,East,P001,P001-03-W04,2023-01-01,2026-01-01,1243,675,1079,7,832,886,0,0,17413.76
I000542,2024-03-31,W04,Kolkata,East,P002,P002-03-W04,2023-10-01,2026-10-01,2013,112,936,5,1184,844,0,0,28759.36
I000543,2024-03-31,W04,Kolkata,East,P003,P003-03-W04,2023-01-01,2025-01-01,1604,279,1728,2,153,599,0,0,5930.28
I000544,2024-03-31,W04,Kolkata,East,P004,P004-03-W04,2023-04-01,2024-10-01,1907,712,1356,0,1263,637,0,0,45190.14
I000545,2024-03-31,W04,Kolkata,East,P005,P005-03-W04,2023-07-01,2026-01-01,1769,36,738,3,1064,620,0,0,48433.28
I000546,2024-03-31,W04,Kolkata,East,P006,P006-03-W04,2023-07-01,2025-01-01,649,1110,595,8,1156,525,0,0,67082.68
I000547,2024-03-31,W04,Kolkata,East,P007,P007-03-W04,2023-10-01,2025-04-01,1355,1006,1032,1,1328,620,0,0,83531.2
I000548,2024-03-31,W04,Kolkata,East,P008,P008-03-W04,2023-04-01,2025-10-01,609,858,1370,3,94,865,0,0,6023.52
I000549,2024-03-31,W04,Kolkata,East,P009,P009-03-W04,2023-01-01,2024-07-01,1697,652,708,4,1637,991,0,0,105864.79
I000550,2024-03-31,W04,Kolkata,East,P010,P010-03-W04,2023-10-01,2026-10-01,790,1025,1815,0,0,594,6,0,0
I000551,2024-03-31,W04,Kolkata,East,P011,P011-03-W04,2023-10-01,2026-04-01,1961,14,1543,6,426,723,0,0,40308.12
I000552,2024-03-31,W04,Kolkata,East,P012,P012-03-W04,2023-04-01,2026-04-01,724,1367,1292,11,788,723,0,0,175093.6
I000553,2024-03-31,W04,Kolkata,East,P013,P013-03-W04,2023-04-01,2024-10-01,610,1247,1410,10,437,790,0,0,11903.88
I000554,2024-03-31,W04,Kolkata,East,P014,P014-03-W04,2023-07-01,2025-01-01,899,1283,1164,1,1017,971,0,0,25770.78
I000555,2024-03-31,W04,Kolkata,East,P015,P015-03-W04,2023-10-01,2026-10-01,1815,1288,1391,3,1709,904,0,0,48535.6
I000556,2024-03-31,W04,Kolkata,East,P016,P016-03-W04,2023-01-01,2025-07-01,1013,1484,781,2,1714,805,0,0,83026.16
I000557,2024-03-31,W04,Kolkata,East,P017,P017-03-W04,2023-01-01,2025-07-01,2498,88,1514,11,1061,776,0,0,52222.42
I000558,2024-03-31,W04,Kolkata,East,P018,P018-03-W04,2023-04-01,2025-10-01,1732,441,1934,6,233,921,0,0,15930.21
I000559,2024-03-31,W04,Kolkata,East,P019,P019-03-W04,2023-07-01,2025-07-01,663,52,715,0,0,547,5,0,0
I000560,2024-03-31,W04,Kolkata,East,P020,P020-03-W04,2023-04-01,2024-10-01,1864,656,1499,11,1010,934,0,0,56842.8
I000561,2024-03-31,W04,Kolkata,East,P021,P021-03-W04,2023-01-01,2025-01-01,1248,525,1381,3,389,507,0,0,28288.08
I000562,2024-03-31,W04,Kolkata,East,P022,P022-03-W04,2023-07-01,2025-01-01,2373,315,518,8,2162,700,0,0,168117.12
I000563,2024-03-31,W04,Kolkata,East,P023,P023-03-W04,2023-01-01,2025-07-01,2274,1429,618,7,3078,625,0,0,287916.12
I000564,2024-03-31,W04,Kolkata,East,P024,P024-03-W04,2023-10-01,2025-10-01,1333,1407,799,1,1940,560,0,0,420126.4
I000565,2024-03-31,W04,Kolkata,East,P025,P025-03-W04,2023-10-01,2025-04-01,2097,151,1543,5,700,924,0,0,10822
I000566,2024-03-31,W04,Kolkata,East,P026,P026-03-W04,2023-10-01,2025-04-01,430,1403,585,7,1241,803,0,0,31744.78
I000567,2024-03-31,W04,Kolkata,East,P027,P027-03-W04,2023-04-01,2024-10-01,1851,560,530,16,1865,641,0,0,64137.35
I000568,2024-03-31,W04,Kolkata,East,P028,P028-03-W04,2023-10-01,2026-04-01,2177,115,1289,13,990,948,0,0,44114.4
I000569,2024-03-31,W04,Kolkata,East,P029,P029-03-W04,2023-04-01,2026-04-01,2498,1067,927,8,2630,544,0,0,169503.5
I000570,2024-03-31,W04,Kolkata,East,P030,P030-03-W04,2023-10-01,2026-10-01,1284,896,818,7,1355,839,0,0,84524.9
I000571,2024-03-31,W04,Kolkata,East,P031,P031-03-W04,2023-01-01,2026-01-01,881,935,1816,0,0,947,12,0,0
I000572,2024-03-31,W04,Kolkata,East,P032,P032-03-W04,2023-07-01,2026-01-01,2154,306,1270,9,1181,834,0,0,60998.65
I000573,2024-03-31,W04,Kolkata,East,P033,P033-03-W04,2023-01-01,2025-07-01,409,1235,1644,0,0,773,12,0,0
I000574,2024-03-31,W04,Kolkata,East,P034,P034-03-W04,2023-01-01,2024-07-01,454,625,952,9,118,825,0,0,7805.7
I000575,2024-03-31,W04,Kolkata,East,P035,P035-03-W04,2023-07-01,2026-01-01,674,1050,1089,6,629,871,0,0,55993.58
I000576,2024-03-31,W04,Kolkata,East,P036,P036-03-W04,2023-10-01,2025-04-01,1482,875,1271,5,1081,794,0,0,245268.09
I000577,2024-03-31,W05,Indore,Central,P001,P001-03-W05,2023-10-01,2026-10-01,442,825,572,3,692,780,0,0,14483.56
I000578,2024-03-31,W05,Indore,Central,P002,P002-03-W05,2023-07-01,2026-07-01,1260,370,1195,16,419,968,0,0,10177.51
I000579,2024-03-31,W05,Indore,Central,P003,P003-03-W05,2023-10-01,2025-10-01,460,946,469,5,932,561,0,0,36124.32
I000580,2024-03-31,W05,Indore,Central,P004,P004-03-W05,2023-04-01,2024-10-01,919,478,1397,0,0,714,4,0,0
I000581,2024-03-31,W05,Indore,Central,P005,P005-03-W05,2023-01-01,2025-07-01,2273,169,1739,14,689,879,0,0,31363.28
I000582,2024-03-31,W05,Indore,Central,P006,P006-03-W05,2023-10-01,2025-04-01,1868,366,1714,16,504,803,0,0,29247.12
I000583,2024-03-31,W05,Indore,Central,P007,P007-03-W05,2023-01-01,2024-07-01,2590,1491,1385,0,2696,921,0,0,169578.4
I000584,2024-03-31,W05,Indore,Central,P008,P008-03-W05,2023-01-01,2025-07-01,1334,269,942,8,653,993,0,0,41844.24
I000585,2024-03-31,W05,Indore,Central,P009,P009-03-W05,2023-01-01,2024-07-01,2460,641,1235,4,1862,991,0,0,120415.54
I000586,2024-03-31,W05,Indore,Central,P010,P010-03-W05,2023-07-01,2026-07-01,1457,1254,1495,5,1211,692,0,0,89601.89
I000587,2024-03-31,W05,Indore,Central,P011,P011-03-W05,2023-01-01,2025-07-01,514,1336,1385,7,458,762,0,0,43335.96
I000588,2024-03-31,W05,Indore,Central,P012,P012-03-W05,2023-04-01,2026-04-01,1506,395,837,5,1059,563,0,0,235309.8
I000589,2024-03-31,W05,Indore,Central,P013,P013-03-W05,2023-10-01,2025-04-01,1107,760,1867,0,0,511,2,0,0
I000590,2024-03-31,W05,Indore,Central,P014,P014-03-W05,2023-01-01,2024-07-01,2160,701,560,12,2289,535,0,0,58003.26
I000591,2024-03-31,W05,Indore,Central,P015,P015-03-W05,2023-10-01,2026-10-01,2470,183,495,2,2156,503,0,0,61230.4
I000592,2024-03-31,W05,Indore,Central,P016,P016-03-W05,2023-01-01,2025-07-01,964,31,689,16,290,511,0,0,14047.6
I000593,2024-03-31,W05,Indore,Central,P017,P017-03-W05,2023-07-01,2026-01-01,463,111,574,0,0,995,2,0,0
I000594,2024-03-31,W05,Indore,Central,P018,P018-03-W05,2023-10-01,2026-04-01,969,119,510,2,576,919,0,0,39381.12
I000595,2024-03-31,W05,Indore,Central,P019,P019-03-W05,2023-10-01,2025-10-01,1791,285,1799,5,272,834,0,0,18882.24
I000596,2024-03-31,W05,Indore,Central,P020,P020-03-W05,2023-01-01,2024-07-01,1750,389,931,11,1197,538,0,0,67367.16
I000597,2024-03-31,W05,Indore,Central,P021,P021-03-W05,2023-10-01,2025-10-01,1864,924,1322,10,1456,524,0,0,105880.32
I000598,2024-03-31,W05,Indore,Central,P022,P022-03-W05,2023-10-01,2025-04-01,591,1327,1886,6,26,666,0,0,2021.76
I000599,2024-03-31,W05,Indore,Central,P023,P023-03-W05,2023-10-01,2026-04-01,2583,1034,903,1,2713,874,0,0,253774.02
I000600,2024-03-31,W05,Indore,Central,P024,P024-03-W05,2023-07-01,2025-07-01,2568,989,1490,6,2061,826,0,0,446330.16
I000601,2024-03-31,W05,Indore,Central,P025,P025-03-W05,2023-04-01,2024-10-01,1249,605,556,0,1298,788,0,0,20067.08
I000602,2024-03-31,W05,Indore,Central,P026,P026-03-W05,2023-10-01,2025-04-01,1302,1165,528,4,1935,865,0,0,49497.3
I000603,2024-03-31,W05,Indore,Central,P027,P027-03-W05,2023-04-01,2024-10-01,1036,1149,907,4,1274,622,0,0,43812.86
I000604,2024-03-31,W05,Indore,Central,P028,P028-03-W05,2023-04-01,2025-10-01,885,973,1732,5,121,964,0,0,5391.76
I000605,2024-03-31,W05,Indore,Central,P029,P029-03-W05,2023-10-01,2026-10-01,603,520,1123,0,0,816,7,0,0
I000606,2024-03-31,W05,Indore,Central,P030,P030-03-W05,2023-10-01,2026-10-01,828,709,1460,9,68,954,0,0,4241.84
I000607,2024-03-31,W05,Indore,Central,P031,P031-03-W05,2023-04-01,2026-04-01,669,1126,1370,15,410,616,0,0,23972.7
I000608,2024-03-31,W05,Indore,Central,P032,P032-03-W05,2023-07-01,2026-01-01,1998,606,605,9,1990,540,0,0,102783.5
I000609,2024-03-31,W05,Indore,Central,P033,P033-03-W05,2023-07-01,2026-01-01,1052,1033,1218,13,854,933,0,0,59976.42
I000610,2024-03-31,W05,Indore,Central,P034,P034-03-W05,2023-01-01,2024-07-01,2026,69,611,8,1476,953,0,0,97637.4
I000611,2024-03-31,W05,Indore,Central,P035,P035-03-W05,2023-10-01,2026-04-01,411,644,1055,0,0,832,3,0,0
I000612,2024-03-31,W05,Indore,Central,P036,P036-03-W05,2023-10-01,2025-04-01,2096,352,1303,9,1136,517,0,0,257747.04
I000613,2024-03-31,W06,Hyderabad,South,P001,P001-03-W06,2023-04-01,2026-04-01,740,178,879,5,34,709,0,0,711.62
I000614,2024-03-31,W06,Hyderabad,South,P002,P002-03-W06,2023-07-01,2026-07-01,1855,829,1531,8,1145,730,0,0,27812.05
I000615,2024-03-31,W06,Hyderabad,South,P003,P003-03-W06,2023-01-01,2025-01-01,2561,1443,1247,12,2745,816,0,0,106396.2
I000616,2024-03-31,W06,Hyderabad,South,P004,P004-03-W06,2023-01-01,2024-07-01,1530,194,1724,0,0,646,3,0,0
I000617,2024-03-31,W06,Hyderabad,South,P005,P005-03-W06,2023-01-01,2025-07-01,1377,338,993,3,719,693,0,0,32728.88
I000618,2024-03-31,W06,Hyderabad,South,P006,P006-03-W06,2023-04-01,2024-10-01,1947,1218,890,1,2274,507,0,0,131960.22
I000619,2024-03-31,W06,Hyderabad,South,P007,P007-03-W06,2023-01-01,2024-07-01,2083,359,1603,14,825,947,0,0,51892.5
I000620,2024-03-31,W06,Hyderabad,South,P008,P008-03-W06,2023-04-01,2025-10-01,2519,756,1616,7,1652,561,0,0,105860.16
I000621,2024-03-31,W06,Hyderabad,South,P009,P009-03-W06,2023-07-01,2025-01-01,2504,227,852,11,1868,710,0,0,120803.56
I000622,2024-03-31,W06,Hyderabad,South,P010,P010-03-W06,2023-04-01,2026-04-01,647,1184,530,12,1289,1000,0,0,95373.11
I000623,2024-03-31,W06,Hyderabad,South,P011,P011-03-W06,2023-01-01,2025-07-01,1936,559,974,13,1508,591,0,0,142686.96
I000624,2024-03-31,W06,Hyderabad,South,P012,P012-03-W06,2023-07-01,2026-07-01,1794,504,1918,2,378,566,0,0,83991.6
I000625,2024-03-31,W06,Hyderabad,South,P013,P013-03-W06,2023-04-01,2024-10-01,1263,210,460,13,1000,694,0,0,27240
I000626,2024-03-31,W06,Hyderabad,South,P014,P014-03-W06,2023-01-01,2024-07-01,1354,499,1167,1,685,916,0,0,17357.9
I000627,2024-03-31,W06,Hyderabad,South,P015,P015-03-W06,2023-07-01,2026-07-01,1040,1101,1119,12,1010,863,0,0,28684
I000628,2024-03-31,W06,Hyderabad,South,P016,P016-03-W06,2023-04-01,2025-10-01,2121,1498,1679,12,1928,849,0,0,93392.32
I000629,2024-03-31,W06,Hyderabad,South,P017,P017-03-W06,2023-04-01,2025-10-01,2008,785,639,1,2153,735,0,0,105970.66
I000630,2024-03-31,W06,Hyderabad,South,P018,P018-03-W06,2023-07-01,2026-01-01,1992,1052,863,12,2169,971,0,0,148294.53
I000631,2024-03-31,W06,Hyderabad,South,P019,P019-03-W06,2023-04-01,2025-04-01,2081,1066,904,2,2241,633,0,0,155570.22
I000632,2024-03-31,W06,Hyderabad,South,P020,P020-03-W06,2023-07-01,2025-01-01,2332,994,1892,1,1433,628,0,0,80649.24
I000633,2024-03-31,W06,Hyderabad,South,P021,P021-03-W06,2023-04-01,2025-04-01,2013,1307,1181,16,2123,926,0,0,154384.56
I000634,2024-03-31,W06,Hyderabad,South,P022,P022-03-W06,2023-04-01,2024-10-01,2176,731,1808,8,1091,558,0,0,84836.16
I000635,2024-03-31,W06,Hyderabad,South,P023,P023-03-W06,2023-10-01,2026-04-01,1715,991,1217,6,1483,662,0,0,138719.82
I000636,2024-03-31,W06,Hyderabad,South,P024,P024-03-W06,2023-01-01,2025-01-01,1204,12,1216,0,0,867,1,0,0
I000637,2024-03-31,W06,Hyderabad,South,P025,P025-03-W06,2023-04-01,2024-10-01,1031,148,1179,0,0,827,3,0,0
I000638,2024-03-31,W06,Hyderabad,South,P026,P026-03-W06,2023-04-01,2024-10-01,2300,863,498,3,2662,832,0,0,68093.96
I000639,2024-03-31,W06,Hyderabad,South,P027,P027-03-W06,2023-01-01,2024-07-01,684,237,921,0,0,935,13,0,0
I000640,2024-03-31,W06,Hyderabad,South,P028,P028-03-W06,2023-10-01,2026-04-01,1274,535,768,13,1028,507,0,0,45807.68
I000641,2024-03-31,W06,Hyderabad,South,P029,P029-03-W06,2023-04-01,2026-04-01,1814,770,1915,2,667,746,0,0,42988.15
I000642,2024-03-31,W06,Hyderabad,South,P030,P030-03-W06,2023-01-01,2026-01-01,2454,1244,1485,15,2198,646,0,0,137111.24
I000643,2024-03-31,W06,Hyderabad,South,P031,P031-03-W06,2023-01-01,2026-01-01,2337,629,1419,8,1539,559,0,0,89985.33
I000644,2024-03-31,W06,Hyderabad,South,P032,P032-03-W06,2023-07-01,2026-01-01,2431,756,728,1,2458,678,0,0,126955.7
I000645,2024-03-31,W06,Hyderabad,South,P033,P033-03-W06,2023-04-01,2025-10-01,1997,757,1322,0,1432,823,0,0,100569.36
I000646,2024-03-31,W06,Hyderabad,South,P034,P034-03-W06,2023-07-01,2025-01-01,1403,1151,1185,10,1359,711,0,0,89897.85
I000647,2024-03-31,W06,Hyderabad,South,P035,P035-03-W06,2023-07-01,2026-01-01,2054,763,1178,1,1638,648,0,0,145814.76
I000648,2024-03-31,W06,Hyderabad,South,P036,P036-03-W06,2023-10-01,2025-04-01,747,964,1030,3,678,955,0,0,153831.42
I000649,2024-04-30,W01,Delhi,North,P001,P001-04-W01,2023-11-01,2026-11-01,2554,1378,1946,3,1983,634,0,0,41504.19
I000650,2024-04-30,W01,Delhi,North,P002,P002-04-W01,2023-11-01,2026-11-01,1957,1389,1459,5,1882,691,0,0,45713.78
I000651,2024-04-30,W01,Delhi,North,P003,P003-04-W01,2023-11-01,2025-11-01,1963,1472,1604,10,1821,741,0,0,70581.96
I000652,2024-04-30,W01,Delhi,North,P004,P004-04-W01,2023-08-01,2025-02-01,1608,476,1493,12,579,555,0,0,20716.62
I000653,2024-04-30,W01,Delhi,North,P005,P005-04-W01,2023-05-01,2025-11-01,1404,570,1792,15,167,629,0,0,7601.84
I000654,2024-04-30,W01,Delhi,North,P006,P006-04-W01,2023-05-01,2024-11-01,2379,1474,1776,15,2062,580,0,0,119657.86
I000655,2024-04-30,W01,Delhi,North,P007,P007-04-W01,2023-02-01,2024-08-01,802,976,889,15,874,948,0,0,54974.6
I000656,2024-04-30,W01,Delhi,North,P008,P008-04-W01,2023-02-01,2025-08-01,1333,303,475,13,1148,543,0,0,73563.84
I000657,2024-04-30,W01,Delhi,North,P009,P009-04-W01,2023-02-01,2024-08-01,1225,927,1814,14,324,694,0,0,20953.08
I000658,2024-04-30,W01,Delhi,North,P010,P010-04-W01,2023-08-01,2026-08-01,795,64,744,15,100,802,0,0,7399
I000659,2024-04-30,W01,Delhi,North,P011,P011-04-W01,2023-02-01,2025-08-01,1806,600,1721,14,671,878,0,0,63490.02
I000660,2024-04-30,W01,Delhi,North,P012,P012-04-W01,2023-11-01,2026-11-01,1911,321,1623,15,594,916,0,0,131986.8
I000661,2024-04-30,W01,Delhi,North,P013,P013-04-W01,2023-08-01,2025-02-01,2237,1181,1622,11,1785,875,0,0,48623.4
I000662,2024-04-30,W01,Delhi,North,P014,P014-04-W01,2023-02-01,2024-08-01,936,806,1586,13,143,502,0,0,3623.62
I000663,2024-04-30,W01,Delhi,North,P015,P015-04-W01,2023-05-01,2026-05-01,2536,47,849,16,1718,936,0,0,48791.2
I000664,2024-04-30,W01,Delhi,North,P016,P016-04-W01,2023-08-01,2026-02-01,2237,1042,836,16,2427,846,0,0,117563.88
I000665,2024-04-30,W01,Delhi,North,P017,P017-04-W01,2023-02-01,2025-08-01,1161,521,1658,0,24,1000,0,0,1181.28
I000666,2024-04-30,W01,Delhi,North,P018,P018-04-W01,2023-02-01,2025-08-01,959,276,844,1,390,992,0,0,26664.3
I000667,2024-04-30,W01,Delhi,North,P019,P019-04-W01,2023-02-01,2025-02-01,1881,1016,1618,5,1274,521,0,0,88441.08
I000668,2024-04-30,W01,Delhi,North,P020,P020-04-W01,2023-05-01,2024-11-01,1028,972,1451,12,537,574,0,0,30222.36
I000669,2024-04-30,W01,Delhi,North,P021,P021-04-W01,2023-08-01,2025-08-01,772,758,1344,5,181,708,0,0,13162.32
I000670,2024-04-30,W01,Delhi,North,P022,P022-04-W01,2023-02-01,2024-08-01,559,6,565,0,0,848,11,0,0
I000671,2024-04-30,W01,Delhi,North,P023,P023-04-W01,2023-11-01,2026-05-01,2109,1026,1871,4,1260,950,0,0,117860.4
I000672,2024-04-30,W01,Delhi,North,P024,P024-04-W01,2023-08-01,2025-08-01,490,195,468,15,202,831,0,0,43745.12
I000673,2024-04-30,W01,Delhi,North,P025,P025-04-W01,2023-02-01,2024-08-01,886,246,1132,0,0,957,6,0,0
I000674,2024-04-30,W01,Delhi,North,P026,P026-04-W01,2023-05-01,2024-11-01,618,687,968,11,326,998,0,0,8339.08
I000675,2024-04-30,W01,Delhi,North,P027,P027-04-W01,2023-11-01,2025-05-01,1131,1374,1680,12,813,748,0,0,27959.07
I000676,2024-04-30,W01,Delhi,North,P028,P028-04-W01,2023-02-01,2025-08-01,1291,733,1133,4,887,651,0,0,39524.72
I000677,2024-04-30,W01,Delhi,North,P029,P029-04-W01,2023-08-01,2026-08-01,1065,292,511,5,841,827,0,0,54202.45
I000678,2024-04-30,W01,Delhi,North,P030,P030-04-W01,2023-08-01,2026-08-01,669,610,1279,0,0,838,6,0,0
I000679,2024-04-30,W01,Delhi,North,P031,P031-04-W01,2023-08-01,2026-08-01,2394,4,1826,16,556,553,0,0,32509.32
I000680,2024-04-30,W01,Delhi,North,P032,P032-04-W01,2023-08-01,2026-02-01,2461,777,550,6,2682,958,0,0,138525.3
I000681,2024-04-30,W01,Delhi,North,P033,P033-04-W01,2023-11-01,2026-05-01,1013,1274,743,2,1542,762,0,0,108294.66
I000682,2024-04-30,W01,Delhi,North,P034,P034-04-W01,2023-05-01,2024-11-01,1380,1115,977,14,1504,994,0,0,99489.6
I000683,2024-04-30,W01,Delhi,North,P035,P035-04-W01,2023-02-01,2025-08-01,903,1330,683,2,1548,571,0,0,137802.96
I000684,2024-04-30,W01,Delhi,North,P036,P036-04-W01,2023-02-01,2024-08-01,565,563,1128,0,0,756,10,0,0
I000685,2024-04-30,W02,Mumbai,West,P001,P001-04-W02,2023-11-01,2026-11-01,2237,1009,1020,10,2216,937,0,0,46380.88
I000686,2024-04-30,W02,Mumbai,West,P002,P002-04-W02,2023-02-01,2026-02-01,665,338,1003,0,0,682,10,0,0
I000687,2024-04-30,W02,Mumbai,West,P003,P003-04-W02,2023-11-01,2025-11-01,2405,1014,1033,13,2373,992,0,0,91977.48
I000688,2024-04-30,W02,Mumbai,West,P004,P004-04-W02,2023-05-01,2024-11-01,1051,742,1736,12,45,708,0,0,1610.1
I000689,2024-04-30,W02,Mumbai,West,P005,P005-04-W02,2023-02-01,2025-08-01,2157,402,1590,12,957,569,0,0,43562.64
I000690,2024-04-30,W02,Mumbai,West,P006,P006-04-W02,2023-08-01,2025-02-01,1698,1123,1593,6,1222,978,0,0,70912.66
I000691,2024-04-30,W02,Mumbai,West,P007,P007-04-W02,2023-11-01,2025-05-01,2219,1470,1008,7,2674,542,0,0,168194.6
I000692,2024-04-30,W02,Mumbai,West,P008,P008-04-W02,2023-08-01,2026-02-01,1799,957,1132,14,1610,536,0,0,103168.8
I000693,2024-04-30,W02,Mumbai,West,P009,P009-04-W02,2023-11-01,2025-05-01,2052,302,1497,8,849,835,0,0,54904.83
I000694,2024-04-30,W02,Mumbai,West,P010,P010-04-W02,2023-02-01,2026-02-01,597,89,686,0,0,980,12,0,0
I000695,2024-04-30,W02,Mumbai,West,P011,P011-04-W02,2023-08-01,2026-02-01,948,1065,1036,11,966,823,0,0,91402.92
I000696,2024-04-30,W02,Mumbai,West,P012,P012-04-W02,2023-05-01,2026-05-01,1118,621,1674,7,58,659,0,0,12887.6
I000697,2024-04-30,W02,Mumbai,West,P013,P013-04-W02,2023-11-01,2025-05-01,1925,705,1258,10,1362,824,0,0,37100.88
I000698,2024-04-30,W02,Mumbai,West,P014,P014-04-W02,2023-05-01,2024-11-01,2309,380,1490,11,1188,644,0,0,30103.92
I000699,2024-04-30,W02,Mumbai,West,P015,P015-04-W02,2023-05-01,2026-05-01,1483,1283,1134,16,1616,614,0,0,45894.4
I000700,2024-04-30,W02,Mumbai,West,P016,P016-04-W02,2023-08-01,2026-02-01,1820,580,1463,15,922,767,0,0,44661.68
I000701,2024-04-30,W02,Mumbai,West,P017,P017-04-W02,2023-05-01,2025-11-01,541,1234,1226,14,535,764,0,0,26332.7
I000702,2024-04-30,W02,Mumbai,West,P018,P018-04-W02,2023-11-01,2026-05-01,1553,878,831,3,1597,753,0,0,109186.89
I000703,2024-04-30,W02,Mumbai,West,P019,P019-04-W02,2023-02-01,2025-02-01,1797,1348,585,16,2544,511,0,0,176604.48
I000704,2024-04-30,W02,Mumbai,West,P020,P020-04-W02,2023-08-01,2025-02-01,555,115,670,0,0,851,7,0,0
I000705,2024-04-30,W02,Mumbai,West,P021,P021-04-W02,2023-05-01,2025-05-01,2187,12,640,6,1553,983,0,0,112934.16
I000706,2024-04-30,W02,Mumbai,West,P022,P022-04-W02,2023-02-01,2024-08-01,1116,282,1398,0,0,561,6,0,0
I000707,2024-04-30,W02,Mumbai,West,P023,P023-04-W02,2023-08-01,2026-02-01,1758,548,1066,7,1233,967,0,0,115334.82
I000708,2024-04-30,W02,Mumbai,West,P024,P024-04-W02,2023-08-01,2025-08-01,425,43,468,0,0,676,12,0,0
I000709,2024-04-30,W02,Mumbai,West,P025,P025-04-W02,2023-11-01,2025-05-01,2189,633,1028,10,1784,662,0,0,27580.64
I000710,2024-04-30,W02,Mumbai,West,P026,P026-04-W02,2023-08-01,2025-02-01,733,415,648,15,485,741,0,0,12406.3
I000711,2024-04-30,W02,Mumbai,West,P027,P027-04-W02,2023-02-01,2024-08-01,1674,425,546,11,1542,826,0,0,53029.38
I000712,2024-04-30,W02,Mumbai,West,P028,P028-04-W02,2023-05-01,2025-11-01,2063,351,586,15,1813,718,0,0,80787.28
I000713,2024-04-30,W02,Mumbai,West,P029,P029-04-W02,2023-05-01,2026-05-01,943,575,1518,0,0,790,6,0,0
I000714,2024-04-30,W02,Mumbai,West,P030,P030-04-W02,2023-11-01,2026-11-01,1722,1411,641,8,2484,604,0,0,154951.92
I000715,2024-04-30,W02,Mumbai,West,P031,P031-04-W02,2023-02-01,2026-02-01,1690,1437,585,10,2532,730,0,0,148046.04
I000716,2024-04-30,W02,Mumbai,West,P032,P032-04-W02,2023-02-01,2025-08-01,1186,958,926,14,1204,971,0,0,62186.6
I000717,2024-04-30,W02,Mumbai,West,P033,P033-04-W02,2023-11-01,2026-05-01,886,1380,581,16,1669,866,0,0,117213.87
I000718,2024-04-30,W02,Mumbai,West,P034,P034-04-W02,2023-11-01,2025-05-01,1271,953,1666,6,552,956,0,0,36514.8
I000719,2024-04-30,W02,Mumbai,West,P035,P035-04-W02,2023-08-01,2026-02-01,799,892,1691,0,0,995,6,0,0
I000720,2024-04-30,W02,Mumbai,West,P036,P036-04-W02,2023-05-01,2024-11-01,1202,1253,714,7,1734,548,0,0,393427.26
I000721,2024-04-30,W03,Bengaluru,South,P001,P001-04-W03,2023-02-01,2026-02-01,2393,1178,1262,15,2294,665,0,0,48013.42
I000722,2024-04-30,W03,Bengaluru,South,P002,P002-04-W03,2023-11-01,2026-11-01,2196,753,1390,16,1543,621,0,0,37479.47
I000723,2024-04-30,W03,Bengaluru,South,P003,P003-04-W03,2023-05-01,2025-05-01,2022,1290,965,13,2334,953,0,0,90465.84
I000724,2024-04-30,W03,Bengaluru,South,P004,P004-04-W03,2023-02-01,2024-08-01,2034,787,1792,6,1023,538,0,0,36602.94
I000725,2024-04-30,W03,Bengaluru,South,P005,P005-04-W03,2023-05-01,2025-11-01,1812,425,958,13,1266,695,0,0,57628.32
I000726,2024-04-30,W03,Bengaluru,South,P006,P006-04-W03,2023-05-01,2024-11-01,1050,58,1108,0,0,920,10,0,0
I000727,2024-04-30,W03,Bengaluru,South,P007,P007-04-W03,2023-11-01,2025-05-01,2581,678,1134,15,2110,875,0,0,132719
I000728,2024-04-30,W03,Bengaluru,South,P008,P008-04-W03,2023-08-01,2026-02-01,671,1093,1421,8,335,670,0,0,21466.8
I000729,2024-04-30,W03,Bengaluru,South,P009,P009-04-W03,2023-08-01,2025-02-01,2573,1263,1282,8,2546,627,0,0,164649.82
I000730,2024-04-30,W03,Bengaluru,South,P010,P010-04-W03,2023-02-01,2026-02-01,2373,563,503,15,2418,896,0,0,178907.82
I000731,2024-04-30,W03,Bengaluru,South,P011,P011-04-W03,2023-05-01,2025-11-01,598,368,966,0,0,991,4,0,0
I000732,2024-04-30,W03,Bengaluru,South,P012,P012-04-W03,2023-08-01,2026-08-01,1548,15,1050,11,502,710,0,0,111544.4
I000733,2024-04-30,W03,Bengaluru,South,P013,P013-04-W03,2023-02-01,2024-08-01,2445,943,1643,13,1732,767,0,0,47179.68
I000734,2024-04-30,W03,Bengaluru,South,P014,P014-04-W03,2023-02-01,2024-08-01,2006,1485,1776,15,1700,798,0,0,43078
I000735,2024-04-30,W03,Bengaluru,South,P015,P015-04-W03,2023-11-01,2026-11-01,1597,1018,1930,14,671,602,0,0,19056.4
I000736,2024-04-30,W03,Bengaluru,South,P016,P016-04-W03,2023-02-01,2025-08-01,1173,24,796,13,388,809,0,0,18794.72
I000737,2024-04-30,W03,Bengaluru,South,P017,P017-04-W03,2023-02-01,2025-08-01,1313,1234,897,3,1647,537,0,0,81065.34
I000738,2024-04-30,W03,Bengaluru,South,P018,P018-04-W03,2023-05-01,2025-11-01,2294,1312,1777,5,1824,687,0,0,124706.88
I000739,2024-04-30,W03,Bengaluru,South,P019,P019-04-W03,2023-11-01,2025-11-01,589,216,805,0,0,980,9,0,0
I000740,2024-04-30,W03,Bengaluru,South,P020,P020-04-W03,2023-11-01,2025-05-01,478,1065,589,5,949,576,0,0,53409.72
I000741,2024-04-30,W03,Bengaluru,South,P021,P021-04-W03,2023-11-01,2025-11-01,1431,708,1342,13,784,661,0,0,57012.48
I000742,2024-04-30,W03,Bengaluru,South,P022,P022-04-W03,2023-05-01,2024-11-01,679,562,1241,0,0,878,5,0,0
I000743,2024-04-30,W03,Bengaluru,South,P023,P023-04-W03,2023-02-01,2025-08-01,1612,525,895,2,1240,771,0,0,115989.6
I000744,2024-04-30,W03,Bengaluru,South,P024,P024-04-W03,2023-11-01,2025-11-01,618,921,1539,0,0,838,4,0,0
I000745,2024-04-30,W03,Bengaluru,South,P025,P025-04-W03,2023-02-01,2024-08-01,2063,990,1787,8,1258,613,0,0,19448.68
I000746,2024-04-30,W03,Bengaluru,South,P026,P026-04-W03,2023-08-01,2025-02-01,1791,503,1097,12,1185,902,0,0,30312.3
I000747,2024-04-30,W03,Bengaluru,South,P027,P027-04-W03,2023-11-01,2025-05-01,2401,148,553,14,1982,829,0,0,68160.98
I000748,2024-04-30,W03,Bengaluru,South,P028,P028-04-W03,2023-11-01,2026-05-01,1896,217,1925,8,180,613,0,0,8020.8
I000749,2024-04-30,W03,Bengaluru,South,P029,P029-04-W03,2023-11-01,2026-11-01,1861,1160,474,1,2546,942,0,0,164089.7
I000750,2024-04-30,W03,Bengaluru,South,P030,P030-04-W03,2023-11-01,2026-11-01,1877,62,1409,16,514,889,0,0,32063.32
I000751,2024-04-30,W03,Bengaluru,South,P031,P031-04-W03,2023-11-01,2026-11-01,1673,447,1421,12,687,731,0,0,40168.89
I000752,2024-04-30,W03,Bengaluru,South,P032,P032-04-W03,2023-05-01,2025-11-01,1561,676,1515,11,711,927,0,0,36723.15
I000753,2024-04-30,W03,Bengaluru,South,P033,P033-04-W03,2023-05-01,2025-11-01,2028,121,968,11,1170,518,0,0,82169.1
I000754,2024-04-30,W03,Bengaluru,South,P034,P034-04-W03,2023-08-01,2025-02-01,483,236,698,9,12,791,0,0,793.8
I000755,2024-04-30,W03,Bengaluru,South,P035,P035-04-W03,2023-02-01,2025-08-01,820,65,885,0,0,589,6,0,0
I000756,2024-04-30,W03,Bengaluru,South,P036,P036-04-W03,2023-02-01,2024-08-01,1296,1139,1426,12,997,542,0,0,226209.33
I000757,2024-04-30,W04,Kolkata,East,P001,P001-04-W04,2023-05-01,2026-05-01,1559,303,1446,11,405,938,0,0,8476.65
I000758,2024-04-30,W04,Kolkata,East,P002,P002-04-W04,2023-02-01,2026-02-01,2461,990,622,11,2818,803,0,0,68449.22
I000759,2024-04-30,W04,Kolkata,East,P003,P003-04-W04,2023-02-01,2025-02-01,1324,182,1506,0,0,614,8,0,0
I000760,2024-04-30,W04,Kolkata,East,P004,P004-04-W04,2023-02-01,2024-08-01,1073,730,1063,11,729,847,0,0,26083.62
I000761,2024-04-30,W04,Kolkata,East,P005,P005-04-W04,2023-08-01,2026-02-01,1288,716,1044,16,944,677,0,0,42970.88
I000762,2024-04-30,W04,Kolkata,East,P006,P006-04-W04,2023-05-01,2024-11-01,1453,397,1850,0,0,736,10,0,0
I000763,2024-04-30,W04,Kolkata,East,P007,P007-04-W04,2023-02-01,2024-08-01,1249,1354,1094,1,1508,868,0,0,94853.2
I000764,2024-04-30,W04,Kolkata,East,P008,P008-04-W04,2023-08-01,2026-02-01,2344,393,558,9,2170,868,0,0,139053.6
I000765,2024-04-30,W04,Kolkata,East,P009,P009-04-W04,2023-08-01,2025-02-01,1684,1465,687,10,2452,787,0,0,158570.84
I000766,2024-04-30,W04,Kolkata,East,P010,P010-04-W04,2023-11-01,2026-11-01,1141,475,733,3,880,695,0,0,65111.2
I000767,2024-04-30,W04,Kolkata,East,P011,P011-04-W04,2023-08-01,2026-02-01,1704,1462,941,8,2217,948,0,0,209772.54
I000768,2024-04-30,W04,Kolkata,East,P012,P012-04-W04,2023-05-01,2026-05-01,2565,141,909,13,1784,517,0,0,396404.8
I000769,2024-04-30,W04,Kolkata,East,P013,P013-04-W04,2023-02-01,2024-08-01,1034,724,1191,7,560,883,0,0,15254.4
I000770,2024-04-30,W04,Kolkata,East,P014,P014-04-W04,2023-05-01,2024-11-01,1189,582,1347,8,416,621,0,0,10541.44
I000771,2024-04-30,W04,Kolkata,East,P015,P015-04-W04,2023-02-01,2026-02-01,2287,121,731,11,1666,851,0,0,47314.4
I000772,2024-04-30,W04,Kolkata,East,P016,P016-04-W04,2023-02-01,2025-08-01,430,1302,1661,11,60,930,0,0,2906.4
I000773,2024-04-30,W04,Kolkata,East,P017,P017-04-W04,2023-08-01,2026-02-01,1873,598,1655,7,809,635,0,0,39818.98
I000774,2024-04-30,W04,Kolkata,East,P018,P018-04-W04,2023-02-01,2025-08-01,1943,1467,1755,6,1649,818,0,0,112742.13
I000775,2024-04-30,W04,Kolkata,East,P019,P019-04-W04,2023-02-01,2025-02-01,2528,678,1384,16,1806,825,0,0,125372.52
I000776,2024-04-30,W04,Kolkata,East,P020,P020-04-W04,2023-02-01,2024-08-01,1374,1244,1799,12,807,888,0,0,45417.96
I000777,2024-04-30,W04,Kolkata,East,P021,P021-04-W04,2023-11-01,2025-11-01,1654,735,1940,10,439,552,0,0,31924.08
I000778,2024-04-30,W04,Kolkata,East,P022,P022-04-W04,2023-11-01,2025-05-01,998,657,748,13,894,953,0,0,69517.44
I000779,2024-04-30,W04,Kolkata,East,P023,P023-04-W04,2023-11-01,2026-05-01,2579,1260,1906,15,1918,739,0,0,179409.72
I000780,2024-04-30,W04,Kolkata,East,P024,P024-04-W04,2023-05-01,2025-05-01,1966,1386,803,9,2540,661,0,0,550062.4
I000781,2024-04-30,W04,Kolkata,East,P025,P025-04-W04,2023-02-01,2024-08-01,1831,727,1911,2,645,616,0,0,9971.7
I000782,2024-04-30,W04,Kolkata,East,P026,P026-04-W04,2023-05-01,2024-11-01,998,785,1553,13,217,743,0,0,5550.86
I000783,2024-04-30,W04,Kolkata,East,P027,P027-04-W04,2023-05-01,2024-11-01,648,533,810,6,365,793,0,0,12552.35
I000784,2024-04-30,W04,Kolkata,East,P028,P028-04-W04,2023-02-01,2025-08-01,1541,797,936,13,1389,574,0,0,61893.84
I000785,2024-04-30,W04,Kolkata,East,P029,P029-04-W04,2023-08-01,2026-08-01,1505,859,653,3,1708,887,0,0,110080.6
I000786,2024-04-30,W04,Kolkata,East,P030,P030-04-W04,2023-11-01,2026-11-01,1530,795,1041,7,1277,785,0,0,79659.26
I000787,2024-04-30,W04,Kolkata,East,P031,P031-04-W04,2023-02-01,2026-02-01,1574,189,1372,13,378,765,0,0,22101.66
I000788,2024-04-30,W04,Kolkata,East,P032,P032-04-W04,2023-02-01,2025-08-01,1867,764,613,7,2011,853,0,0,103868.15
I000789,2024-04-30,W04,Kolkata,East,P033,P033-04-W04,2023-02-01,2025-08-01,2220,1077,1019,2,2276,633,0,0,159843.48
I000790,2024-04-30,W04,Kolkata,East,P034,P034-04-W04,2023-05-01,2024-11-01,1063,1121,1528,7,649,669,0,0,42931.35
I000791,2024-04-30,W04,Kolkata,East,P035,P035-04-W04,2023-08-01,2026-02-01,1333,1146,1235,13,1231,786,0,0,109583.62
I000792,2024-04-30,W04,Kolkata,East,P036,P036-04-W04,2023-11-01,2025-05-01,1453,826,1376,10,893,754,0,0,202612.77
I000793,2024-04-30,W05,Indore,Central,P001,P001-04-W05,2023-11-01,2026-11-01,1893,1170,1536,11,1516,502,0,0,31729.88
I000794,2024-04-30,W05,Indore,Central,P002,P002-04-W05,2023-05-01,2026-05-01,2327,332,1657,15,987,873,0,0,23974.23
I000795,2024-04-30,W05,Indore,Central,P003,P003-04-W05,2023-05-01,2025-05-01,2489,961,854,11,2585,648,0,0,100194.6
I000796,2024-04-30,W05,Indore,Central,P004,P004-04-W05,2023-08-01,2025-02-01,2095,1283,1457,7,1914,970,0,0,68482.92
I000797,2024-04-30,W05,Indore,Central,P005,P005-04-W05,2023-05-01,2025-11-01,2074,672,1145,4,1597,720,0,0,72695.44
I000798,2024-04-30,W05,Indore,Central,P006,P006-04-W05,2023-11-01,2025-05-01,1322,1248,893,12,1665,932,0,0,96619.95
I000799,2024-04-30,W05,Indore,Central,P007,P007-04-W05,2023-11-01,2025-05-01,1175,1476,786,6,1859,646,0,0,116931.1
I000800,2024-04-30,W05,Indore,Central,P008,P008-04-W05,2023-05-01,2025-11-01,1253,165,1418,0,0,826,11,0,0
I000801,2024-04-30,W05,Indore,Central,P009,P009-04-W05,2023-05-01,2024-11-01,2585,1339,1102,10,2812,903,0,0,181852.04
I000802,2024-04-30,W05,Indore,Central,P010,P010-04-W05,2023-11-01,2026-11-01,1894,648,1255,13,1274,574,0,0,94263.26
I000803,2024-04-30,W05,Indore,Central,P011,P011-04-W05,2023-08-01,2026-02-01,2109,875,530,14,2440,997,0,0,230872.8
I000804,2024-04-30,W05,Indore,Central,P012,P012-04-W05,2023-02-01,2026-02-01,2128,523,1219,8,1424,635,0,0,316412.8
I000805,2024-04-30,W05,Indore,Central,P013,P013-04-W05,2023-02-01,2024-08-01,2215,891,1353,13,1740,972,0,0,47397.6
I000806,2024-04-30,W05,Indore,Central,P014,P014-04-W05,2023-11-01,2025-05-01,2129,254,1565,3,815,831,0,0,20652.1
I000807,2024-04-30,W05,Indore,Central,P015,P015-04-W05,2023-08-01,2026-08-01,1457,1031,965,15,1508,991,0,0,42827.2
I000808,2024-04-30,W05,Indore,Central,P016,P016-04-W05,2023-08-01,2026-02-01,2033,1248,699,0,2582,511,0,0,125072.08
I000809,2024-04-30,W05,Indore,Central,P017,P017-04-W05,2023-05-01,2025-11-01,2305,434,508,13,2218,583,0,0,109169.96
I000810,2024-04-30,W05,Indore,Central,P018,P018-04-W05,2023-02-01,2025-08-01,646,528,1174,0,0,849,8,0,0
I000811,2024-04-30,W05,Indore,Central,P019,P019-04-W05,2023-11-01,2025-11-01,2375,1190,1582,15,1968,570,0,0,136618.56
I000812,2024-04-30,W05,Indore,Central,P020,P020-04-W05,2023-05-01,2024-11-01,1356,638,1237,10,747,777,0,0,42041.16
I000813,2024-04-30,W05,Indore,Central,P021,P021-04-W05,2023-02-01,2025-02-01,948,400,473,5,870,719,0,0,63266.4
I000814,2024-04-30,W05,Indore,Central,P022,P022-04-W05,2023-02-01,2024-08-01,2507,1149,545,5,3106,633,0,0,241522.56
I000815,2024-04-30,W05,Indore,Central,P023,P023-04-W05,2023-05-01,2025-11-01,494,909,1403,0,0,713,10,0,0
I000816,2024-04-30,W05,Indore,Central,P024,P024-04-W05,2023-08-01,2025-08-01,2357,1188,1378,5,2162,879,0,0,468202.72
I000817,2024-04-30,W05,Indore,Central,P025,P025-04-W05,2023-08-01,2025-02-01,1978,1071,1840,13,1196,606,0,0,18490.16
I000818,2024-04-30,W05,Indore,Central,P026,P026-04-W05,2023-08-01,2025-02-01,1132,735,1426,3,438,786,0,0,11204.04
I000819,2024-04-30,W05,Indore,Central,P027,P027-04-W05,2023-02-01,2024-08-01,1987,605,722,14,1856,635,0,0,63827.84
I000820,2024-04-30,W05,Indore,Central,P028,P028-04-W05,2023-11-01,2026-05-01,1867,210,1796,0,281,877,0,0,12521.36
I000821,2024-04-30,W05,Indore,Central,P029,P029-04-W05,2023-02-01,2026-02-01,1979,185,1254,3,907,541,0,0,58456.15
I000822,2024-04-30,W05,Indore,Central,P030,P030-04-W05,2023-08-01,2026-08-01,1496,143,1019,10,610,799,0,0,38051.8
I000823,2024-04-30,W05,Indore,Central,P031,P031-04-W05,2023-02-01,2026-02-01,857,763,1620,0,0,763,4,0,0
I000824,2024-04-30,W05,Indore,Central,P032,P032-04-W05,2023-02-01,2025-08-01,972,894,1573,11,282,536,0,0,14565.3
I000825,2024-04-30,W05,Indore,Central,P033,P033-04-W05,2023-05-01,2025-11-01,668,360,1028,0,0,924,11,0,0
I000826,2024-04-30,W05,Indore,Central,P034,P034-04-W05,2023-11-01,2025-05-01,1295,1495,1827,7,956,981,0,0,63239.4
I000827,2024-04-30,W05,Indore,Central,P035,P035-04-W05,2023-05-01,2025-11-01,1511,245,991,8,757,691,0,0,67388.14
I000828,2024-04-30,W05,Indore,Central,P036,P036-04-W05,2023-11-01,2025-05-01,830,1216,527,11,1508,615,0,0,342150.12
I000829,2024-04-30,W06,Hyderabad,South,P001,P001-04-W06,2023-02-01,2026-02-01,1487,7,1208,7,279,948,0,0,5839.47
I000830,2024-04-30,W06,Hyderabad,South,P002,P002-04-W06,2023-05-01,2026-05-01,2449,1043,1042,16,2434,862,0,0,59121.86
I000831,2024-04-30,W06,Hyderabad,South,P003,P003-04-W06,2023-02-01,2025-02-01,984,346,795,8,527,644,0,0,20426.52
I000832,2024-04-30,W06,Hyderabad,South,P004,P004-04-W06,2023-11-01,2025-05-01,2564,1077,767,0,2874,543,0,0,102831.72
I000833,2024-04-30,W06,Hyderabad,South,P005,P005-04-W06,2023-02-01,2025-08-01,1603,930,756,2,1775,563,0,0,80798
I000834,2024-04-30,W06,Hyderabad,South,P006,P006-04-W06,2023-08-01,2025-02-01,2164,1121,647,8,2630,702,0,0,152618.9
I000835,2024-04-30,W06,Hyderabad,South,P007,P007-04-W06,2023-11-01,2025-05-01,1635,996,1929,9,693,657,0,0,43589.7
I000836,2024-04-30,W06,Hyderabad,South,P008,P008-04-W06,2023-02-01,2025-08-01,2199,157,998,12,1346,664,0,0,86251.68
I000837,2024-04-30,W06,Hyderabad,South,P009,P009-04-W06,2023-08-01,2025-02-01,1990,418,1694,2,712,564,0,0,46045.04
I000838,2024-04-30,W06,Hyderabad,South,P010,P010-04-W06,2023-11-01,2026-11-01,803,812,1489,7,119,857,0,0,8804.81
I000839,2024-04-30,W06,Hyderabad,South,P011,P011-04-W06,2023-08-01,2026-02-01,2469,1355,1921,12,1891,967,0,0,178926.42
I000840,2024-04-30,W06,Hyderabad,South,P012,P012-04-W06,2023-08-01,2026-08-01,837,1072,1155,12,742,714,0,0,164872.4
I000841,2024-04-30,W06,Hyderabad,South,P013,P013-04-W06,2023-11-01,2025-05-01,1526,1169,1686,7,1002,672,0,0,27294.48
I000842,2024-04-30,W06,Hyderabad,South,P014,P014-04-W06,2023-11-01,2025-05-01,1594,889,646,8,1829,567,0,0,46346.86
I000843,2024-04-30,W06,Hyderabad,South,P015,P015-04-W06,2023-02-01,2026-02-01,2253,680,1178,10,1745,873,0,0,49558
I000844,2024-04-30,W06,Hyderabad,South,P016,P016-04-W06,2023-08-01,2026-02-01,1860,674,1824,0,710,607,0,0,34392.4
I000845,2024-04-30,W06,Hyderabad,South,P017,P017-04-W06,2023-08-01,2026-02-01,1444,1213,1578,2,1077,751,0,0,53009.94
I000846,2024-04-30,W06,Hyderabad,South,P018,P018-04-W06,2023-08-01,2026-02-01,2473,566,1690,13,1336,578,0,0,91342.32
I000847,2024-04-30,W06,Hyderabad,South,P019,P019-04-W06,2023-11-01,2025-11-01,751,252,1003,0,0,623,7,0,0
I000848,2024-04-30,W06,Hyderabad,South,P020,P020-04-W06,2023-02-01,2024-08-01,1475,33,758,0,750,678,0,0,42210
I000849,2024-04-30,W06,Hyderabad,South,P021,P021-04-W06,2023-05-01,2025-05-01,969,658,1285,1,341,610,0,0,24797.52
I000850,2024-04-30,W06,Hyderabad,South,P022,P022-04-W06,2023-05-01,2024-11-01,902,224,648,14,464,836,0,0,36080.64
I000851,2024-04-30,W06,Hyderabad,South,P023,P023-04-W06,2023-05-01,2025-11-01,624,621,1245,0,0,694,7,0,0
I000852,2024-04-30,W06,Hyderabad,South,P024,P024-04-W06,2023-11-01,2025-11-01,1173,678,775,3,1073,816,0,0,232368.88
I000853,2024-04-30,W06,Hyderabad,South,P025,P025-04-W06,2023-08-01,2025-02-01,1323,1392,1067,2,1646,522,0,0,25447.16
I000854,2024-04-30,W06,Hyderabad,South,P026,P026-04-W06,2023-02-01,2024-08-01,2418,102,1771,13,736,961,0,0,18826.88
I000855,2024-04-30,W06,Hyderabad,South,P027,P027-04-W06,2023-05-01,2024-11-01,693,762,731,3,721,671,0,0,24795.19
I000856,2024-04-30,W06,Hyderabad,South,P028,P028-04-W06,2023-02-01,2025-08-01,2226,238,1848,12,604,907,0,0,26914.24
I000857,2024-04-30,W06,Hyderabad,South,P029,P029-04-W06,2023-05-01,2026-05-01,1957,617,502,9,2063,939,0,0,132960.35
I000858,2024-04-30,W06,Hyderabad,South,P030,P030-04-W06,2023-02-01,2026-02-01,1894,1104,1105,4,1889,917,0,0,117835.82
I000859,2024-04-30,W06,Hyderabad,South,P031,P031-04-W06,2023-05-01,2026-05-01,2556,897,1245,1,2207,643,0,0,129043.29
I000860,2024-04-30,W06,Hyderabad,South,P032,P032-04-W06,2023-05-01,2025-11-01,1906,132,789,16,1233,822,0,0,63684.45
I000861,2024-04-30,W06,Hyderabad,South,P033,P033-04-W06,2023-02-01,2025-08-01,2306,73,860,16,1503,895,0,0,105555.69
I000862,2024-04-30,W06,Hyderabad,South,P034,P034-04-W06,2023-08-01,2025-02-01,2177,1348,476,10,3039,952,0,0,201029.85
I000863,2024-04-30,W06,Hyderabad,South,P035,P035-04-W06,2023-05-01,2025-11-01,535,387,922,0,0,990,3,0,0
I000864,2024-04-30,W06,Hyderabad,South,P036,P036-04-W06,2023-08-01,2025-02-01,617,718,572,1,762,674,0,0,172890.18
I000865,2024-05-31,W01,Delhi,North,P001,P001-05-W01,2023-09-01,2026-09-01,2216,107,720,3,1600,699,0,0,33488
I000866,2024-05-31,W01,Delhi,North,P002,P002-05-W01,2023-09-01,2026-09-01,2023,185,1792,2,414,985,0,0,10056.06
I000867,2024-05-31,W01,Delhi,North,P003,P003-05-W01,2023-12-01,2025-12-01,534,843,1101,13,263,739,0,0,10193.88
I000868,2024-05-31,W01,Delhi,North,P004,P004-05-W01,2023-09-01,2025-03-01,1348,190,1000,7,531,806,0,0,18999.18
I000869,2024-05-31,W01,Delhi,North,P005,P005-05-W01,2023-12-01,2026-06-01,2120,688,1115,6,1687,598,0,0,76792.24
I000870,2024-05-31,W01,Delhi,North,P006,P006-05-W01,2023-03-01,2024-09-01,777,635,1412,0,0,591,10,0,0
I000871,2024-05-31,W01,Delhi,North,P007,P007-05-W01,2023-06-01,2024-12-01,778,1337,1561,13,541,835,0,0,34028.9
I000872,2024-05-31,W01,Delhi,North,P008,P008-05-W01,2023-12-01,2026-06-01,1967,986,1288,10,1655,912,0,0,106052.4
I000873,2024-05-31,W01,Delhi,North,P009,P009-05-W01,2023-06-01,2024-12-01,2301,1072,654,2,2717,564,0,0,175708.39
I000874,2024-05-31,W01,Delhi,North,P010,P010-05-W01,2023-12-01,2026-12-01,846,1057,1496,10,397,877,0,0,29374.03
I000875,2024-05-31,W01,Delhi,North,P011,P011-05-W01,2023-06-01,2025-12-01,1116,189,469,4,832,770,0,0,78723.84
I000876,2024-05-31,W01,Delhi,North,P012,P012-05-W01,2023-03-01,2026-03-01,922,1489,1192,16,1203,648,0,0,267306.6
I000877,2024-05-31,W01,Delhi,North,P013,P013-05-W01,2023-12-01,2025-06-01,919,270,1014,14,161,803,0,0,4385.64
I000878,2024-05-31,W01,Delhi,North,P014,P014-05-W01,2023-03-01,2024-09-01,682,1372,801,12,1241,927,0,0,31446.94
I000879,2024-05-31,W01,Delhi,North,P015,P015-05-W01,2023-09-01,2026-09-01,1056,258,1261,13,40,521,0,0,1136
I000880,2024-05-31,W01,Delhi,North,P016,P016-05-W01,2023-12-01,2026-06-01,2236,495,790,1,1940,637,0,0,93973.6
I000881,2024-05-31,W01,Delhi,North,P017,P017-05-W01,2023-06-01,2025-12-01,2555,638,995,7,2191,869,0,0,107841.02
I000882,2024-05-31,W01,Delhi,North,P018,P018-05-W01,2023-06-01,2025-12-01,1116,340,832,5,619,791,0,0,42321.03
I000883,2024-05-31,W01,Delhi,North,P019,P019-05-W01,2023-09-01,2025-09-01,2256,384,942,11,1687,674,0,0,117111.54
I000884,2024-05-31,W01,Delhi,North,P020,P020-05-W01,2023-03-01,2024-09-01,2049,473,1212,12,1298,862,0,0,73051.44
I000885,2024-05-31,W01,Delhi,North,P021,P021-05-W01,2023-12-01,2025-12-01,1951,246,578,7,1612,630,0,0,117224.64
I000886,2024-05-31,W01,Delhi,North,P022,P022-05-W01,2023-09-01,2025-03-01,2084,310,1584,3,807,708,0,0,62752.32
I000887,2024-05-31,W01,Delhi,North,P023,P023-05-W01,2023-09-01,2026-03-01,617,832,918,13,518,614,0,0,48453.72
I000888,2024-05-31,W01,Delhi,North,P024,P024-05-W01,2023-09-01,2025-09-01,1802,176,1552,6,420,730,0,0,90955.2
I000889,2024-05-31,W01,Delhi,North,P025,P025-05-W01,2023-12-01,2025-06-01,2132,784,1942,15,959,559,0,0,14826.14
I000890,2024-05-31,W01,Delhi,North,P026,P026-05-W01,2023-09-01,2025-03-01,2529,386,1919,0,996,583,0,0,25477.68
I000891,2024-05-31,W01,Delhi,North,P027,P027-05-W01,2023-03-01,2024-09-01,1062,768,1204,16,610,747,0,0,20977.9
I000892,2024-05-31,W01,Delhi,North,P028,P028-05-W01,2023-06-01,2025-12-01,764,489,1253,0,0,848,10,0,0
I000893,2024-05-31,W01,Delhi,North,P029,P029-05-W01,2023-12-01,2026-12-01,2356,80,1414,1,1021,771,0,0,65803.45
I000894,2024-05-31,W01,Delhi,North,P030,P030-05-W01,2023-09-01,2026-09-01,2157,1076,1802,7,1424,791,0,0,88829.12
I000895,2024-05-31,W01,Delhi,North,P031,P031-05-W01,2023-03-01,2026-03-01,1988,652,1005,4,1631,776,0,0,95364.57
I000896,2024-05-31,W01,Delhi,North,P032,P032-05-W01,2023-09-01,2026-03-01,2397,841,528,15,2695,992,0,0,139196.75
I000897,2024-05-31,W01,Delhi,North,P033,P033-05-W01,2023-03-01,2025-09-01,1121,136,1257,0,0,712,7,0,0
I000898,2024-05-31,W01,Delhi,North,P034,P034-05-W01,2023-09-01,2025-03-01,1374,541,1267,14,634,991,0,0,41939.1
I000899,2024-05-31,W01,Delhi,North,P035,P035-05-W01,2023-12-01,2026-06-01,2447,1030,1767,3,1707,866,0,0,151957.14
I000900,2024-05-31,W01,Delhi,North,P036,P036-05-W01,2023-06-01,2024-12-01,660,892,817,4,731,958,0,0,165856.59
I000901,2024-05-31,W02,Mumbai,West,P001,P001-05-W02,2023-06-01,2026-06-01,1440,273,1310,9,394,515,0,0,8246.42
I000902,2024-05-31,W02,Mumbai,West,P002,P002-05-W02,2023-12-01,2026-12-01,927,449,1004,14,358,629,0,0,8695.82
I000903,2024-05-31,W02,Mumbai,West,P003,P003-05-W02,2023-12-01,2025-12-01,790,103,568,5,320,515,0,0,12403.2
I000904,2024-05-31,W02,Mumbai,West,P004,P004-05-W02,2023-09-01,2025-03-01,2399,913,1363,10,1939,794,0,0,69377.42
I000905,2024-05-31,W02,Mumbai,West,P005,P005-05-W02,2023-09-01,2026-03-01,587,1438,1004,11,1010,735,0,0,45975.2
I000906,2024-05-31,W02,Mumbai,West,P006,P006-05-W02,2023-09-01,2025-03-01,1615,1175,500,3,2287,602,0,0,132714.61
I000907,2024-05-31,W02,Mumbai,West,P007,P007-05-W02,2023-12-01,2025-06-01,651,245,896,0,0,942,8,0,0
I000908,2024-05-31,W02,Mumbai,West,P008,P008-05-W02,2023-06-01,2025-12-01,2088,1378,1553,7,1906,620,0,0,122136.48
I000909,2024-05-31,W02,Mumbai,West,P009,P009-05-W02,2023-06-01,2024-12-01,1484,950,922,14,1498,519,0,0,96875.66
I000910,2024-05-31,W02,Mumbai,West,P010,P010-05-W02,2023-12-01,2026-12-01,1115,755,1870,0,0,855,4,0,0
I000911,2024-05-31,W02,Mumbai,West,P011,P011-05-W02,2023-06-01,2025-12-01,2043,57,591,8,1501,821,0,0,142024.62
I000912,2024-05-31,W02,Mumbai,West,P012,P012-05-W02,2023-03-01,2026-03-01,458,1187,1601,0,44,611,0,0,9776.8
I000913,2024-05-31,W02,Mumbai,West,P013,P013-05-W02,2023-06-01,2024-12-01,1438,507,967,3,975,741,0,0,26559
I000914,2024-05-31,W02,Mumbai,West,P014,P014-05-W02,2023-09-01,2025-03-01,1860,836,842,13,1841,549,0,0,46650.94
I000915,2024-05-31,W02,Mumbai,West,P015,P015-05-W02,2023-12-01,2026-12-01,2217,1341,1463,11,2084,868,0,0,59185.6
I000916,2024-05-31,W02,Mumbai,West,P016,P016-05-W02,2023-09-01,2026-03-01,876,364,724,2,514,665,0,0,24898.16
I000917,2024-05-31,W02,Mumbai,West,P017,P017-05-W02,2023-06-01,2025-12-01,1306,156,521,9,932,950,0,0,45873.04
I000918,2024-05-31,W02,Mumbai,West,P018,P018-05-W02,2023-06-01,2025-12-01,1873,1375,480,0,2768,830,0,0,189248.16
I000919,2024-05-31,W02,Mumbai,West,P019,P019-05-W02,2023-06-01,2025-06-01,654,502,1156,0,0,613,13,0,0
I000920,2024-05-31,W02,Mumbai,West,P020,P020-05-W02,2023-06-01,2024-12-01,2152,1321,1650,16,1807,814,0,0,101697.96
I000921,2024-05-31,W02,Mumbai,West,P021,P021-05-W02,2023-06-01,2025-06-01,425,973,1398,0,0,930,8,0,0
I000922,2024-05-31,W02,Mumbai,West,P022,P022-05-W02,2023-12-01,2025-06-01,1188,1384,1814,7,751,939,0,0,58397.76
I000923,2024-05-31,W02,Mumbai,West,P023,P023-05-W02,2023-09-01,2026-03-01,884,1434,815,11,1492,512,0,0,139561.68
I000924,2024-05-31,W02,Mumbai,West,P024,P024-05-W02,2023-06-01,2025-06-01,1299,950,989,10,1250,646,0,0,270700
I000925,2024-05-31,W02,Mumbai,West,P025,P025-05-W02,2023-09-01,2025-03-01,1964,797,1264,3,1494,772,0,0,23097.24
I000926,2024-05-31,W02,Mumbai,West,P026,P026-05-W02,2023-12-01,2025-06-01,2008,733,921,0,1820,947,0,0,46555.6
I000927,2024-05-31,W02,Mumbai,West,P027,P027-05-W02,2023-09-01,2025-03-01,505,1088,1438,4,151,898,0,0,5192.89
I000928,2024-05-31,W02,Mumbai,West,P028,P028-05-W02,2023-03-01,2025-09-01,1215,633,1301,5,542,981,0,0,24151.52
I000929,2024-05-31,W02,Mumbai,West,P029,P029-05-W02,2023-12-01,2026-12-01,1600,700,1185,4,1111,841,0,0,71603.95
I000930,2024-05-31,W02,Mumbai,West,P030,P030-05-W02,2023-06-01,2026-06-01,1604,155,1759,0,0,510,3,0,0
I000931,2024-05-31,W02,Mumbai,West,P031,P031-05-W02,2023-03-01,2026-03-01,2102,1312,827,1,2586,518,0,0,151203.42
I000932,2024-05-31,W02,Mumbai,West,P032,P032-05-W02,2023-09-01,2026-03-01,1852,1343,1767,13,1415,756,0,0,73084.75
I000933,2024-05-31,W02,Mumbai,West,P033,P033-05-W02,2023-03-01,2025-09-01,2094,939,1457,2,1574,844,0,0,110542.02
I000934,2024-05-31,W02,Mumbai,West,P034,P034-05-W02,2023-03-01,2024-09-01,490,434,585,9,330,857,0,0,21829.5
I000935,2024-05-31,W02,Mumbai,West,P035,P035-05-W02,2023-12-01,2026-06-01,1165,618,742,15,1026,957,0,0,91334.52
I000936,2024-05-31,W02,Mumbai,West,P036,P036-05-W02,2023-06-01,2024-12-01,1669,374,1548,15,480,904,0,0,108907.2
I000937,2024-05-31,W03,Bengaluru,South,P001,P001-05-W03,2023-06-01,2026-06-01,1816,1064,1118,10,1752,919,0,0,36669.36
I000938,2024-05-31,W03,Bengaluru,South,P002,P002-05-W03,2023-03-01,2026-03-01,1586,981,1322,8,1237,763,0,0,30046.73
I000939,2024-05-31,W03,Bengaluru,South,P003,P003-05-W03,2023-03-01,2025-03-01,2041,473,874,4,1636,963,0,0,63411.36
I000940,2024-05-31,W03,Bengaluru,South,P004,P004-05-W03,2023-12-01,2025-06-01,2013,1441,640,10,2804,817,0,0,100327.12
I000941,2024-05-31,W03,Bengaluru,South,P005,P005-05-W03,2023-06-01,2025-12-01,1093,234,1123,2,202,666,0,0,9195.04
I000942,2024-05-31,W03,Bengaluru,South,P006,P006-05-W03,2023-12-01,2025-06-01,1348,1282,1860,5,765,665,0,0,44392.95
I000943,2024-05-31,W03,Bengaluru,South,P007,P007-05-W03,2023-09-01,2025-03-01,461,555,957,4,55,609,0,0,3459.5
I000944,2024-05-31,W03,Bengaluru,South,P008,P008-05-W03,2023-09-01,2026-03-01,810,1338,1064,12,1072,758,0,0,68693.76
I000945,2024-05-31,W03,Bengaluru,South,P009,P009-05-W03,2023-09-01,2025-03-01,457,1364,1821,0,0,980,5,0,0
I000946,2024-05-31,W03,Bengaluru,South,P010,P010-05-W03,2023-03-01,2026-03-01,1469,761,634,9,1587,801,0,0,117422.13
I000947,2024-05-31,W03,Bengaluru,South,P011,P011-05-W03,2023-12-01,2026-06-01,690,240,930,0,0,948,11,0,0
I000948,2024-05-31,W03,Bengaluru,South,P012,P012-05-W03,2023-12-01,2026-12-01,1516,620,750,3,1383,542,0,0,307302.6
I000949,2024-05-31,W03,Bengaluru,South,P013,P013-05-W03,2023-03-01,2024-09-01,1214,662,1520,3,353,705,0,0,9615.72
I000950,2024-05-31,W03,Bengaluru,South,P014,P014-05-W03,2023-03-01,2024-09-01,2233,1471,1869,0,1835,990,0,0,46498.9
I000951,2024-05-31,W03,Bengaluru,South,P015,P015-05-W03,2023-09-01,2026-09-01,1429,902,590,8,1733,797,0,0,49217.2
I000952,2024-05-31,W03,Bengaluru,South,P016,P016-05-W03,2023-06-01,2025-12-01,1392,86,1478,0,0,991,1,0,0
I000953,2024-05-31,W03,Bengaluru,South,P017,P017-05-W03,2023-09-01,2026-03-01,1053,1469,1372,11,1139,908,0,0,56061.58
I000954,2024-05-31,W03,Bengaluru,South,P018,P018-05-W03,2023-09-01,2026-03-01,1466,465,1665,13,253,853,0,0,17297.61
I000955,2024-05-31,W03,Bengaluru,South,P019,P019-05-W03,2023-03-01,2025-03-01,687,271,958,0,0,799,11,0,0
I000956,2024-05-31,W03,Bengaluru,South,P020,P020-05-W03,2023-06-01,2024-12-01,1451,541,1301,7,684,916,0,0,38495.52
I000957,2024-05-31,W03,Bengaluru,South,P021,P021-05-W03,2023-03-01,2025-03-01,2206,632,1832,13,993,946,0,0,72210.96
I000958,2024-05-31,W03,Bengaluru,South,P022,P022-05-W03,2023-12-01,2025-06-01,1838,943,1629,2,1150,808,0,0,89424
I000959,2024-05-31,W03,Bengaluru,South,P023,P023-05-W03,2023-12-01,2026-06-01,1714,779,1581,15,897,540,0,0,83905.38
I000960,2024-05-31,W03,Bengaluru,South,P024,P024-05-W03,2023-06-01,2025-06-01,1954,461,888,8,1519,595,0,0,328954.64
I000961,2024-05-31,W03,Bengaluru,South,P025,P025-05-W03,2023-06-01,2024-12-01,1080,730,557,2,1251,656,0,0,19340.46
I000962,2024-05-31,W03,Bengaluru,South,P026,P026-05-W03,2023-03-01,2024-09-01,435,826,1248,3,10,930,0,0,255.8
I000963,2024-05-31,W03,Bengaluru,South,P027,P027-05-W03,2023-09-01,2025-03-01,2218,256,588,6,1880,956,0,0,64653.2
I000964,2024-05-31,W03,Bengaluru,South,P028,P028-05-W03,2023-09-01,2026-03-01,585,654,1215,15,9,983,0,0,401.04
I000965,2024-05-31,W03,Bengaluru,South,P029,P029-05-W03,2023-12-01,2026-12-01,2417,1141,868,2,2688,891,0,0,173241.6
I000966,2024-05-31,W03,Bengaluru,South,P030,P030-05-W03,2023-03-01,2026-03-01,2177,859,578,3,2455,611,0,0,153142.9
I000967,2024-05-31,W03,Bengaluru,South,P031,P031-05-W03,2023-12-01,2026-12-01,1729,364,1077,12,1004,681,0,0,58703.88
I000968,2024-05-31,W03,Bengaluru,South,P032,P032-05-W03,2023-12-01,2026-06-01,1979,1071,1713,12,1325,644,0,0,68436.25
I000969,2024-05-31,W03,Bengaluru,South,P033,P033-05-W03,2023-12-01,2026-06-01,2560,385,1116,9,1820,595,0,0,127818.6
I000970,2024-05-31,W03,Bengaluru,South,P034,P034-05-W03,2023-09-01,2025-03-01,1993,724,1855,6,856,929,0,0,56624.4
I000971,2024-05-31,W03,Bengaluru,South,P035,P035-05-W03,2023-06-01,2025-12-01,1840,896,517,14,2205,991,0,0,196289.1
I000972,2024-05-31,W03,Bengaluru,South,P036,P036-05-W03,2023-06-01,2024-12-01,765,856,1360,3,258,913,0,0,58537.62
I000973,2024-05-31,W04,Kolkata,East,P001,P001-05-W04,2023-12-01,2026-12-01,894,1242,993,9,1134,695,0,0,23734.62
I000974,2024-05-31,W04,Kolkata,East,P002,P002-05-W04,2023-03-01,2026-03-01,881,38,838,13,68,659,0,0,1651.72
I000975,2024-05-31,W04,Kolkata,East,P003,P003-05-W04,2023-12-01,2025-12-01,1495,1136,937,5,1689,939,0,0,65465.64
I000976,2024-05-31,W04,Kolkata,East,P004,P004-05-W04,2023-09-01,2025-03-01,2476,706,910,6,2266,819,0,0,81077.48
I000977,2024-05-31,W04,Kolkata,East,P005,P005-05-W04,2023-03-01,2025-09-01,1136,1137,1064,4,1205,688,0,0,54851.6
I000978,2024-05-31,W04,Kolkata,East,P006,P006-05-W04,2023-03-01,2024-09-01,1591,581,721,12,1439,713,0,0,83505.17
I000979,2024-05-31,W04,Kolkata,East,P007,P007-05-W04,2023-06-01,2024-12-01,1085,229,1314,0,0,825,8,0,0
I000980,2024-05-31,W04,Kolkata,East,P008,P008-05-W04,2023-06-01,2025-12-01,2165,277,1141,9,1292,764,0,0,82791.36
I000981,2024-05-31,W04,Kolkata,East,P009,P009-05-W04,2023-09-01,2025-03-01,770,1205,999,8,968,783,0,0,62600.56
I000982,2024-05-31,W04,Kolkata,East,P010,P010-05-W04,2023-03-01,2026-03-01,2584,177,568,12,2181,994,0,0,161372.19
I000983,2024-05-31,W04,Kolkata,East,P011,P011-05-W04,2023-09-01,2026-03-01,796,576,1372,0,0,598,2,0,0
I000984,2024-05-31,W04,Kolkata,East,P012,P012-05-W04,2023-12-01,2026-12-01,2242,521,871,6,1886,849,0,0,419069.2
I000985,2024-05-31,W04,Kolkata,East,P013,P013-05-W04,2023-06-01,2024-12-01,1321,1180,1788,3,710,906,0,0,19340.4
I000986,2024-05-31,W04,Kolkata,East,P014,P014-05-W04,2023-12-01,2025-06-01,783,558,1150,9,182,741,0,0,4611.88
I000987,2024-05-31,W04,Kolkata,East,P015,P015-05-W04,2023-09-01,2026-09-01,2412,1364,1874,4,1898,568,0,0,53903.2
I000988,2024-05-31,W04,Kolkata,East,P016,P016-05-W04,2023-12-01,2026-06-01,2364,1225,1480,7,2102,652,0,0,101820.88
I000989,2024-05-31,W04,Kolkata,East,P017,P017-05-W04,2023-03-01,2025-09-01,775,708,1335,9,139,724,0,0,6841.58
I000990,2024-05-31,W04,Kolkata,East,P018,P018-05-W04,2023-06-01,2025-12-01,1707,1467,774,6,2394,576,0,0,163677.78
I000991,2024-05-31,W04,Kolkata,East,P019,P019-05-W04,2023-06-01,2025-06-01,2305,1001,1513,8,1785,866,0,0,123914.7
I000992,2024-05-31,W04,Kolkata,East,P020,P020-05-W04,2023-09-01,2025-03-01,2053,5,675,8,1375,542,0,0,77385
I000993,2024-05-31,W04,Kolkata,East,P021,P021-05-W04,2023-09-01,2025-09-01,2503,1131,756,14,2864,650,0,0,208270.08
I000994,2024-05-31,W04,Kolkata,East,P022,P022-05-W04,2023-06-01,2024-12-01,1037,1088,1869,5,251,791,0,0,19517.76
I000995,2024-05-31,W04,Kolkata,East,P023,P023-05-W04,2023-06-01,2025-12-01,1325,1211,694,4,1838,834,0,0,171926.52
I000996,2024-05-31,W04,Kolkata,East,P024,P024-05-W04,2023-12-01,2025-12-01,1254,1288,598,9,1935,760,0,0,419043.6
I000997,2024-05-31,W04,Kolkata,East,P025,P025-05-W04,2023-09-01,2025-03-01,752,1365,881,8,1228,922,0,0,18984.88
I000998,2024-05-31,W04,Kolkata,East,P026,P026-05-W04,2023-12-01,2025-06-01,1329,797,1570,7,549,706,0,0,14043.42
I000999,2024-05-31,W04,Kolkata,East,P027,P027-05-W04,2023-03-01,2024-09-01,1697,1358,458,8,2589,664,0,0,89035.71
I001000,2024-05-31,W04,Kolkata,East,P028,P028-05-W04,2023-03-01,2025-09-01,881,595,835,7,634,936,0,0,28251.04
I001001,2024-05-31,W04,Kolkata,East,P029,P029-05-W04,2023-03-01,2026-03-01,1994,70,1821,11,232,692,0,0,14952.4
I001002,2024-05-31,W04,Kolkata,East,P030,P030-05-W04,2023-06-01,2026-06-01,507,1206,571,1,1141,720,0,0,71175.58
I001003,2024-05-31,W04,Kolkata,East,P031,P031-05-W04,2023-09-01,2026-09-01,2182,272,1200,11,1243,670,0,0,72678.21
I001004,2024-05-31,W04,Kolkata,East,P032,P032-05-W04,2023-12-01,2026-06-01,456,1136,1103,6,483,606,0,0,24946.95
I001005,2024-05-31,W04,Kolkata,East,P033,P033-05-W04,2023-03-01,2025-09-01,2116,454,888,0,1682,514,0,0,118126.86
I001006,2024-05-31,W04,Kolkata,East,P034,P034-05-W04,2023-06-01,2024-12-01,2230,992,1350,11,1861,967,0,0,123105.15
I001007,2024-05-31,W04,Kolkata,East,P035,P035-05-W04,2023-09-01,2026-03-01,638,904,1542,0,0,794,12,0,0
I001008,2024-05-31,W04,Kolkata,East,P036,P036-05-W04,2023-03-01,2024-09-01,565,1318,503,8,1372,894,0,0,311293.08
I001009,2024-05-31,W05,Indore,Central,P001,P001-05-W05,2023-03-01,2026-03-01,1198,665,1588,4,271,571,0,0,5672.03
I001010,2024-05-31,W05,Indore,Central,P002,P002-05-W05,2023-03-01,2026-03-01,2515,789,1555,16,1733,751,0,0,42094.57
I001011,2024-05-31,W05,Indore,Central,P003,P003-05-W05,2023-06-01,2025-06-01,1080,1184,999,12,1253,949,0,0,48566.28
I001012,2024-05-31,W05,Indore,Central,P004,P004-05-W05,2023-06-01,2024-12-01,775,268,1043,0,0,830,4,0,0
I001013,2024-05-31,W05,Indore,Central,P005,P005-05-W05,2023-12-01,2026-06-01,2476,1295,1794,1,1976,616,0,0,89947.52
I001014,2024-05-31,W05,Indore,Central,P006,P006-05-W05,2023-09-01,2025-03-01,1710,5,1715,0,0,950,11,0,0
I001015,2024-05-31,W05,Indore,Central,P007,P007-05-W05,2023-06-01,2024-12-01,1038,839,851,14,1012,522,0,0,63654.8
I001016,2024-05-31,W05,Indore,Central,P008,P008-05-W05,2023-06-01,2025-12-01,1211,204,1390,16,9,815,0,0,576.72
I001017,2024-05-31,W05,Indore,Central,P009,P009-05-W05,2023-06-01,2024-12-01,845,21,866,0,0,935,2,0,0
I001018,2024-05-31,W05,Indore,Central,P010,P010-05-W05,2023-09-01,2026-09-01,2478,841,1535,11,1773,583,0,0,131184.27
I001019,2024-05-31,W05,Indore,Central,P011,P011-05-W05,2023-06-01,2025-12-01,946,1139,1568,3,514,929,0,0,48634.68
I001020,2024-05-31,W05,Indore,Central,P012,P012-05-W05,2023-03-01,2026-03-01,1480,238,1408,15,295,968,0,0,65549
I001021,2024-05-31,W05,Indore,Central,P013,P013-05-W05,2023-12-01,2025-06-01,2419,1154,1802,8,1763,636,0,0,48024.12
I001022,2024-05-31,W05,Indore,Central,P014,P014-05-W05,2023-03-01,2024-09-01,1183,1016,1275,10,914,536,0,0,23160.76
I001023,2024-05-31,W05,Indore,Central,P015,P015-05-W05,2023-09-01,2026-09-01,504,1441,1745,11,189,619,0,0,5367.6
I001024,2024-05-31,W05,Indore,Central,P016,P016-05-W05,2023-09-01,2026-03-01,1278,952,1483,7,740,941,0,0,35845.6
I001025,2024-05-31,W05,Indore,Central,P017,P017-05-W05,2023-06-01,2025-12-01,517,971,571,7,910,643,0,0,44790.2
I001026,2024-05-31,W05,Indore,Central,P018,P018-05-W05,2023-09-01,2026-03-01,1525,483,1153,7,848,878,0,0,57977.76
I001027,2024-05-31,W05,Indore,Central,P019,P019-05-W05,2023-09-01,2025-09-01,2348,634,757,4,2221,619,0,0,154181.82
I001028,2024-05-31,W05,Indore,Central,P020,P020-05-W05,2023-03-01,2024-09-01,1981,742,674,4,2045,501,0,0,115092.6
I001029,2024-05-31,W05,Indore,Central,P021,P021-05-W05,2023-09-01,2025-09-01,1131,264,1395,0,0,539,5,0,0
I001030,2024-05-31,W05,Indore,Central,P022,P022-05-W05,2023-03-01,2024-09-01,2563,1417,996,1,2983,955,0,0,231958.08
I001031,2024-05-31,W05,Indore,Central,P023,P023-05-W05,2023-12-01,2026-06-01,1743,531,1627,9,638,779,0,0,59678.52
I001032,2024-05-31,W05,Indore,Central,P024,P024-05-W05,2023-12-01,2025-12-01,862,564,1234,15,177,577,0,0,38331.12
I001033,2024-05-31,W05,Indore,Central,P025,P025-05-W05,2023-12-01,2025-06-01,1223,1019,1720,13,509,517,0,0,7869.14
I001034,2024-05-31,W05,Indore,Central,P026,P026-05-W05,2023-03-01,2024-09-01,2249,1372,1722,6,1893,734,0,0,48422.94
I001035,2024-05-31,W05,Indore,Central,P027,P027-05-W05,2023-12-01,2025-06-01,771,1401,628,8,1536,851,0,0,52823.04
I001036,2024-05-31,W05,Indore,Central,P028,P028-05-W05,2023-09-01,2026-03-01,531,316,847,0,0,871,6,0,0
I001037,2024-05-31,W05,Indore,Central,P029,P029-05-W05,2023-12-01,2026-12-01,1773,1202,1281,3,1691,537,0,0,108984.95
I001038,2024-05-31,W05,Indore,Central,P030,P030-05-W05,2023-09-01,2026-09-01,1398,353,1018,4,729,830,0,0,45475.02
I001039,2024-05-31,W05,Indore,Central,P031,P031-05-W05,2023-06-01,2026-06-01,614,445,1059,0,0,756,9,0,0
I001040,2024-05-31,W05,Indore,Central,P032,P032-05-W05,2023-03-01,2025-09-01,619,669,478,4,806,610,0,0,41629.9
I001041,2024-05-31,W05,Indore,Central,P033,P033-05-W05,2023-03-01,2025-09-01,1022,544,677,13,876,876,0,0,61521.48
I001042,2024-05-31,W05,Indore,Central,P034,P034-05-W05,2023-12-01,2025-06-01,1808,272,1415,8,657,818,0,0,43460.55
I001043,2024-05-31,W05,Indore,Central,P035,P035-05-W05,2023-12-01,2026-06-01,2117,693,559,6,2245,844,0,0,199849.9
I001044,2024-05-31,W05,Indore,Central,P036,P036-05-W05,2023-03-01,2024-09-01,1940,918,618,4,2236,518,0,0,507326.04
I001045,2024-05-31,W06,Hyderabad,South,P001,P001-05-W06,2023-12-01,2026-12-01,787,785,1572,0,0,806,3,0,0
I001046,2024-05-31,W06,Hyderabad,South,P002,P002-05-W06,2023-09-01,2026-09-01,904,1176,1700,8,372,908,0,0,9035.88
I001047,2024-05-31,W06,Hyderabad,South,P003,P003-05-W06,2023-09-01,2025-09-01,2014,1379,1829,7,1557,766,0,0,60349.32
I001048,2024-05-31,W06,Hyderabad,South,P004,P004-05-W06,2023-12-01,2025-06-01,1008,1288,1325,12,959,698,0,0,34313.02
I001049,2024-05-31,W06,Hyderabad,South,P005,P005-05-W06,2023-06-01,2025-12-01,1851,1015,1140,3,1723,954,0,0,78430.96
I001050,2024-05-31,W06,Hyderabad,South,P006,P006-05-W06,2023-09-01,2025-03-01,1333,692,1382,4,639,806,0,0,37081.17
I001051,2024-05-31,W06,Hyderabad,South,P007,P007-05-W06,2023-12-01,2025-06-01,1939,855,888,10,1896,988,0,0,119258.4
I001052,2024-05-31,W06,Hyderabad,South,P008,P008-05-W06,2023-09-01,2026-03-01,423,820,1243,0,0,856,4,0,0
I001053,2024-05-31,W06,Hyderabad,South,P009,P009-05-W06,2023-09-01,2025-03-01,1702,1324,1922,14,1090,925,0,0,70490.3
I001054,2024-05-31,W06,Hyderabad,South,P010,P010-05-W06,2023-03-01,2026-03-01,658,1489,1069,14,1064,800,0,0,78725.36
I001055,2024-05-31,W06,Hyderabad,South,P011,P011-05-W06,2023-12-01,2026-06-01,499,665,1164,0,0,552,7,0,0
I001056,2024-05-31,W06,Hyderabad,South,P012,P012-05-W06,2023-12-01,2026-12-01,410,60,470,0,0,953,2,0,0
I001057,2024-05-31,W06,Hyderabad,South,P013,P013-05-W06,2023-06-01,2024-12-01,2242,466,1558,1,1149,772,0,0,31298.76
I001058,2024-05-31,W06,Hyderabad,South,P014,P014-05-W06,2023-03-01,2024-09-01,1927,14,858,13,1070,816,0,0,27113.8
I001059,2024-05-31,W06,Hyderabad,South,P015,P015-05-W06,2023-12-01,2026-12-01,1082,1441,1719,9,795,677,0,0,22578
I001060,2024-05-31,W06,Hyderabad,South,P016,P016-05-W06,2023-06-01,2025-12-01,1512,606,1532,12,574,648,0,0,27804.56
I001061,2024-05-31,W06,Hyderabad,South,P017,P017-05-W06,2023-06-01,2025-12-01,1512,883,1907,4,484,706,0,0,23822.48
I001062,2024-05-31,W06,Hyderabad,South,P018,P018-05-W06,2023-12-01,2026-06-01,1783,119,735,10,1157,900,0,0,79104.09
I001063,2024-05-31,W06,Hyderabad,South,P019,P019-05-W06,2023-06-01,2025-06-01,2381,965,1475,11,1860,717,0,0,129121.2
I001064,2024-05-31,W06,Hyderabad,South,P020,P020-05-W06,2023-06-01,2024-12-01,568,1012,472,1,1107,935,0,0,62301.96
I001065,2024-05-31,W06,Hyderabad,South,P021,P021-05-W06,2023-06-01,2025-06-01,1800,743,682,9,1852,806,0,0,134677.44
I001066,2024-05-31,W06,Hyderabad,South,P022,P022-05-W06,2023-03-01,2024-09-01,1018,1416,1526,8,900,722,0,0,69984
I001067,2024-05-31,W06,Hyderabad,South,P023,P023-05-W06,2023-03-01,2025-09-01,1769,645,1390,8,1016,777,0,0,95036.64
I001068,2024-05-31,W06,Hyderabad,South,P024,P024-05-W06,2023-06-01,2025-06-01,2567,1147,1058,13,2643,990,0,0,572368.08
I001069,2024-05-31,W06,Hyderabad,South,P025,P025-05-W06,2023-06-01,2024-12-01,2037,792,1745,10,1074,706,0,0,16604.04
I001070,2024-05-31,W06,Hyderabad,South,P026,P026-05-W06,2023-06-01,2024-12-01,1124,217,1341,0,0,705,3,0,0
I001071,2024-05-31,W06,Hyderabad,South,P027,P027-05-W06,2023-12-01,2025-06-01,889,1427,1007,15,1294,691,0,0,44500.66
I001072,2024-05-31,W06,Hyderabad,South,P028,P028-05-W06,2023-03-01,2025-09-01,1850,827,579,9,2089,639,0,0,93085.84
I001073,2024-05-31,W06,Hyderabad,South,P029,P029-05-W06,2023-09-01,2026-09-01,1695,91,942,7,837,871,0,0,53944.65
I001074,2024-05-31,W06,Hyderabad,South,P030,P030-05-W06,2023-06-01,2026-06-01,2546,95,1906,6,729,594,0,0,45475.02
I001075,2024-05-31,W06,Hyderabad,South,P031,P031-05-W06,2023-03-01,2026-03-01,1836,34,895,13,962,651,0,0,56248.14
I001076,2024-05-31,W06,Hyderabad,South,P032,P032-05-W06,2023-06-01,2025-12-01,1275,992,731,11,1525,922,0,0,78766.25
I001077,2024-05-31,W06,Hyderabad,South,P033,P033-05-W06,2023-12-01,2026-06-01,1007,1247,1010,6,1238,828,0,0,86944.74
I001078,2024-05-31,W06,Hyderabad,South,P034,P034-05-W06,2023-06-01,2024-12-01,1721,739,1667,16,777,963,0,0,51398.55
I001079,2024-05-31,W06,Hyderabad,South,P035,P035-05-W06,2023-06-01,2025-12-01,1287,655,601,13,1328,719,0,0,118218.56
I001080,2024-05-31,W06,Hyderabad,South,P036,P036-05-W06,2023-09-01,2025-03-01,2534,219,1906,11,836,586,0,0,189680.04
I001081,2024-06-30,W01,Delhi,North,P001,P001-06-W01,2024-01-01,2027-01-01,2008,639,1633,11,1003,657,0,0,20992.79
I001082,2024-06-30,W01,Delhi,North,P002,P002-06-W01,2024-01-01,2027-01-01,910,840,1674,7,69,933,0,0,1676.01
I001083,2024-06-30,W01,Delhi,North,P003,P003-06-W01,2023-04-01,2025-04-01,586,703,669,6,614,965,0,0,23798.64
I001084,2024-06-30,W01,Delhi,North,P004,P004-06-W01,2024-01-01,2025-07-01,1008,129,1137,0,0,829,2,0,0
I001085,2024-06-30,W01,Delhi,North,P005,P005-06-W01,2023-10-01,2026-04-01,1759,966,1925,3,797,536,0,0,36279.44
I001086,2024-06-30,W01,Delhi,North,P006,P006-06-W01,2023-07-01,2025-01-01,2465,885,506,11,2833,615,0,0,164398.99
I001087,2024-06-30,W01,Delhi,North,P007,P007-06-W01,2024-01-01,2025-07-01,2247,437,1191,2,1491,945,0,0,93783.9
I001088,2024-06-30,W01,Delhi,North,P008,P008-06-W01,2023-10-01,2026-04-01,1530,125,889,15,751,900,0,0,48124.08
I001089,2024-06-30,W01,Delhi,North,P009,P009-06-W01,2024-01-01,2025-07-01,1222,1107,604,15,1710,742,0,0,110585.7
I001090,2024-06-30,W01,Delhi,North,P010,P010-06-W01,2023-07-01,2026-07-01,1107,680,1394,1,392,758,0,0,29004.08
I001091,2024-06-30,W01,Delhi,North,P011,P011-06-W01,2023-10-01,2026-04-01,2135,1314,1904,15,1530,978,0,0,144768.6
I001092,2024-06-30,W01,Delhi,North,P012,P012-06-W01,2023-04-01,2026-04-01,1501,960,869,11,1581,746,0,0,351298.2
I001093,2024-06-30,W01,Delhi,North,P013,P013-06-W01,2023-10-01,2025-04-01,2239,556,933,2,1860,950,0,0,50666.4
I001094,2024-06-30,W01,Delhi,North,P014,P014-06-W01,2024-01-01,2025-07-01,768,245,1013,0,0,684,7,0,0
I001095,2024-06-30,W01,Delhi,North,P015,P015-06-W01,2024-01-01,2027-01-01,2108,1223,1643,15,1673,566,0,0,47513.2
I001096,2024-06-30,W01,Delhi,North,P016,P016-06-W01,2023-07-01,2026-01-01,1014,698,562,2,1148,969,0,0,55609.12
I001097,2024-06-30,W01,Delhi,North,P017,P017-06-W01,2023-10-01,2026-04-01,792,158,950,0,0,959,3,0,0
I001098,2024-06-30,W01,Delhi,North,P018,P018-06-W01,2023-07-01,2026-01-01,1617,1239,1938,7,911,815,0,0,62285.07
I001099,2024-06-30,W01,Delhi,North,P019,P019-06-W01,2024-01-01,2026-01-01,2318,1453,1871,10,1890,943,0,0,131203.8
I001100,2024-06-30,W01,Delhi,North,P020,P020-06-W01,2024-01-01,2025-07-01,2134,1376,869,12,2629,704,0,0,147960.12
I001101,2024-06-30,W01,Delhi,North,P021,P021-06-W01,2023-07-01,2025-07-01,2111,298,1448,12,949,548,0,0,69011.28
I001102,2024-06-30,W01,Delhi,North,P022,P022-06-W01,2023-10-01,2025-04-01,1841,917,1896,1,861,833,0,0,66951.36
I001103,2024-06-30,W01,Delhi,North,P023,P023-06-W01,2024-01-01,2026-07-01,611,1193,513,15,1276,918,0,0,119357.04
I001104,2024-06-30,W01,Delhi,North,P024,P024-06-W01,2023-04-01,2025-04-01,2101,456,1065,1,1491,949,0,0,322890.96
I001105,2024-06-30,W01,Delhi,North,P025,P025-06-W01,2023-10-01,2025-04-01,2577,1151,513,10,3205,520,0,0,49549.3
I001106,2024-06-30,W01,Delhi,North,P026,P026-06-W01,2024-01-01,2025-07-01,1883,1480,1400,15,1948,953,0,0,49829.84
I001107,2024-06-30,W01,Delhi,North,P027,P027-06-W01,2023-07-01,2025-01-01,1902,259,1815,1,345,661,0,0,11864.55
I001108,2024-06-30,W01,Delhi,North,P028,P028-06-W01,2023-10-01,2026-04-01,1050,915,1733,14,218,503,0,0,9714.08
I001109,2024-06-30,W01,Delhi,North,P029,P029-06-W01,2023-04-01,2026-04-01,2595,1203,1309,7,2482,677,0,0,159964.9
I001110,2024-06-30,W01,Delhi,North,P030,P030-06-W01,2023-04-01,2026-04-01,2185,427,960,4,1648,636,0,0,102802.24
I001111,2024-06-30,W01,Delhi,North,P031,P031-06-W01,2023-04-01,2026-04-01,408,1115,495,6,1022,718,0,0,59756.34
I001112,2024-06-30,W01,Delhi,North,P032,P032-06-W01,2023-07-01,2026-01-01,1845,713,1560,11,987,712,0,0,50978.55
I001113,2024-06-30,W01,Delhi,North,P033,P033-06-W01,2024-01-01,2026-07-01,2062,947,589,9,2411,993,0,0,169324.53
I001114,2024-06-30,W01,Delhi,North,P034,P034-06-W01,2023-04-01,2024-10-01,2267,933,1116,2,2082,613,0,0,137724.3
I001115,2024-06-30,W01,Delhi,North,P035,P035-06-W01,2023-10-01,2026-04-01,1178,929,573,2,1532,963,0,0,136378.64
I001116,2024-06-30,W01,Delhi,North,P036,P036-06-W01,2023-04-01,2024-10-01,2543,1284,1427,11,2389,741,0,0,542040.21
I001117,2024-06-30,W02,Mumbai,West,P001,P001-06-W02,2023-10-01,2026-10-01,2203,568,963,1,1807,605,0,0,37820.51
I001118,2024-06-30,W02,Mumbai,West,P002,P002-06-W02,2023-10-01,2026-10-01,1378,1096,700,1,1773,516,0,0,43066.17
I001119,2024-06-30,W02,Mumbai,West,P003,P003-06-W02,2023-10-01,2025-10-01,1522,1005,1472,12,1043,987,0,0,40426.68
I001120,2024-06-30,W02,Mumbai,West,P004,P004-06-W02,2023-07-01,2025-01-01,2339,212,660,15,1876,654,0,0,67123.28
I001121,2024-06-30,W02,Mumbai,West,P005,P005-06-W02,2024-01-01,2026-07-01,541,418,602,0,357,523,0,0,16250.64
I001122,2024-06-30,W02,Mumbai,West,P006,P006-06-W02,2024-01-01,2025-07-01,2031,1286,818,2,2497,669,0,0,144900.91
I001123,2024-06-30,W02,Mumbai,West,P007,P007-06-W02,2023-07-01,2025-01-01,637,557,1078,13,103,893,0,0,6478.7
I001124,2024-06-30,W02,Mumbai,West,P008,P008-06-W02,2023-07-01,2026-01-01,1591,497,491,7,1590,657,0,0,101887.2
I001125,2024-06-30,W02,Mumbai,West,P009,P009-06-W02,2024-01-01,2025-07-01,866,836,1416,14,272,759,0,0,17590.24
I001126,2024-06-30,W02,Mumbai,West,P010,P010-06-W02,2024-01-01,2027-01-01,1032,1079,1050,4,1057,528,0,0,78207.43
I001127,2024-06-30,W02,Mumbai,West,P011,P011-06-W02,2023-04-01,2025-10-01,2214,326,783,6,1751,501,0,0,165679.62
I001128,2024-06-30,W02,Mumbai,West,P012,P012-06-W02,2023-07-01,2026-07-01,2545,410,1249,14,1692,999,0,0,375962.4
I001129,2024-06-30,W02,Mumbai,West,P013,P013-06-W02,2023-07-01,2025-01-01,785,1316,1201,16,884,858,0,0,24080.16
I001130,2024-06-30,W02,Mumbai,West,P014,P014-06-W02,2023-10-01,2025-04-01,984,795,1369,9,401,785,0,0,10161.34
I001131,2024-06-30,W02,Mumbai,West,P015,P015-06-W02,2023-04-01,2026-04-01,1229,1044,488,14,1771,953,0,0,50296.4
I001132,2024-06-30,W02,Mumbai,West,P016,P016-06-W02,2023-10-01,2026-04-01,1932,1456,759,12,2617,520,0,0,126767.48
I001133,2024-06-30,W02,Mumbai,West,P017,P017-06-W02,2024-01-01,2026-07-01,863,513,1253,12,111,829,0,0,5463.42
I001134,2024-06-30,W02,Mumbai,West,P018,P018-06-W02,2024-01-01,2026-07-01,489,116,605,0,0,622,5,0,0
I001135,2024-06-30,W02,Mumbai,West,P019,P019-06-W02,2023-07-01,2025-07-01,2214,1126,1362,7,1971,525,0,0,136826.82
I001136,2024-06-30,W02,Mumbai,West,P020,P020-06-W02,2023-04-01,2024-10-01,2475,1015,584,12,2894,573,0,0,162874.32
I001137,2024-06-30,W02,Mumbai,West,P021,P021-06-W02,2024-01-01,2026-01-01,541,498,1039,0,0,541,12,0,0
I001138,2024-06-30,W02,Mumbai,West,P022,P022-06-W02,2023-10-01,2025-04-01,2190,691,832,1,2048,868,0,0,159252.48
I001139,2024-06-30,W02,Mumbai,West,P023,P023-06-W02,2023-07-01,2026-01-01,1724,1500,651,11,2562,778,0,0,239649.48
I001140,2024-06-30,W02,Mumbai,West,P024,P024-06-W02,2023-10-01,2025-10-01,869,838,1488,5,214,928,0,0,46343.84
I001141,2024-06-30,W02,Mumbai,West,P025,P025-06-W02,2023-10-01,2025-04-01,2378,1187,1140,13,2412,903,0,0,37289.52
I001142,2024-06-30,W02,Mumbai,West,P026,P026-06-W02,2023-04-01,2024-10-01,2524,1307,1539,0,2292,769,0,0,58629.36
I001143,2024-06-30,W02,Mumbai,West,P027,P027-06-W02,2024-01-01,2025-07-01,1882,225,1330,5,772,661,0,0,26549.08
I001144,2024-06-30,W02,Mumbai,West,P028,P028-06-W02,2024-01-01,2026-07-01,616,870,1486,0,0,732,9,0,0
I001145,2024-06-30,W02,Mumbai,West,P029,P029-06-W02,2023-07-01,2026-07-01,2434,403,1263,11,1563,609,0,0,100735.35
I001146,2024-06-30,W02,Mumbai,West,P030,P030-06-W02,2023-04-01,2026-04-01,1435,272,710,14,983,639,0,0,61319.54
I001147,2024-06-30,W02,Mumbai,West,P031,P031-06-W02,2023-04-01,2026-04-01,2457,158,1511,2,1102,951,0,0,64433.94
I001148,2024-06-30,W02,Mumbai,West,P032,P032-06-W02,2023-04-01,2025-10-01,1713,357,1306,2,762,873,0,0,39357.3
I001149,2024-06-30,W02,Mumbai,West,P033,P033-06-W02,2024-01-01,2026-07-01,2506,229,949,8,1778,803,0,0,124868.94
I001150,2024-06-30,W02,Mumbai,West,P034,P034-06-W02,2024-01-01,2025-07-01,1521,459,1112,16,852,547,0,0,56359.8
I001151,2024-06-30,W02,Mumbai,West,P035,P035-06-W02,2024-01-01,2026-07-01,417,1346,1145,6,612,910,0,0,54480.24
I001152,2024-06-30,W02,Mumbai,West,P036,P036-06-W02,2024-01-01,2025-07-01,568,1113,1681,0,0,612,8,0,0
I001153,2024-06-30,W03,Bengaluru,South,P001,P001-06-W03,2024-01-01,2027-01-01,1152,1421,1408,11,1154,940,0,0,24153.22
I001154,2024-06-30,W03,Bengaluru,South,P002,P002-06-W03,2023-04-01,2026-04-01,455,832,1031,12,244,516,0,0,5926.76
I001155,2024-06-30,W03,Bengaluru,South,P003,P003-06-W03,2024-01-01,2026-01-01,797,551,1323,9,16,724,0,0,620.16
I001156,2024-06-30,W03,Bengaluru,South,P004,P004-06-W03,2023-04-01,2024-10-01,439,787,1226,0,0,663,5,0,0
I001157,2024-06-30,W03,Bengaluru,South,P005,P005-06-W03,2023-04-01,2025-10-01,1955,652,1789,1,817,671,0,0,37189.84
I001158,2024-06-30,W03,Bengaluru,South,P006,P006-06-W03,2024-01-01,2025-07-01,692,349,915,8,118,534,0,0,6847.54
I001159,2024-06-30,W03,Bengaluru,South,P007,P007-06-W03,2023-10-01,2025-04-01,470,1206,1676,0,0,599,12,0,0
I001160,2024-06-30,W03,Bengaluru,South,P008,P008-06-W03,2023-04-01,2025-10-01,1052,764,610,7,1199,643,0,0,76831.92
I001161,2024-06-30,W03,Bengaluru,South,P009,P009-06-W03,2023-04-01,2024-10-01,538,1122,718,5,937,893,0,0,60595.79
I001162,2024-06-30,W03,Bengaluru,South,P010,P010-06-W03,2024-01-01,2027-01-01,2592,1065,709,5,2943,690,0,0,217752.57
I001163,2024-06-30,W03,Bengaluru,South,P011,P011-06-W03,2023-07-01,2026-01-01,434,642,706,9,361,591,0,0,34157.82
I001164,2024-06-30,W03,Bengaluru,South,P012,P012-06-W03,2023-04-01,2026-04-01,2252,404,778,6,1872,866,0,0,415958.4
I001165,2024-06-30,W03,Bengaluru,South,P013,P013-06-W03,2023-10-01,2025-04-01,1405,237,873,0,769,966,0,0,20947.56
I001166,2024-06-30,W03,Bengaluru,South,P014,P014-06-W03,2023-04-01,2024-10-01,2013,111,1528,13,583,991,0,0,14773.22
I001167,2024-06-30,W03,Bengaluru,South,P015,P015-06-W03,2024-01-01,2027-01-01,1474,788,1284,10,968,690,0,0,27491.2
I001168,2024-06-30,W03,Bengaluru,South,P016,P016-06-W03,2024-01-01,2026-07-01,2371,566,1218,5,1714,710,0,0,83026.16
I001169,2024-06-30,W03,Bengaluru,South,P017,P017-06-W03,2023-04-01,2025-10-01,1936,304,538,12,1690,612,0,0,83181.8
I001170,2024-06-30,W03,Bengaluru,South,P018,P018-06-W03,2024-01-01,2026-07-01,856,263,1119,0,0,661,8,0,0
I001171,2024-06-30,W03,Bengaluru,South,P019,P019-06-W03,2023-10-01,2025-10-01,609,887,1042,2,452,969,0,0,31377.84
I001172,2024-06-30,W03,Bengaluru,South,P020,P020-06-W03,2023-07-01,2025-01-01,1330,176,990,8,508,539,0,0,28590.24
I001173,2024-06-30,W03,Bengaluru,South,P021,P021-06-W03,2023-04-01,2025-04-01,2200,273,1138,14,1321,724,0,0,96063.12
I001174,2024-06-30,W03,Bengaluru,South,P022,P022-06-W03,2023-07-01,2025-01-01,1779,1200,1874,8,1097,539,0,0,85302.72
I001175,2024-06-30,W03,Bengaluru,South,P023,P023-06-W03,2023-04-01,2025-10-01,1889,887,1017,10,1749,964,0,0,163601.46
I001176,2024-06-30,W03,Bengaluru,South,P024,P024-06-W03,2024-01-01,2026-01-01,1781,1441,1534,4,1684,805,0,0,364687.04
I001177,2024-06-30,W03,Bengaluru,South,P025,P025-06-W03,2023-10-01,2025-04-01,1646,469,1651,5,459,988,0,0,7096.14
I001178,2024-06-30,W03,Bengaluru,South,P026,P026-06-W03,2024-01-01,2025-07-01,1728,1390,1626,3,1489,734,0,0,38088.62
I001179,2024-06-30,W03,Bengaluru,South,P027,P027-06-W03,2023-07-01,2025-01-01,1435,1208,1607,15,1021,532,0,0,35112.19
I001180,2024-06-30,W03,Bengaluru,South,P028,P028-06-W03,2023-04-01,2025-10-01,1720,888,991,12,1605,923,0,0,71518.8
I001181,2024-06-30,W03,Bengaluru,South,P029,P029-06-W03,2023-07-01,2026-07-01,1435,1414,787,9,2053,990,0,0,132315.85
I001182,2024-06-30,W03,Bengaluru,South,P030,P030-06-W03,2023-07-01,2026-07-01,691,404,791,8,296,735,0,0,18464.48
I001183,2024-06-30,W03,Bengaluru,South,P031,P031-06-W03,2024-01-01,2027-01-01,1393,1369,1684,2,1076,931,0,0,62913.72
I001184,2024-06-30,W03,Bengaluru,South,P032,P032-06-W03,2024-01-01,2026-07-01,1838,480,1728,6,584,686,0,0,30163.6
I001185,2024-06-30,W03,Bengaluru,South,P033,P033-06-W03,2023-07-01,2026-01-01,2402,74,1122,10,1344,980,0,0,94389.12
I001186,2024-06-30,W03,Bengaluru,South,P034,P034-06-W03,2024-01-01,2025-07-01,2468,276,726,9,2009,547,0,0,132895.35
I001187,2024-06-30,W03,Bengaluru,South,P035,P035-06-W03,2023-10-01,2026-04-01,1610,504,1784,13,317,801,0,0,28219.34
I001188,2024-06-30,W03,Bengaluru,South,P036,P036-06-W03,2023-07-01,2025-01-01,1912,999,824,13,2074,677,0,0,470569.86
I001189,2024-06-30,W04,Kolkata,East,P001,P001-06-W04,2024-01-01,2027-01-01,1677,841,1237,11,1270,985,0,0,26581.1
I001190,2024-06-30,W04,Kolkata,East,P002,P002-06-W04,2023-07-01,2026-07-01,2304,870,1933,13,1228,755,0,0,29828.12
I001191,2024-06-30,W04,Kolkata,East,P003,P003-06-W04,2024-01-01,2026-01-01,2356,540,506,13,2377,835,0,0,92132.52
I001192,2024-06-30,W04,Kolkata,East,P004,P004-06-W04,2023-07-01,2025-01-01,1786,188,452,7,1515,663,0,0,54206.7
I001193,2024-06-30,W04,Kolkata,East,P005,P005-06-W04,2023-04-01,2025-10-01,1533,952,1167,14,1304,613,0,0,59358.08
I001194,2024-06-30,W04,Kolkata,East,P006,P006-06-W04,2023-10-01,2025-04-01,2237,885,617,8,2497,930,0,0,144900.91
I001195,2024-06-30,W04,Kolkata,East,P007,P007-06-W04,2024-01-01,2025-07-01,596,107,703,0,0,973,6,0,0
I001196,2024-06-30,W04,Kolkata,East,P008,P008-06-W04,2024-01-01,2026-07-01,943,1420,1852,9,502,522,0,0,32168.16
I001197,2024-06-30,W04,Kolkata,East,P009,P009-06-W04,2023-10-01,2025-04-01,2058,740,797,13,1988,815,0,0,128563.96
I001198,2024-06-30,W04,Kolkata,East,P010,P010-06-W04,2023-07-01,2026-07-01,1621,1394,799,10,2206,853,0,0,163221.94
I001199,2024-06-30,W04,Kolkata,East,P011,P011-06-W04,2023-07-01,2026-01-01,627,1370,1846,4,147,530,0,0,13909.14
I001200,2024-06-30,W04,Kolkata,East,P012,P012-06-W04,2023-07-01,2026-07-01,441,552,627,14,352,632,0,0,78214.4
I001201,2024-06-30,W04,Kolkata,East,P013,P013-06-W04,2023-04-01,2024-10-01,1776,1011,781,5,2001,793,0,0,54507.24
I001202,2024-06-30,W04,Kolkata,East,P014,P014-06-W04,2023-10-01,2025-04-01,1099,844,994,10,939,846,0,0,23794.26
I001203,2024-06-30,W04,Kolkata,East,P015,P015-06-W04,2023-07-01,2026-07-01,839,875,1634,15,65,649,0,0,1846
I001204,2024-06-30,W04,Kolkata,East,P016,P016-06-W04,2023-10-01,2026-04-01,1654,153,1012,4,791,704,0,0,38316.04
I001205,2024-06-30,W04,Kolkata,East,P017,P017-06-W04,2023-04-01,2025-10-01,2384,539,1938,14,971,758,0,0,47792.62
I001206,2024-06-30,W04,Kolkata,East,P018,P018-06-W04,2023-07-01,2026-01-01,2225,1152,823,6,2548,578,0,0,174206.76
I001207,2024-06-30,W04,Kolkata,East,P019,P019-06-W04,2024-01-01,2026-01-01,1687,535,980,6,1236,752,0,0,85803.12
I001208,2024-06-30,W04,Kolkata,East,P020,P020-06-W04,2023-04-01,2024-10-01,808,1084,1892,0,0,722,10,0,0
I001209,2024-06-30,W04,Kolkata,East,P021,P021-06-W04,2024-01-01,2026-01-01,415,1223,1448,12,178,773,0,0,12944.16
I001210,2024-06-30,W04,Kolkata,East,P022,P022-06-W04,2024-01-01,2025-07-01,2381,1332,1061,14,2638,743,0,0,205130.88
I001211,2024-06-30,W04,Kolkata,East,P023,P023-06-W04,2023-07-01,2026-01-01,1543,1288,1387,7,1437,764,0,0,134416.98
I001212,2024-06-30,W04,Kolkata,East,P024,P024-06-W04,2023-04-01,2025-04-01,2110,412,1277,1,1244,884,0,0,269400.64
I001213,2024-06-30,W04,Kolkata,East,P025,P025-06-W04,2023-10-01,2025-04-01,1795,1263,794,7,2257,884,0,0,34893.22
I001214,2024-06-30,W04,Kolkata,East,P026,P026-06-W04,2023-10-01,2025-04-01,2455,247,1405,12,1285,871,0,0,32870.3
I001215,2024-06-30,W04,Kolkata,East,P027,P027-06-W04,2023-04-01,2024-10-01,1453,261,757,4,953,843,0,0,32773.67
I001216,2024-06-30,W04,Kolkata,East,P028,P028-06-W04,2023-07-01,2026-01-01,605,738,533,12,798,670,0,0,35558.88
I001217,2024-06-30,W04,Kolkata,East,P029,P029-06-W04,2023-07-01,2026-07-01,2215,272,729,1,1757,935,0,0,113238.65
I001218,2024-06-30,W04,Kolkata,East,P030,P030-06-W04,2023-07-01,2026-07-01,1600,1415,1533,4,1478,918,0,0,92197.64
I001219,2024-06-30,W04,Kolkata,East,P031,P031-06-W04,2023-07-01,2026-07-01,1047,1167,1663,3,548,721,0,0,32041.56
I001220,2024-06-30,W04,Kolkata,East,P032,P032-06-W04,2023-07-01,2026-01-01,707,918,1602,3,20,893,0,0,1033
I001221,2024-06-30,W04,Kolkata,East,P033,P033-06-W04,2023-10-01,2026-04-01,1057,435,1044,9,439,963,0,0,30830.97
I001222,2024-06-30,W04,Kolkata,East,P034,P034-06-W04,2023-07-01,2025-01-01,970,1453,1591,5,827,796,0,0,54706.05
I001223,2024-06-30,W04,Kolkata,East,P035,P035-06-W04,2023-10-01,2026-04-01,2120,90,679,14,1517,711,0,0,135043.34
I001224,2024-06-30,W04,Kolkata,East,P036,P036-06-W04,2024-01-01,2025-07-01,1402,1302,1931,2,771,557,0,0,174932.19
I001225,2024-06-30,W05,Indore,Central,P001,P001-06-W05,2023-07-01,2026-07-01,486,1007,540,9,944,572,0,0,19757.92
I001226,2024-06-30,W05,Indore,Central,P002,P002-06-W05,2024-01-01,2027-01-01,1851,882,1378,6,1349,502,0,0,32767.21
I001227,2024-06-30,W05,Indore,Central,P003,P003-06-W05,2023-10-01,2025-10-01,785,1384,1757,8,404,792,0,0,15659.04
I001228,2024-06-30,W05,Indore,Central,P004,P004-06-W05,2023-10-01,2025-04-01,716,198,914,0,0,837,13,0,0
I001229,2024-06-30,W05,Indore,Central,P005,P005-06-W05,2023-07-01,2026-01-01,2358,1343,1366,14,2321,559,0,0,105651.92
I001230,2024-06-30,W05,Indore,Central,P006,P006-06-W05,2023-10-01,2025-04-01,1009,1217,508,2,1716,811,0,0,99579.48
I001231,2024-06-30,W05,Indore,Central,P007,P007-06-W05,2023-10-01,2025-04-01,1952,720,1451,5,1216,769,0,0,76486.4
I001232,2024-06-30,W05,Indore,Central,P008,P008-06-W05,2023-10-01,2026-04-01,621,547,1168,0,0,510,12,0,0
I001233,2024-06-30,W05,Indore,Central,P009,P009-06-W05,2023-04-01,2024-10-01,1225,924,975,10,1164,918,0,0,75275.88
I001234,2024-06-30,W05,Indore,Central,P010,P010-06-W05,2023-10-01,2026-10-01,2479,848,1727,8,1592,802,0,0,117792.08
I001235,2024-06-30,W05,Indore,Central,P011,P011-06-W05,2023-10-01,2026-04-01,1261,782,1811,14,218,612,0,0,20627.16
I001236,2024-06-30,W05,Indore,Central,P012,P012-06-W05,2023-07-01,2026-07-01,713,250,963,0,0,596,1,0,0
I001237,2024-06-30,W05,Indore,Central,P013,P013-06-W05,2023-07-01,2025-01-01,1508,855,1099,13,1251,637,0,0,34077.24
I001238,2024-06-30,W05,Indore,Central,P014,P014-06-W05,2024-01-01,2025-07-01,696,320,1016,0,0,636,10,0,0
I001239,2024-06-30,W05,Indore,Central,P015,P015-06-W05,2023-10-01,2026-10-01,557,1279,1815,14,7,590,0,0,198.8
I001240,2024-06-30,W05,Indore,Central,P016,P016-06-W05,2024-01-01,2026-07-01,1280,1131,812,3,1596,910,0,0,77310.24
I001241,2024-06-30,W05,Indore,Central,P017,P017-06-W05,2024-01-01,2026-07-01,1063,573,1630,5,1,759,0,0,49.22
I001242,2024-06-30,W05,Indore,Central,P018,P018-06-W05,2023-07-01,2026-01-01,673,932,1026,9,570,924,0,0,38970.9
I001243,2024-06-30,W05,Indore,Central,P019,P019-06-W05,2023-10-01,2025-10-01,1209,607,1816,0,0,667,3,0,0
I001244,2024-06-30,W05,Indore,Central,P020,P020-06-W05,2024-01-01,2025-07-01,1893,631,1353,9,1162,781,0,0,65397.36
I001245,2024-06-30,W05,Indore,Central,P021,P021-06-W05,2023-07-01,2025-07-01,1879,1371,1421,8,1821,524,0,0,132423.12
I001246,2024-06-30,W05,Indore,Central,P022,P022-06-W05,2023-07-01,2025-01-01,1691,925,1687,13,916,971,0,0,71228.16
I001247,2024-06-30,W05,Indore,Central,P023,P023-06-W05,2023-04-01,2025-10-01,2256,1307,1036,15,2512,749,0,0,234972.48
I001248,2024-06-30,W05,Indore,Central,P024,P024-06-W05,2023-04-01,2025-04-01,2111,836,1893,6,1048,989,0,0,226954.88
I001249,2024-06-30,W05,Indore,Central,P025,P025-06-W05,2024-01-01,2025-07-01,2424,44,1594,5,869,557,0,0,13434.74
I001250,2024-06-30,W05,Indore,Central,P026,P026-06-W05,2024-01-01,2025-07-01,644,1296,903,5,1032,850,0,0,26398.56
I001251,2024-06-30,W05,Indore,Central,P027,P027-06-W05,2023-04-01,2024-10-01,1361,1284,1202,14,1429,585,0,0,49143.31
I001252,2024-06-30,W05,Indore,Central,P028,P028-06-W05,2023-04-01,2025-10-01,1913,613,1917,5,604,663,0,0,26914.24
I001253,2024-06-30,W05,Indore,Central,P029,P029-06-W05,2023-07-01,2026-07-01,1536,337,1245,6,622,505,0,0,40087.9
I001254,2024-06-30,W05,Indore,Central,P030,P030-06-W05,2023-10-01,2026-10-01,505,99,604,0,0,737,3,0,0
I001255,2024-06-30,W05,Indore,Central,P031,P031-06-W05,2024-01-01,2027-01-01,2459,824,1528,9,1746,541,0,0,102088.62
I001256,2024-06-30,W05,Indore,Central,P032,P032-06-W05,2023-10-01,2026-04-01,1054,415,1469,0,0,979,8,0,0
I001257,2024-06-30,W05,Indore,Central,P033,P033-06-W05,2024-01-01,2026-07-01,1278,961,906,8,1325,759,0,0,93054.75
I001258,2024-06-30,W05,Indore,Central,P034,P034-06-W05,2023-04-01,2024-10-01,1752,154,1906,0,0,853,6,0,0
I001259,2024-06-30,W05,Indore,Central,P035,P035-06-W05,2023-04-01,2025-10-01,1791,803,1187,9,1398,650,0,0,124449.96
I001260,2024-06-30,W05,Indore,Central,P036,P036-06-W05,2023-10-01,2025-04-01,599,762,1361,0,0,949,1,0,0
I001261,2024-06-30,W06,Hyderabad,South,P001,P001-06-W06,2023-07-01,2026-07-01,1395,1489,1445,10,1429,642,0,0,29908.97
I001262,2024-06-30,W06,Hyderabad,South,P002,P002-06-W06,2023-07-01,2026-07-01,958,923,461,2,1418,820,0,0,34443.22
I001263,2024-06-30,W06,Hyderabad,South,P003,P003-06-W06,2023-10-01,2025-10-01,1470,34,1504,0,0,582,4,0,0
I001264,2024-06-30,W06,Hyderabad,South,P004,P004-06-W06,2024-01-01,2025-07-01,668,237,905,0,0,681,9,0,0
I001265,2024-06-30,W06,Hyderabad,South,P005,P005-06-W06,2024-01-01,2026-07-01,835,280,1115,0,0,627,11,0,0
I001266,2024-06-30,W06,Hyderabad,South,P006,P006-06-W06,2023-04-01,2024-10-01,796,999,1664,7,124,665,0,0,7195.72
I001267,2024-06-30,W06,Hyderabad,South,P007,P007-06-W06,2023-07-01,2025-01-01,2224,1089,491,15,2807,694,0,0,176560.3
I001268,2024-06-30,W06,Hyderabad,South,P008,P008-06-W06,2023-04-01,2025-10-01,1714,279,1666,7,320,561,0,0,20505.6
I001269,2024-06-30,W06,Hyderabad,South,P009,P009-06-W06,2023-07-01,2025-01-01,722,1157,1026,10,843,943,0,0,54516.81
I001270,2024-06-30,W06,Hyderabad,South,P010,P010-06-W06,2023-07-01,2026-07-01,1552,608,1410,8,742,977,0,0,54900.58
I001271,2024-06-30,W06,Hyderabad,South,P011,P011-06-W06,2024-01-01,2026-07-01,2392,168,856,9,1695,660,0,0,160380.9
I001272,2024-06-30,W06,Hyderabad,South,P012,P012-06-W06,2024-01-01,2027-01-01,832,1107,516,9,1414,905,0,0,314190.8
I001273,2024-06-30,W06,Hyderabad,South,P013,P013-06-W06,2023-07-01,2025-01-01,744,1272,1319,1,696,605,0,0,18959.04
I001274,2024-06-30,W06,Hyderabad,South,P014,P014-06-W06,2023-04-01,2024-10-01,2550,351,948,11,1942,834,0,0,49210.28
I001275,2024-06-30,W06,Hyderabad,South,P015,P015-06-W06,2024-01-01,2027-01-01,1537,658,1282,8,905,996,0,0,25702
I001276,2024-06-30,W06,Hyderabad,South,P016,P016-06-W06,2023-10-01,2026-04-01,841,1306,1672,2,473,686,0,0,22912.12
I001277,2024-06-30,W06,Hyderabad,South,P017,P017-06-W06,2024-01-01,2026-07-01,534,428,962,0,0,643,13,0,0
I001278,2024-06-30,W06,Hyderabad,South,P018,P018-06-W06,2024-01-01,2026-07-01,2494,171,814,14,1837,925,0,0,125595.69
I001279,2024-06-30,W06,Hyderabad,South,P019,P019-06-W06,2023-04-01,2025-04-01,1501,1376,1923,5,949,766,0,0,65879.58
I001280,2024-06-30,W06,Hyderabad,South,P020,P020-06-W06,2023-10-01,2025-04-01,1704,246,839,7,1104,709,0,0,62133.12
I001281,2024-06-30,W06,Hyderabad,South,P021,P021-06-W06,2023-04-01,2025-04-01,2563,746,1615,13,1681,777,0,0,122242.32
I001282,2024-06-30,W06,Hyderabad,South,P022,P022-06-W06,2023-04-01,2024-10-01,1575,1401,1354,0,1622,557,0,0,126126.72
I001283,2024-06-30,W06,Hyderabad,South,P023,P023-06-W06,2023-10-01,2026-04-01,743,1446,532,16,1641,611,0,0,153499.14
I001284,2024-06-30,W06,Hyderabad,South,P024,P024-06-W06,2023-04-01,2025-04-01,2082,264,703,6,1637,737,0,0,354508.72
I001285,2024-06-30,W06,Hyderabad,South,P025,P025-06-W06,2023-04-01,2024-10-01,2529,548,1284,0,1793,824,0,0,27719.78
I001286,2024-06-30,W06,Hyderabad,South,P026,P026-06-W06,2023-04-01,2024-10-01,1912,1121,1238,3,1792,768,0,0,45839.36
I001287,2024-06-30,W06,Hyderabad,South,P027,P027-06-W06,2023-07-01,2025-01-01,469,1474,1869,14,60,619,0,0,2063.4
I001288,2024-06-30,W06,Hyderabad,South,P028,P028-06-W06,2023-04-01,2025-10-01,2194,444,1024,1,1613,555,0,0,71875.28
I001289,2024-06-30,W06,Hyderabad,South,P029,P029-06-W06,2024-01-01,2027-01-01,2596,915,1562,14,1935,725,0,0,124710.75
I001290,2024-06-30,W06,Hyderabad,South,P030,P030-06-W06,2023-10-01,2026-10-01,899,548,1447,0,0,687,7,0,0
I001291,2024-06-30,W06,Hyderabad,South,P031,P031-06-W06,2023-10-01,2026-10-01,663,612,621,2,652,902,0,0,38122.44
I001292,2024-06-30,W06,Hyderabad,South,P032,P032-06-W06,2023-10-01,2026-04-01,863,249,1112,0,0,877,4,0,0
I001293,2024-06-30,W06,Hyderabad,South,P033,P033-06-W06,2023-04-01,2025-10-01,1737,667,1369,7,1028,630,0,0,72196.44
I001294,2024-06-30,W06,Hyderabad,South,P034,P034-06-W06,2023-07-01,2025-01-01,1463,848,1306,5,1000,585,0,0,66150
I001295,2024-06-30,W06,Hyderabad,South,P035,P035-06-W06,2023-10-01,2026-04-01,2245,1172,1489,5,1923,552,0,0,171185.46
I001296,2024-06-30,W06,Hyderabad,South,P036,P036-06-W06,2023-04-01,2024-10-01,1042,1165,836,5,1366,871,0,0,309931.74
I001297,2024-07-31,W01,Delhi,North,P001,P001-07-W01,2023-08-01,2026-08-01,2471,700,1221,11,1939,591,0,0,40583.27
I001298,2024-07-31,W01,Delhi,North,P002,P002-07-W01,2024-02-01,2027-02-01,2301,726,1898,6,1123,602,0,0,27277.67
I001299,2024-07-31,W01,Delhi,North,P003,P003-07-W01,2023-08-01,2025-08-01,878,1363,891,13,1337,934,0,0,51822.12
I001300,2024-07-31,W01,Delhi,North,P004,P004-07-W01,2023-11-01,2025-05-01,656,351,1007,0,0,745,3,0,0
I001301,2024-07-31,W01,Delhi,North,P005,P005-07-W01,2024-02-01,2026-08-01,1331,1142,672,8,1793,804,0,0,81617.36
I001302,2024-07-31,W01,Delhi,North,P006,P006-07-W01,2023-05-01,2024-11-01,1269,486,1755,0,0,550,5,0,0
I001303,2024-07-31,W01,Delhi,North,P007,P007-07-W01,2024-02-01,2025-08-01,547,198,745,0,0,983,4,0,0
I001304,2024-07-31,W01,Delhi,North,P008,P008-07-W01,2024-02-01,2026-08-01,2333,1127,1827,1,1632,696,0,0,104578.56
I001305,2024-07-31,W01,Delhi,North,P009,P009-07-W01,2024-02-01,2025-08-01,505,617,1122,0,0,701,2,0,0
I001306,2024-07-31,W01,Delhi,North,P010,P010-07-W01,2024-02-01,2027-02-01,898,158,1056,0,0,878,1,0,0
I001307,2024-07-31,W01,Delhi,North,P011,P011-07-W01,2024-02-01,2026-08-01,1780,1262,1010,9,2023,942,0,0,191416.26
I001308,2024-07-31,W01,Delhi,North,P012,P012-07-W01,2023-11-01,2026-11-01,1352,1366,971,3,1744,743,0,0,387516.8
I001309,2024-07-31,W01,Delhi,North,P013,P013-07-W01,2023-08-01,2025-02-01,561,1316,1425,8,444,595,0,0,12094.56
I001310,2024-07-31,W01,Delhi,North,P014,P014-07-W01,2023-11-01,2025-05-01,1414,1434,626,12,2210,938,0,0,56001.4
I001311,2024-07-31,W01,Delhi,North,P015,P015-07-W01,2023-08-01,2026-08-01,2256,642,1946,1,951,584,0,0,27008.4
I001312,2024-07-31,W01,Delhi,North,P016,P016-07-W01,2024-02-01,2026-08-01,504,748,497,11,744,671,0,0,36039.36
I001313,2024-07-31,W01,Delhi,North,P017,P017-07-W01,2023-08-01,2026-02-01,1132,1199,1137,1,1193,935,0,0,58719.46
I001314,2024-07-31,W01,Delhi,North,P018,P018-07-W01,2024-02-01,2026-08-01,1953,1193,1159,6,1981,938,0,0,135440.97
I001315,2024-07-31,W01,Delhi,North,P019,P019-07-W01,2023-05-01,2025-05-01,994,636,839,8,783,523,0,0,54355.86
I001316,2024-07-31,W01,Delhi,North,P020,P020-07-W01,2023-08-01,2025-02-01,1996,1227,1062,9,2152,837,0,0,121114.56
I001317,2024-07-31,W01,Delhi,North,P021,P021-07-W01,2023-08-01,2025-08-01,1617,1126,1206,16,1521,631,0,0,110607.12
I001318,2024-07-31,W01,Delhi,North,P022,P022-07-W01,2024-02-01,2025-08-01,915,1230,1431,12,702,628,0,0,54587.52
I001319,2024-07-31,W01,Delhi,North,P023,P023-07-W01,2023-08-01,2026-02-01,849,269,1118,0,0,948,8,0,0
I001320,2024-07-31,W01,Delhi,North,P024,P024-07-W01,2023-11-01,2025-11-01,607,992,686,10,903,553,0,0,195553.68
I001321,2024-07-31,W01,Delhi,North,P025,P025-07-W01,2023-05-01,2024-11-01,1796,853,1176,13,1460,632,0,0,22571.6
I001322,2024-07-31,W01,Delhi,North,P026,P026-07-W01,2023-11-01,2025-05-01,1819,423,1199,13,1030,807,0,0,26347.4
I001323,2024-07-31,W01,Delhi,North,P027,P027-07-W01,2023-08-01,2025-02-01,1822,1011,1629,14,1190,702,0,0,40924.1
I001324,2024-07-31,W01,Delhi,North,P028,P028-07-W01,2023-08-01,2026-02-01,2090,1149,1636,7,1596,865,0,0,71117.76
I001325,2024-07-31,W01,Delhi,North,P029,P029-07-W01,2024-02-01,2027-02-01,507,42,549,0,0,663,10,0,0
I001326,2024-07-31,W01,Delhi,North,P030,P030-07-W01,2023-08-01,2026-08-01,872,360,1232,0,0,711,8,0,0
I001327,2024-07-31,W01,Delhi,North,P031,P031-07-W01,2023-08-01,2026-08-01,2351,306,690,6,1961,639,0,0,114659.67
I001328,2024-07-31,W01,Delhi,North,P032,P032-07-W01,2023-05-01,2025-11-01,1133,1011,1597,1,546,728,0,0,28200.9
I001329,2024-07-31,W01,Delhi,North,P033,P033-07-W01,2024-02-01,2026-08-01,2229,362,1081,15,1495,994,0,0,104993.85
I001330,2024-07-31,W01,Delhi,North,P034,P034-07-W01,2023-08-01,2025-02-01,718,618,1129,5,202,715,0,0,13362.3
I001331,2024-07-31,W01,Delhi,North,P035,P035-07-W01,2023-08-01,2026-02-01,1811,53,925,14,925,824,0,0,82343.5
I001332,2024-07-31,W01,Delhi,North,P036,P036-07-W01,2023-05-01,2024-11-01,950,340,740,11,539,835,0,0,122293.71
I001333,2024-07-31,W02,Mumbai,West,P001,P001-07-W02,2024-02-01,2027-02-01,2020,565,1672,10,903,845,0,0,18899.79
I001334,2024-07-31,W02,Mumbai,West,P002,P002-07-W02,2023-11-01,2026-11-01,2257,1269,1891,9,1626,800,0,0,39495.54
I001335,2024-07-31,W02,Mumbai,West,P003,P003-07-W02,2023-08-01,2025-08-01,979,1264,1308,3,932,949,0,0,36124.32
I001336,2024-07-31,W02,Mumbai,West,P004,P004-07-W02,2023-05-01,2024-11-01,2440,1059,1889,12,1598,820,0,0,57176.44
I001337,2024-07-31,W02,Mumbai,West,P005,P005-07-W02,2023-08-01,2026-02-01,807,927,747,5,982,934,0,0,44700.64
I001338,2024-07-31,W02,Mumbai,West,P006,P006-07-W02,2023-11-01,2025-05-01,1872,119,1670,3,318,636,0,0,18453.54
I001339,2024-07-31,W02,Mumbai,West,P007,P007-07-W02,2023-05-01,2024-11-01,1654,615,1491,8,770,627,0,0,48433
I001340,2024-07-31,W02,Mumbai,West,P008,P008-07-W02,2024-02-01,2026-08-01,1076,1010,1801,7,278,786,0,0,17814.24
I001341,2024-07-31,W02,Mumbai,West,P009,P009-07-W02,2024-02-01,2025-08-01,1644,1156,785,14,2001,509,0,0,129404.67
I001342,2024-07-31,W02,Mumbai,West,P010,P010-07-W02,2023-11-01,2026-11-01,824,928,1752,0,0,809,11,0,0
I001343,2024-07-31,W02,Mumbai,West,P011,P011-07-W02,2023-05-01,2025-11-01,1195,751,1745,3,198,671,0,0,18734.76
I001344,2024-07-31,W02,Mumbai,West,P012,P012-07-W02,2024-02-01,2027-02-01,449,743,1192,0,0,800,13,0,0
I001345,2024-07-31,W02,Mumbai,West,P013,P013-07-W02,2023-08-01,2025-02-01,2556,354,1680,13,1217,546,0,0,33151.08
I001346,2024-07-31,W02,Mumbai,West,P014,P014-07-W02,2023-11-01,2025-05-01,1564,1484,1470,6,1572,598,0,0,39834.48
I001347,2024-07-31,W02,Mumbai,West,P015,P015-07-W02,2023-11-01,2026-11-01,743,139,802,11,69,875,0,0,1959.6
I001348,2024-07-31,W02,Mumbai,West,P016,P016-07-W02,2023-05-01,2025-11-01,1334,1299,768,4,1861,908,0,0,90146.84
I001349,2024-07-31,W02,Mumbai,West,P017,P017-07-W02,2023-08-01,2026-02-01,1736,305,1788,7,246,655,0,0,12108.12
I001350,2024-07-31,W02,Mumbai,West,P018,P018-07-W02,2023-11-01,2026-05-01,1206,353,1549,10,0,760,10,0,0
I001351,2024-07-31,W02,Mumbai,West,P019,P019-07-W02,2023-05-01,2025-05-01,1702,1030,1631,10,1091,860,0,0,75737.22
I001352,2024-07-31,W02,Mumbai,West,P020,P020-07-W02,2023-05-01,2024-11-01,2052,1375,1516,12,1899,962,0,0,106875.72
I001353,2024-07-31,W02,Mumbai,West,P021,P021-07-W02,2023-08-01,2025-08-01,2333,1207,1271,9,2260,752,0,0,164347.2
I001354,2024-07-31,W02,Mumbai,West,P022,P022-07-W02,2023-11-01,2025-05-01,956,919,1753,4,118,725,0,0,9175.68
I001355,2024-07-31,W02,Mumbai,West,P023,P023-07-W02,2024-02-01,2026-08-01,1127,33,1160,0,0,835,11,0,0
I001356,2024-07-31,W02,Mumbai,West,P024,P024-07-W02,2023-05-01,2025-05-01,2553,387,1598,9,1333,641,0,0,288674.48
I001357,2024-07-31,W02,Mumbai,West,P025,P025-07-W02,2023-08-01,2025-02-01,2169,835,547,9,2448,747,0,0,37846.08
I001358,2024-07-31,W02,Mumbai,West,P026,P026-07-W02,2023-05-01,2024-11-01,2019,1155,1270,6,1898,987,0,0,48550.84
I001359,2024-07-31,W02,Mumbai,West,P027,P027-07-W02,2023-05-01,2024-11-01,853,467,1320,0,0,797,6,0,0
I001360,2024-07-31,W02,Mumbai,West,P028,P028-07-W02,2024-02-01,2026-08-01,1858,775,460,15,2158,593,0,0,96160.48
I001361,2024-07-31,W02,Mumbai,West,P029,P029-07-W02,2023-05-01,2026-05-01,2555,1129,1823,5,1856,723,0,0,119619.2
I001362,2024-07-31,W02,Mumbai,West,P030,P030-07-W02,2023-05-01,2026-05-01,2349,573,1680,6,1236,711,0,0,77101.68
I001363,2024-07-31,W02,Mumbai,West,P031,P031-07-W02,2023-08-01,2026-08-01,716,1017,512,14,1207,864,0,0,70573.29
I001364,2024-07-31,W02,Mumbai,West,P032,P032-07-W02,2024-02-01,2026-08-01,2216,864,804,4,2272,733,0,0,117348.8
I001365,2024-07-31,W02,Mumbai,West,P033,P033-07-W02,2023-05-01,2025-11-01,799,896,1695,0,0,663,3,0,0
I001366,2024-07-31,W02,Mumbai,West,P034,P034-07-W02,2023-11-01,2025-05-01,2515,887,1734,1,1667,868,0,0,110272.05
I001367,2024-07-31,W02,Mumbai,West,P035,P035-07-W02,2023-08-01,2026-02-01,1911,1081,1004,11,1977,947,0,0,175992.54
I001368,2024-07-31,W02,Mumbai,West,P036,P036-07-W02,2023-08-01,2025-02-01,944,1108,1051,9,992,737,0,0,225074.88
I001369,2024-07-31,W03,Bengaluru,South,P001,P001-07-W03,2023-11-01,2026-11-01,1257,1486,726,1,2016,883,0,0,42194.88
I001370,2024-07-31,W03,Bengaluru,South,P002,P002-07-W03,2023-08-01,2026-08-01,1181,316,895,13,589,652,0,0,14306.81
I001371,2024-07-31,W03,Bengaluru,South,P003,P003-07-W03,2023-05-01,2025-05-01,2098,144,950,3,1289,874,0,0,49961.64
I001372,2024-07-31,W03,Bengaluru,South,P004,P004-07-W03,2023-05-01,2024-11-01,893,91,984,0,0,767,10,0,0
I001373,2024-07-31,W03,Bengaluru,South,P005,P005-07-W03,2023-05-01,2025-11-01,941,1346,877,1,1409,512,0,0,64137.68
I001374,2024-07-31,W03,Bengaluru,South,P006,P006-07-W03,2024-02-01,2025-08-01,1804,1206,777,6,2227,834,0,0,129232.81
I001375,2024-07-31,W03,Bengaluru,South,P007,P007-07-W03,2024-02-01,2025-08-01,1179,1171,830,1,1519,595,0,0,95545.1
I001376,2024-07-31,W03,Bengaluru,South,P008,P008-07-W03,2023-08-01,2026-02-01,2313,1124,1169,10,2258,883,0,0,144692.64
I001377,2024-07-31,W03,Bengaluru,South,P009,P009-07-W03,2023-08-01,2025-02-01,1982,1234,1836,1,1379,656,0,0,89179.93
I001378,2024-07-31,W03,Bengaluru,South,P010,P010-07-W03,2023-11-01,2026-11-01,547,635,1182,0,0,678,2,0,0
I001379,2024-07-31,W03,Bengaluru,South,P011,P011-07-W03,2023-08-01,2026-02-01,1926,998,664,1,2259,721,0,0,213746.58
I001380,2024-07-31,W03,Bengaluru,South,P012,P012-07-W03,2024-02-01,2027-02-01,1201,897,538,8,1552,798,0,0,344854.4
I001381,2024-07-31,W03,Bengaluru,South,P013,P013-07-W03,2023-05-01,2024-11-01,1670,765,1088,10,1337,940,0,0,36419.88
I001382,2024-07-31,W03,Bengaluru,South,P014,P014-07-W03,2023-11-01,2025-05-01,976,389,1051,3,311,920,0,0,7880.74
I001383,2024-07-31,W03,Bengaluru,South,P015,P015-07-W03,2023-08-01,2026-08-01,2295,262,1136,15,1406,645,0,0,39930.4
I001384,2024-07-31,W03,Bengaluru,South,P016,P016-07-W03,2023-05-01,2025-11-01,1043,500,1531,4,8,687,0,0,387.52
I001385,2024-07-31,W03,Bengaluru,South,P017,P017-07-W03,2024-02-01,2026-08-01,1120,262,636,5,741,950,0,0,36472.02
I001386,2024-07-31,W03,Bengaluru,South,P018,P018-07-W03,2023-08-01,2026-02-01,2399,1024,2321,2,1100,930,0,0,75207
I001387,2024-07-31,W03,Bengaluru,South,P019,P019-07-W03,2023-05-01,2025-05-01,1655,662,928,6,1383,827,0,0,96007.86
I001388,2024-07-31,W03,Bengaluru,South,P020,P020-07-W03,2024-02-01,2025-08-01,2486,1361,1875,3,1969,840,0,0,110815.32
I001389,2024-07-31,W03,Bengaluru,South,P021,P021-07-W03,2023-11-01,2025-11-01,1795,379,1115,2,1057,973,0,0,76865.04
I001390,2024-07-31,W03,Bengaluru,South,P022,P022-07-W03,2024-02-01,2025-08-01,771,1059,1830,0,0,955,2,0,0
I001391,2024-07-31,W03,Bengaluru,South,P023,P023-07-W03,2023-08-01,2026-02-01,1518,210,739,7,982,778,0,0,91856.28
I001392,2024-07-31,W03,Bengaluru,South,P024,P024-07-W03,2024-02-01,2026-02-01,2511,1263,619,1,3154,993,0,0,683030.24
I001393,2024-07-31,W03,Bengaluru,South,P025,P025-07-W03,2024-02-01,2025-08-01,1855,534,1146,1,1242,555,0,0,19201.32
I001394,2024-07-31,W03,Bengaluru,South,P026,P026-07-W03,2024-02-01,2025-08-01,1397,541,739,13,1186,865,0,0,30337.88
I001395,2024-07-31,W03,Bengaluru,South,P027,P027-07-W03,2023-08-01,2025-02-01,2250,1353,1775,15,1813,815,0,0,62349.07
I001396,2024-07-31,W03,Bengaluru,South,P028,P028-07-W03,2023-05-01,2025-11-01,1313,788,1547,10,544,936,0,0,24240.64
I001397,2024-07-31,W03,Bengaluru,South,P029,P029-07-W03,2023-11-01,2026-11-01,2533,772,1086,6,2213,958,0,0,142627.85
I001398,2024-07-31,W03,Bengaluru,South,P030,P030-07-W03,2023-11-01,2026-11-01,1031,162,813,15,365,555,0,0,22768.7
I001399,2024-07-31,W03,Bengaluru,South,P031,P031-07-W03,2023-05-01,2026-05-01,2433,1416,1610,1,2238,699,0,0,130855.86
I001400,2024-07-31,W03,Bengaluru,South,P032,P032-07-W03,2023-05-01,2025-11-01,1297,333,1110,10,510,922,0,0,26341.5
I001401,2024-07-31,W03,Bengaluru,South,P033,P033-07-W03,2024-02-01,2026-08-01,458,1371,978,2,849,555,0,0,59625.27
I001402,2024-07-31,W03,Bengaluru,South,P034,P034-07-W03,2023-08-01,2025-02-01,1541,336,1587,2,288,777,0,0,19051.2
I001403,2024-07-31,W03,Bengaluru,South,P035,P035-07-W03,2023-08-01,2026-02-01,1337,115,1238,13,201,762,0,0,17893.02
I001404,2024-07-31,W03,Bengaluru,South,P036,P036-07-W03,2023-05-01,2024-11-01,1006,181,1187,0,0,537,3,0,0
I001405,2024-07-31,W04,Kolkata,East,P001,P001-07-W04,2024-02-01,2027-02-01,1092,335,948,14,465,599,0,0,9732.45
I001406,2024-07-31,W04,Kolkata,East,P002,P002-07-W04,2023-05-01,2026-05-01,2551,246,797,15,1985,963,0,0,48215.65
I001407,2024-07-31,W04,Kolkata,East,P003,P003-07-W04,2023-08-01,2025-08-01,2595,851,1783,9,1654,628,0,0,64109.04
I001408,2024-07-31,W04,Kolkata,East,P004,P004-07-W04,2023-05-01,2024-11-01,532,1104,1135,2,499,658,0,0,17854.22
I001409,2024-07-31,W04,Kolkata,East,P005,P005-07-W04,2023-05-01,2025-11-01,544,1163,1707,0,0,871,9,0,0
I001410,2024-07-31,W04,Kolkata,East,P006,P006-07-W04,2024-02-01,2025-08-01,431,1097,873,12,643,590,0,0,37313.29
I001411,2024-07-31,W04,Kolkata,East,P007,P007-07-W04,2024-02-01,2025-08-01,1764,852,784,2,1830,686,0,0,115107
I001412,2024-07-31,W04,Kolkata,East,P008,P008-07-W04,2024-02-01,2026-08-01,1400,853,593,9,1651,699,0,0,105796.08
I001413,2024-07-31,W04,Kolkata,East,P009,P009-07-W04,2023-11-01,2025-05-01,629,690,1130,10,179,795,0,0,11575.93
I001414,2024-07-31,W04,Kolkata,East,P010,P010-07-W04,2024-02-01,2027-02-01,615,188,803,0,0,509,4,0,0
I001415,2024-07-31,W04,Kolkata,East,P011,P011-07-W04,2024-02-01,2026-08-01,1357,1187,1707,1,836,740,0,0,79102.32
I001416,2024-07-31,W04,Kolkata,East,P012,P012-07-W04,2023-11-01,2026-11-01,1108,49,1157,0,0,560,8,0,0
I001417,2024-07-31,W04,Kolkata,East,P013,P013-07-W04,2023-05-01,2024-11-01,438,1357,1682,3,110,692,0,0,2996.4
I001418,2024-07-31,W04,Kolkata,East,P014,P014-07-W04,2023-08-01,2025-02-01,1721,1100,1501,6,1314,829,0,0,33296.76
I001419,2024-07-31,W04,Kolkata,East,P015,P015-07-W04,2023-05-01,2026-05-01,1853,715,453,7,2108,881,0,0,59867.2
I001420,2024-07-31,W04,Kolkata,East,P016,P016-07-W04,2024-02-01,2026-08-01,662,1434,1303,14,779,865,0,0,37734.76
I001421,2024-07-31,W04,Kolkata,East,P017,P017-07-W04,2023-08-01,2026-02-01,1619,1465,1403,14,1667,826,0,0,82049.74
I001422,2024-07-31,W04,Kolkata,East,P018,P018-07-W04,2024-02-01,2026-08-01,2506,1439,2364,6,1575,552,0,0,107682.75
I001423,2024-07-31,W04,Kolkata,East,P019,P019-07-W04,2024-02-01,2026-02-01,420,558,978,0,0,559,3,0,0
I001424,2024-07-31,W04,Kolkata,East,P020,P020-07-W04,2023-08-01,2025-02-01,1909,1416,1617,5,1703,912,0,0,95844.84
I001425,2024-07-31,W04,Kolkata,East,P021,P021-07-W04,2023-05-01,2025-05-01,610,1216,1216,11,599,797,0,0,43559.28
I001426,2024-07-31,W04,Kolkata,East,P022,P022-07-W04,2024-02-01,2025-08-01,1702,567,1325,15,929,533,0,0,72239.04
I001427,2024-07-31,W04,Kolkata,East,P023,P023-07-W04,2023-05-01,2025-11-01,2534,849,1024,9,2350,796,0,0,219819
I001428,2024-07-31,W04,Kolkata,East,P024,P024-07-W04,2023-05-01,2025-05-01,1095,10,1081,5,19,922,0,0,4114.64
I001429,2024-07-31,W04,Kolkata,East,P025,P025-07-W04,2024-02-01,2025-08-01,941,25,966,0,0,820,13,0,0
I001430,2024-07-31,W04,Kolkata,East,P026,P026-07-W04,2024-02-01,2025-08-01,2108,459,1084,11,1472,891,0,0,37653.76
I001431,2024-07-31,W04,Kolkata,East,P027,P027-07-W04,2023-08-01,2025-02-01,2086,1237,1457,7,1859,963,0,0,63931.01
I001432,2024-07-31,W04,Kolkata,East,P028,P028-07-W04,2023-11-01,2026-05-01,549,842,484,5,902,591,0,0,40193.12
I001433,2024-07-31,W04,Kolkata,East,P029,P029-07-W04,2023-08-01,2026-08-01,2543,641,1291,3,1890,550,0,0,121810.5
I001434,2024-07-31,W04,Kolkata,East,P030,P030-07-W04,2023-08-01,2026-08-01,1701,717,1331,1,1086,938,0,0,67744.68
I001435,2024-07-31,W04,Kolkata,East,P031,P031-07-W04,2023-11-01,2026-11-01,958,964,832,2,1088,833,0,0,63615.36
I001436,2024-07-31,W04,Kolkata,East,P032,P032-07-W04,2023-08-01,2026-02-01,1962,101,622,1,1440,555,0,0,74376
I001437,2024-07-31,W04,Kolkata,East,P033,P033-07-W04,2024-02-01,2026-08-01,2050,1460,794,11,2705,771,0,0,189972.15
I001438,2024-07-31,W04,Kolkata,East,P034,P034-07-W04,2024-02-01,2025-08-01,934,785,1173,15,531,684,0,0,35125.65
I001439,2024-07-31,W04,Kolkata,East,P035,P035-07-W04,2023-08-01,2026-02-01,518,106,624,0,0,763,2,0,0
I001440,2024-07-31,W04,Kolkata,East,P036,P036-07-W04,2023-05-01,2024-11-01,963,1208,1307,3,861,689,0,0,195352.29
I001441,2024-07-31,W05,Indore,Central,P001,P001-07-W05,2023-05-01,2026-05-01,2424,935,1225,2,2132,541,0,0,44622.76
I001442,2024-07-31,W05,Indore,Central,P002,P002-07-W05,2023-08-01,2026-08-01,1709,11,659,8,1053,765,0,0,25577.37
I001443,2024-07-31,W05,Indore,Central,P003,P003-07-W05,2023-08-01,2025-08-01,1994,150,1092,6,1046,717,0,0,40542.96
I001444,2024-07-31,W05,Indore,Central,P004,P004-07-W05,2023-05-01,2024-11-01,1576,282,682,5,1171,766,0,0,41898.38
I001445,2024-07-31,W05,Indore,Central,P005,P005-07-W05,2023-05-01,2025-11-01,2534,1440,2491,6,1477,817,0,0,67233.04
I001446,2024-07-31,W05,Indore,Central,P006,P006-07-W05,2024-02-01,2025-08-01,667,126,793,0,0,993,6,0,0
I001447,2024-07-31,W05,Indore,Central,P007,P007-07-W05,2023-11-01,2025-05-01,1987,8,1070,2,923,663,0,0,58056.7
I001448,2024-07-31,W05,Indore,Central,P008,P008-07-W05,2023-05-01,2025-11-01,1700,657,684,7,1666,625,0,0,106757.28
I001449,2024-07-31,W05,Indore,Central,P009,P009-07-W05,2023-08-01,2025-02-01,1772,1065,1064,5,1768,595,0,0,114336.56
I001450,2024-07-31,W05,Indore,Central,P010,P010-07-W05,2023-05-01,2026-05-01,2092,64,1654,4,498,918,0,0,36847.02
I001451,2024-07-31,W05,Indore,Central,P011,P011-07-W05,2023-11-01,2026-05-01,719,896,1615,0,0,656,1,0,0
I001452,2024-07-31,W05,Indore,Central,P012,P012-07-W05,2024-02-01,2027-02-01,526,1238,1764,0,0,872,4,0,0
I001453,2024-07-31,W05,Indore,Central,P013,P013-07-W05,2023-05-01,2024-11-01,1508,152,1660,0,0,637,10,0,0
I001454,2024-07-31,W05,Indore,Central,P014,P014-07-W05,2024-02-01,2025-08-01,1854,773,1472,15,1140,790,0,0,28887.6
I001455,2024-07-31,W05,Indore,Central,P015,P015-07-W05,2023-11-01,2026-11-01,831,760,1145,9,437,504,0,0,12410.8
I001456,2024-07-31,W05,Indore,Central,P016,P016-07-W05,2023-05-01,2025-11-01,958,840,1311,11,476,666,0,0,23057.44
I001457,2024-07-31,W05,Indore,Central,P017,P017-07-W05,2023-05-01,2025-11-01,1733,1416,645,4,2500,802,0,0,123050
I001458,2024-07-31,W05,Indore,Central,P018,P018-07-W05,2023-11-01,2026-05-01,1288,376,1578,9,77,618,0,0,5264.49
I001459,2024-07-31,W05,Indore,Central,P019,P019-07-W05,2023-08-01,2025-08-01,2033,272,1637,3,665,912,0,0,46164.3
I001460,2024-07-31,W05,Indore,Central,P020,P020-07-W05,2023-11-01,2025-05-01,1928,879,1531,12,1264,948,0,0,71137.92
I001461,2024-07-31,W05,Indore,Central,P021,P021-07-W05,2023-11-01,2025-11-01,1347,1360,1565,0,1142,635,0,0,83046.24
I001462,2024-07-31,W05,Indore,Central,P022,P022-07-W05,2023-05-01,2024-11-01,1540,1100,811,5,1824,992,0,0,141834.24
I001463,2024-07-31,W05,Indore,Central,P023,P023-07-W05,2023-08-01,2026-02-01,765,724,1489,0,0,792,11,0,0
I001464,2024-07-31,W05,Indore,Central,P024,P024-07-W05,2023-05-01,2025-05-01,2191,865,1275,15,1766,514,0,0,382444.96
I001465,2024-07-31,W05,Indore,Central,P025,P025-07-W05,2023-05-01,2024-11-01,1172,185,767,12,578,540,0,0,8935.88
I001466,2024-07-31,W05,Indore,Central,P026,P026-07-W05,2023-05-01,2024-11-01,839,327,1166,0,0,919,9,0,0
I001467,2024-07-31,W05,Indore,Central,P027,P027-07-W05,2023-08-01,2025-02-01,1145,277,1422,0,0,971,10,0,0
I001468,2024-07-31,W05,Indore,Central,P028,P028-07-W05,2024-02-01,2026-08-01,1535,704,918,4,1317,958,0,0,58685.52
I001469,2024-07-31,W05,Indore,Central,P029,P029-07-W05,2023-05-01,2026-05-01,2465,1008,1916,8,1549,742,0,0,99833.05
I001470,2024-07-31,W05,Indore,Central,P030,P030-07-W05,2023-08-01,2026-08-01,650,1029,696,3,980,827,0,0,61132.4
I001471,2024-07-31,W05,Indore,Central,P031,P031-07-W05,2023-08-01,2026-08-01,1877,934,564,13,2234,593,0,0,130621.98
I001472,2024-07-31,W05,Indore,Central,P032,P032-07-W05,2023-05-01,2025-11-01,1203,872,1880,6,189,763,0,0,9761.85
I001473,2024-07-31,W05,Indore,Central,P033,P033-07-W05,2023-08-01,2026-02-01,1503,525,971,6,1051,568,0,0,73811.73
I001474,2024-07-31,W05,Indore,Central,P034,P034-07-W05,2024-02-01,2025-08-01,1534,941,1109,11,1355,873,0,0,89633.25
I001475,2024-07-31,W05,Indore,Central,P035,P035-07-W05,2023-05-01,2025-11-01,2432,169,1639,15,947,689,0,0,84301.94
I001476,2024-07-31,W05,Indore,Central,P036,P036-07-W05,2023-05-01,2024-11-01,1490,354,1429,16,399,625,0,0,90529.11
I001477,2024-07-31,W06,Hyderabad,South,P001,P001-07-W06,2024-02-01,2027-02-01,2399,325,1258,8,1458,797,0,0,30515.94
I001478,2024-07-31,W06,Hyderabad,South,P002,P002-07-W06,2023-11-01,2026-11-01,1324,424,1449,0,299,555,0,0,7262.71
I001479,2024-07-31,W06,Hyderabad,South,P003,P003-07-W06,2023-11-01,2025-11-01,2192,983,517,12,2646,860,0,0,102558.96
I001480,2024-07-31,W06,Hyderabad,South,P004,P004-07-W06,2024-02-01,2025-08-01,579,73,652,0,0,850,7,0,0
I001481,2024-07-31,W06,Hyderabad,South,P005,P005-07-W06,2023-11-01,2026-05-01,1077,558,1635,0,0,842,3,0,0
I001482,2024-07-31,W06,Hyderabad,South,P006,P006-07-W06,2023-11-01,2025-05-01,1456,445,1377,12,512,777,0,0,29711.36
I001483,2024-07-31,W06,Hyderabad,South,P007,P007-07-W06,2023-08-01,2025-02-01,2082,926,1822,8,1178,851,0,0,74096.2
I001484,2024-07-31,W06,Hyderabad,South,P008,P008-07-W06,2023-11-01,2026-05-01,572,1057,470,7,1152,915,0,0,73820.16
I001485,2024-07-31,W06,Hyderabad,South,P009,P009-07-W06,2023-05-01,2024-11-01,1183,1494,1420,6,1251,829,0,0,80902.17
I001486,2024-07-31,W06,Hyderabad,South,P010,P010-07-W06,2024-02-01,2027-02-01,518,26,544,0,0,840,1,0,0
I001487,2024-07-31,W06,Hyderabad,South,P011,P011-07-W06,2024-02-01,2026-08-01,1982,25,677,9,1321,752,0,0,124993.02
I001488,2024-07-31,W06,Hyderabad,South,P012,P012-07-W06,2023-05-01,2026-05-01,1303,591,1753,1,140,673,0,0,31108
I001489,2024-07-31,W06,Hyderabad,South,P013,P013-07-W06,2023-11-01,2025-05-01,1352,74,1426,0,0,833,3,0,0
I001490,2024-07-31,W06,Hyderabad,South,P014,P014-07-W06,2023-11-01,2025-05-01,1474,94,606,2,960,507,0,0,24326.4
I001491,2024-07-31,W06,Hyderabad,South,P015,P015-07-W06,2024-02-01,2027-02-01,1702,340,630,2,1410,734,0,0,40044
I001492,2024-07-31,W06,Hyderabad,South,P016,P016-07-W06,2023-11-01,2026-05-01,843,407,864,5,381,848,0,0,18455.64
I001493,2024-07-31,W06,Hyderabad,South,P017,P017-07-W06,2024-02-01,2026-08-01,1873,1020,1839,12,1042,580,0,0,51287.24
I001494,2024-07-31,W06,Hyderabad,South,P018,P018-07-W06,2023-08-01,2026-02-01,2153,1457,1038,14,2558,693,0,0,174890.46
I001495,2024-07-31,W06,Hyderabad,South,P019,P019-07-W06,2023-11-01,2025-11-01,2417,878,1442,13,1840,947,0,0,127732.8
I001496,2024-07-31,W06,Hyderabad,South,P020,P020-07-W06,2023-08-01,2025-02-01,1767,649,1875,0,541,675,0,0,30447.48
I001497,2024-07-31,W06,Hyderabad,South,P021,P021-07-W06,2023-08-01,2025-08-01,964,318,859,15,408,828,0,0,29669.76
I001498,2024-07-31,W06,Hyderabad,South,P022,P022-07-W06,2023-05-01,2024-11-01,2521,567,706,8,2374,711,0,0,184602.24
I001499,2024-07-31,W06,Hyderabad,South,P023,P023-07-W06,2023-05-01,2025-11-01,963,1140,1838,14,251,778,0,0,23478.54
I001500,2024-07-31,W06,Hyderabad,South,P024,P024-07-W06,2023-11-01,2025-11-01,2352,1278,735,15,2880,663,0,0,623692.8
I001501,2024-07-31,W06,Hyderabad,South,P025,P025-07-W06,2023-11-01,2025-05-01,2221,353,1733,6,835,534,0,0,12909.1
I001502,2024-07-31,W06,Hyderabad,South,P026,P026-07-W06,2023-05-01,2024-11-01,1138,238,1376,0,0,783,3,0,0
I001503,2024-07-31,W06,Hyderabad,South,P027,P027-07-W06,2024-02-01,2025-08-01,1032,1008,523,11,1506,793,0,0,51791.34
I001504,2024-07-31,W06,Hyderabad,South,P028,P028-07-W06,2023-11-01,2026-05-01,2545,954,1415,2,2082,884,0,0,92773.92
I001505,2024-07-31,W06,Hyderabad,South,P029,P029-07-W06,2024-02-01,2027-02-01,946,35,981,0,0,939,13,0,0
I001506,2024-07-31,W06,Hyderabad,South,P030,P030-07-W06,2023-05-01,2026-05-01,1745,1096,1736,15,1090,514,0,0,67994.2
I001507,2024-07-31,W06,Hyderabad,South,P031,P031-07-W06,2023-08-01,2026-08-01,1870,1307,1367,6,1804,706,0,0,105479.88
I001508,2024-07-31,W06,Hyderabad,South,P032,P032-07-W06,2023-11-01,2026-05-01,1649,1205,1077,5,1772,553,0,0,91523.8
I001509,2024-07-31,W06,Hyderabad,South,P033,P033-07-W06,2023-11-01,2026-05-01,1475,394,1501,9,359,574,0,0,25212.57
I001510,2024-07-31,W06,Hyderabad,South,P034,P034-07-W06,2023-11-01,2025-05-01,672,1240,1024,9,879,619,0,0,58145.85
I001511,2024-07-31,W06,Hyderabad,South,P035,P035-07-W06,2023-11-01,2026-05-01,953,1245,1708,3,487,636,0,0,43352.74
I001512,2024-07-31,W06,Hyderabad,South,P036,P036-07-W06,2024-02-01,2025-08-01,515,320,835,0,0,524,3,0,0
I001513,2024-08-31,W01,Delhi,North,P001,P001-08-W01,2024-03-01,2027-03-01,635,148,474,1,308,826,0,0,6446.44
I001514,2024-08-31,W01,Delhi,North,P002,P002-08-W01,2023-12-01,2026-12-01,2375,152,701,16,1810,648,0,0,43964.9
I001515,2024-08-31,W01,Delhi,North,P003,P003-08-W01,2024-03-01,2026-03-01,759,205,748,9,207,955,0,0,8023.32
I001516,2024-08-31,W01,Delhi,North,P004,P004-08-W01,2023-06-01,2024-12-01,1365,1110,735,16,1724,843,0,0,61684.72
I001517,2024-08-31,W01,Delhi,North,P005,P005-08-W01,2024-03-01,2026-09-01,700,753,1453,0,0,997,6,0,0
I001518,2024-08-31,W01,Delhi,North,P006,P006-08-W01,2023-06-01,2024-12-01,745,1321,2009,1,56,871,0,0,3249.68
I001519,2024-08-31,W01,Delhi,North,P007,P007-08-W01,2023-12-01,2025-06-01,2010,885,1696,15,1184,597,0,0,74473.6
I001520,2024-08-31,W01,Delhi,North,P008,P008-08-W01,2024-03-01,2026-09-01,1136,1163,1640,2,657,600,0,0,42100.56
I001521,2024-08-31,W01,Delhi,North,P009,P009-08-W01,2023-09-01,2025-03-01,734,1366,709,15,1376,729,0,0,88985.92
I001522,2024-08-31,W01,Delhi,North,P010,P010-08-W01,2023-06-01,2026-06-01,1636,1241,1770,13,1094,588,0,0,80945.06
I001523,2024-08-31,W01,Delhi,North,P011,P011-08-W01,2023-09-01,2026-03-01,1600,52,1643,2,7,556,0,0,662.34
I001524,2024-08-31,W01,Delhi,North,P012,P012-08-W01,2023-09-01,2026-09-01,2254,422,733,10,1933,561,0,0,429512.6
I001525,2024-08-31,W01,Delhi,North,P013,P013-08-W01,2023-12-01,2025-06-01,684,258,942,0,0,975,12,0,0
I001526,2024-08-31,W01,Delhi,North,P014,P014-08-W01,2023-12-01,2025-06-01,2326,615,1374,5,1562,659,0,0,39581.08
I001527,2024-08-31,W01,Delhi,North,P015,P015-08-W01,2024-03-01,2027-03-01,1450,855,567,13,1725,648,0,0,48990
I001528,2024-08-31,W01,Delhi,North,P016,P016-08-W01,2023-12-01,2026-06-01,930,1226,811,7,1338,611,0,0,64812.72
I001529,2024-08-31,W01,Delhi,North,P017,P017-08-W01,2023-06-01,2025-12-01,744,44,788,0,0,814,8,0,0
I001530,2024-08-31,W01,Delhi,North,P018,P018-08-W01,2023-06-01,2025-12-01,2074,1410,1744,5,1735,927,0,0,118621.95
I001531,2024-08-31,W01,Delhi,North,P019,P019-08-W01,2024-03-01,2026-03-01,1185,838,1557,13,453,623,0,0,31447.26
I001532,2024-08-31,W01,Delhi,North,P020,P020-08-W01,2024-03-01,2025-09-01,968,1027,858,2,1135,570,0,0,63877.8
I001533,2024-08-31,W01,Delhi,North,P021,P021-08-W01,2023-09-01,2025-09-01,2438,647,799,3,2283,784,0,0,166019.76
I001534,2024-08-31,W01,Delhi,North,P022,P022-08-W01,2023-06-01,2024-12-01,1718,181,791,5,1103,849,0,0,85769.28
I001535,2024-08-31,W01,Delhi,North,P023,P023-08-W01,2024-03-01,2026-09-01,2028,754,742,11,2029,677,0,0,189792.66
I001536,2024-08-31,W01,Delhi,North,P024,P024-08-W01,2024-03-01,2026-03-01,719,1027,747,2,997,794,0,0,215910.32
I001537,2024-08-31,W01,Delhi,North,P025,P025-08-W01,2023-06-01,2024-12-01,926,823,1650,10,89,825,0,0,1375.94
I001538,2024-08-31,W01,Delhi,North,P026,P026-08-W01,2024-03-01,2025-09-01,2004,236,1488,3,749,687,0,0,19159.42
I001539,2024-08-31,W01,Delhi,North,P027,P027-08-W01,2023-06-01,2024-12-01,1576,1380,640,14,2302,814,0,0,79165.78
I001540,2024-08-31,W01,Delhi,North,P028,P028-08-W01,2023-12-01,2026-06-01,1166,580,1247,5,494,838,0,0,22012.64
I001541,2024-08-31,W01,Delhi,North,P029,P029-08-W01,2023-09-01,2026-09-01,1161,437,1598,0,0,559,2,0,0
I001542,2024-08-31,W01,Delhi,North,P030,P030-08-W01,2024-03-01,2027-03-01,746,1319,1035,1,1029,640,0,0,64189.02
I001543,2024-08-31,W01,Delhi,North,P031,P031-08-W01,2024-03-01,2027-03-01,1019,999,1597,6,415,540,0,0,24265.05
I001544,2024-08-31,W01,Delhi,North,P032,P032-08-W01,2023-09-01,2026-03-01,1409,1203,678,3,1931,659,0,0,99736.15
I001545,2024-08-31,W01,Delhi,North,P033,P033-08-W01,2023-09-01,2026-03-01,1047,213,1047,13,200,882,0,0,14046
I001546,2024-08-31,W01,Delhi,North,P034,P034-08-W01,2023-06-01,2024-12-01,1751,1003,930,6,1818,631,0,0,120260.7
I001547,2024-08-31,W01,Delhi,North,P035,P035-08-W01,2023-06-01,2025-12-01,816,1298,1146,0,968,652,0,0,86171.36
I001548,2024-08-31,W01,Delhi,North,P036,P036-08-W01,2023-06-01,2024-12-01,454,1409,1017,3,843,685,0,0,191268.27
I001549,2024-08-31,W02,Mumbai,West,P001,P001-08-W02,2023-09-01,2026-09-01,1833,176,1279,13,717,689,0,0,15006.81
I001550,2024-08-31,W02,Mumbai,West,P002,P002-08-W02,2023-09-01,2026-09-01,1499,194,1050,2,641,990,0,0,15569.89
I001551,2024-08-31,W02,Mumbai,West,P003,P003-08-W02,2023-09-01,2025-09-01,1185,694,1879,0,0,699,6,0,0
I001552,2024-08-31,W02,Mumbai,West,P004,P004-08-W02,2023-12-01,2025-06-01,403,657,1050,8,2,865,0,0,71.56
I001553,2024-08-31,W02,Mumbai,West,P005,P005-08-W02,2024-03-01,2026-09-01,2452,1402,1336,6,2512,774,0,0,114346.24
I001554,2024-08-31,W02,Mumbai,West,P006,P006-08-W02,2023-06-01,2024-12-01,1022,575,1597,0,0,538,10,0,0
I001555,2024-08-31,W02,Mumbai,West,P007,P007-08-W02,2023-12-01,2025-06-01,2408,1414,660,2,3160,859,0,0,198764
I001556,2024-08-31,W02,Mumbai,West,P008,P008-08-W02,2023-09-01,2026-03-01,954,1444,1671,8,719,869,0,0,46073.52
I001557,2024-08-31,W02,Mumbai,West,P009,P009-08-W02,2023-12-01,2025-06-01,1509,608,1904,11,202,541,0,0,13063.34
I001558,2024-08-31,W02,Mumbai,West,P010,P010-08-W02,2023-12-01,2026-12-01,953,1317,1401,10,859,990,0,0,63557.41
I001559,2024-08-31,W02,Mumbai,West,P011,P011-08-W02,2024-03-01,2026-09-01,816,290,1106,0,0,585,4,0,0
I001560,2024-08-31,W02,Mumbai,West,P012,P012-08-W02,2023-06-01,2026-06-01,2031,527,1021,0,1537,545,0,0,341521.4
I001561,2024-08-31,W02,Mumbai,West,P013,P013-08-W02,2023-09-01,2025-03-01,1293,485,1778,0,0,984,1,0,0
I001562,2024-08-31,W02,Mumbai,West,P014,P014-08-W02,2023-09-01,2025-03-01,2387,1159,1421,5,2120,740,0,0,53720.8
I001563,2024-08-31,W02,Mumbai,West,P015,P015-08-W02,2024-03-01,2027-03-01,1750,300,938,2,1110,867,0,0,31524
I001564,2024-08-31,W02,Mumbai,West,P016,P016-08-W02,2024-03-01,2026-09-01,1013,773,513,11,1262,967,0,0,61131.28
I001565,2024-08-31,W02,Mumbai,West,P017,P017-08-W02,2023-09-01,2026-03-01,672,517,1189,0,0,969,12,0,0
I001566,2024-08-31,W02,Mumbai,West,P018,P018-08-W02,2023-06-01,2025-12-01,459,224,683,0,0,893,12,0,0
I001567,2024-08-31,W02,Mumbai,West,P019,P019-08-W02,2023-12-01,2025-12-01,530,1293,1255,11,557,606,0,0,38666.94
I001568,2024-08-31,W02,Mumbai,West,P020,P020-08-W02,2023-09-01,2025-03-01,1082,436,1518,0,0,898,2,0,0
I001569,2024-08-31,W02,Mumbai,West,P021,P021-08-W02,2023-12-01,2025-12-01,466,1057,946,15,562,565,0,0,40868.64
I001570,2024-08-31,W02,Mumbai,West,P022,P022-08-W02,2023-12-01,2025-06-01,2381,183,1163,5,1396,655,0,0,108552.96
I001571,2024-08-31,W02,Mumbai,West,P023,P023-08-W02,2023-06-01,2025-12-01,1287,17,452,4,848,926,0,0,79321.92
I001572,2024-08-31,W02,Mumbai,West,P024,P024-08-W02,2024-03-01,2026-03-01,1655,745,1123,15,1262,834,0,0,273298.72
I001573,2024-08-31,W02,Mumbai,West,P025,P025-08-W02,2024-03-01,2025-09-01,2513,1070,1099,6,2478,513,0,0,38309.88
I001574,2024-08-31,W02,Mumbai,West,P026,P026-08-W02,2024-03-01,2025-09-01,2544,329,877,0,1996,846,0,0,51057.68
I001575,2024-08-31,W02,Mumbai,West,P027,P027-08-W02,2024-03-01,2025-09-01,1078,490,1072,11,485,984,0,0,16679.15
I001576,2024-08-31,W02,Mumbai,West,P028,P028-08-W02,2024-03-01,2026-09-01,1850,222,652,14,1406,745,0,0,62651.36
I001577,2024-08-31,W02,Mumbai,West,P029,P029-08-W02,2024-03-01,2027-03-01,2256,487,2072,13,658,662,0,0,42408.1
I001578,2024-08-31,W02,Mumbai,West,P030,P030-08-W02,2024-03-01,2027-03-01,2269,675,1594,10,1340,899,0,0,83589.2
I001579,2024-08-31,W02,Mumbai,West,P031,P031-08-W02,2024-03-01,2027-03-01,523,111,634,0,0,796,7,0,0
I001580,2024-08-31,W02,Mumbai,West,P032,P032-08-W02,2023-06-01,2025-12-01,664,453,604,9,504,861,0,0,26031.6
I001581,2024-08-31,W02,Mumbai,West,P033,P033-08-W02,2024-03-01,2026-09-01,1215,41,1256,0,0,740,10,0,0
I001582,2024-08-31,W02,Mumbai,West,P034,P034-08-W02,2024-03-01,2025-09-01,853,781,1488,11,135,648,0,0,8930.25
I001583,2024-08-31,W02,Mumbai,West,P035,P035-08-W02,2023-12-01,2026-06-01,1392,1006,1808,6,584,726,0,0,51987.68
I001584,2024-08-31,W02,Mumbai,West,P036,P036-08-W02,2023-12-01,2025-06-01,2176,246,1864,6,552,515,0,0,125243.28
I001585,2024-08-31,W03,Bengaluru,South,P001,P001-08-W03,2023-09-01,2026-09-01,2317,187,1464,5,1035,775,0,0,21662.55
I001586,2024-08-31,W03,Bengaluru,South,P002,P002-08-W03,2024-03-01,2027-03-01,1342,100,1442,0,0,821,3,0,0
I001587,2024-08-31,W03,Bengaluru,South,P003,P003-08-W03,2024-03-01,2026-03-01,1259,225,853,14,617,968,0,0,23914.92
I001588,2024-08-31,W03,Bengaluru,South,P004,P004-08-W03,2023-12-01,2025-06-01,1818,496,1420,1,893,843,0,0,31951.54
I001589,2024-08-31,W03,Bengaluru,South,P005,P005-08-W03,2023-12-01,2026-06-01,792,629,1171,3,247,791,0,0,11243.44
I001590,2024-08-31,W03,Bengaluru,South,P006,P006-08-W03,2023-12-01,2025-06-01,407,418,802,0,23,819,0,0,1334.69
I001591,2024-08-31,W03,Bengaluru,South,P007,P007-08-W03,2024-03-01,2025-09-01,1087,1237,963,12,1349,872,0,0,84852.1
I001592,2024-08-31,W03,Bengaluru,South,P008,P008-08-W03,2024-03-01,2026-09-01,485,857,777,10,555,727,0,0,35564.4
I001593,2024-08-31,W03,Bengaluru,South,P009,P009-08-W03,2024-03-01,2025-09-01,1118,1249,1491,16,860,778,0,0,55616.2
I001594,2024-08-31,W03,Bengaluru,South,P010,P010-08-W03,2024-03-01,2027-03-01,1955,493,1093,9,1346,603,0,0,99590.54
I001595,2024-08-31,W03,Bengaluru,South,P011,P011-08-W03,2023-06-01,2025-12-01,1209,661,1793,10,67,613,0,0,6339.54
I001596,2024-08-31,W03,Bengaluru,South,P012,P012-08-W03,2023-12-01,2026-12-01,531,931,1462,0,0,929,3,0,0
I001597,2024-08-31,W03,Bengaluru,South,P013,P013-08-W03,2023-06-01,2024-12-01,1844,1350,1912,3,1279,728,0,0,34839.96
I001598,2024-08-31,W03,Bengaluru,South,P014,P014-08-W03,2023-06-01,2024-12-01,501,1200,582,10,1109,783,0,0,28102.06
I001599,2024-08-31,W03,Bengaluru,South,P015,P015-08-W03,2023-12-01,2026-12-01,2244,140,649,4,1731,679,0,0,49160.4
I001600,2024-08-31,W03,Bengaluru,South,P016,P016-08-W03,2023-09-01,2026-03-01,1317,564,1046,3,832,564,0,0,40302.08
I001601,2024-08-31,W03,Bengaluru,South,P017,P017-08-W03,2023-09-01,2026-03-01,2507,1049,1450,5,2101,759,0,0,103411.22
I001602,2024-08-31,W03,Bengaluru,South,P018,P018-08-W03,2024-03-01,2026-09-01,907,1466,975,4,1394,668,0,0,95307.78
I001603,2024-08-31,W03,Bengaluru,South,P019,P019-08-W03,2023-06-01,2025-06-01,553,656,631,6,572,911,0,0,39708.24
I001604,2024-08-31,W03,Bengaluru,South,P020,P020-08-W03,2023-09-01,2025-03-01,2246,773,1559,15,1445,692,0,0,81324.6
I001605,2024-08-31,W03,Bengaluru,South,P021,P021-08-W03,2023-06-01,2025-06-01,1590,818,1685,1,722,727,0,0,52503.84
I001606,2024-08-31,W03,Bengaluru,South,P022,P022-08-W03,2023-06-01,2024-12-01,1504,1042,1665,14,867,872,0,0,67417.92
I001607,2024-08-31,W03,Bengaluru,South,P023,P023-08-W03,2023-12-01,2026-06-01,2248,794,1037,10,1995,770,0,0,186612.3
I001608,2024-08-31,W03,Bengaluru,South,P024,P024-08-W03,2024-03-01,2026-03-01,2005,1206,1597,12,1602,763,0,0,346929.12
I001609,2024-08-31,W03,Bengaluru,South,P025,P025-08-W03,2023-06-01,2024-12-01,2428,360,799,9,1980,963,0,0,30610.8
I001610,2024-08-31,W03,Bengaluru,South,P026,P026-08-W03,2023-06-01,2024-12-01,1724,919,893,14,1736,613,0,0,44406.88
I001611,2024-08-31,W03,Bengaluru,South,P027,P027-08-W03,2024-03-01,2025-09-01,1536,221,1622,11,124,550,0,0,4264.36
I001612,2024-08-31,W03,Bengaluru,South,P028,P028-08-W03,2023-06-01,2025-12-01,2547,540,1854,4,1229,742,0,0,54764.24
I001613,2024-08-31,W03,Bengaluru,South,P029,P029-08-W03,2023-09-01,2026-09-01,2302,1373,1285,8,2382,791,0,0,153519.9
I001614,2024-08-31,W03,Bengaluru,South,P030,P030-08-W03,2023-09-01,2026-09-01,2068,98,1123,8,1035,903,0,0,64563.3
I001615,2024-08-31,W03,Bengaluru,South,P031,P031-08-W03,2023-06-01,2026-06-01,1926,954,737,8,2135,670,0,0,124833.45
I001616,2024-08-31,W03,Bengaluru,South,P032,P032-08-W03,2024-03-01,2026-09-01,1852,980,837,11,1984,704,0,0,102473.6
I001617,2024-08-31,W03,Bengaluru,South,P033,P033-08-W03,2023-12-01,2026-06-01,1465,500,879,5,1081,991,0,0,75918.63
I001618,2024-08-31,W03,Bengaluru,South,P034,P034-08-W03,2023-09-01,2025-03-01,649,929,1578,0,0,805,5,0,0
I001619,2024-08-31,W03,Bengaluru,South,P035,P035-08-W03,2023-12-01,2026-06-01,1729,1059,1357,13,1418,927,0,0,126230.36
I001620,2024-08-31,W03,Bengaluru,South,P036,P036-08-W03,2023-06-01,2024-12-01,891,897,1788,0,0,878,7,0,0
I001621,2024-08-31,W04,Kolkata,East,P001,P001-08-W04,2023-12-01,2026-12-01,1058,913,623,6,1342,608,0,0,28088.06
I001622,2024-08-31,W04,Kolkata,East,P002,P002-08-W04,2023-06-01,2026-06-01,1804,403,1118,6,1083,710,0,0,26306.07
I001623,2024-08-31,W04,Kolkata,East,P003,P003-08-W04,2024-03-01,2026-03-01,2094,932,1801,2,1223,973,0,0,47403.48
I001624,2024-08-31,W04,Kolkata,East,P004,P004-08-W04,2023-09-01,2025-03-01,1646,536,1422,16,744,742,0,0,26620.32
I001625,2024-08-31,W04,Kolkata,East,P005,P005-08-W04,2023-09-01,2026-03-01,2484,1206,1469,9,2212,784,0,0,100690.24
I001626,2024-08-31,W04,Kolkata,East,P006,P006-08-W04,2024-03-01,2025-09-01,2025,1284,1458,7,1844,646,0,0,107007.32
I001627,2024-08-31,W04,Kolkata,East,P007,P007-08-W04,2023-09-01,2025-03-01,1340,462,828,2,972,934,0,0,61138.8
I001628,2024-08-31,W04,Kolkata,East,P008,P008-08-W04,2023-06-01,2025-12-01,2505,268,1708,11,1054,804,0,0,67540.32
I001629,2024-08-31,W04,Kolkata,East,P009,P009-08-W04,2023-09-01,2025-03-01,429,429,858,0,0,626,3,0,0
I001630,2024-08-31,W04,Kolkata,East,P010,P010-08-W04,2023-09-01,2026-09-01,507,1260,1559,6,202,980,0,0,14945.98
I001631,2024-08-31,W04,Kolkata,East,P011,P011-08-W04,2023-06-01,2025-12-01,1510,160,1241,10,419,904,0,0,39645.78
I001632,2024-08-31,W04,Kolkata,East,P012,P012-08-W04,2023-09-01,2026-09-01,2027,987,997,0,2017,666,0,0,448177.4
I001633,2024-08-31,W04,Kolkata,East,P013,P013-08-W04,2023-12-01,2025-06-01,1619,849,1913,10,545,505,0,0,14845.8
I001634,2024-08-31,W04,Kolkata,East,P014,P014-08-W04,2023-09-01,2025-03-01,662,883,1378,10,157,660,0,0,3978.38
I001635,2024-08-31,W04,Kolkata,East,P015,P015-08-W04,2023-09-01,2026-09-01,2332,1408,637,9,3094,915,0,0,87869.6
I001636,2024-08-31,W04,Kolkata,East,P016,P016-08-W04,2023-12-01,2026-06-01,2274,885,464,13,2682,910,0,0,129916.08
I001637,2024-08-31,W04,Kolkata,East,P017,P017-08-W04,2023-09-01,2026-03-01,657,366,1023,0,0,685,5,0,0
I001638,2024-08-31,W04,Kolkata,East,P018,P018-08-W04,2023-12-01,2026-06-01,1181,1103,1508,10,766,601,0,0,52371.42
I001639,2024-08-31,W04,Kolkata,East,P019,P019-08-W04,2023-12-01,2025-12-01,2077,1385,1335,13,2114,729,0,0,146753.88
I001640,2024-08-31,W04,Kolkata,East,P020,P020-08-W04,2024-03-01,2025-09-01,576,599,1175,0,0,696,2,0,0
I001641,2024-08-31,W04,Kolkata,East,P021,P021-08-W04,2023-12-01,2025-12-01,1564,484,1811,1,236,880,0,0,17161.92
I001642,2024-08-31,W04,Kolkata,East,P022,P022-08-W04,2023-06-01,2024-12-01,1837,382,897,9,1313,578,0,0,102098.88
I001643,2024-08-31,W04,Kolkata,East,P023,P023-08-W04,2023-09-01,2026-03-01,481,676,847,4,306,926,0,0,28623.24
I001644,2024-08-31,W04,Kolkata,East,P024,P024-08-W04,2023-09-01,2025-09-01,1528,447,1235,1,739,656,0,0,160037.84
I001645,2024-08-31,W04,Kolkata,East,P025,P025-08-W04,2024-03-01,2025-09-01,1241,891,1605,7,520,892,0,0,8039.2
I001646,2024-08-31,W04,Kolkata,East,P026,P026-08-W04,2023-06-01,2024-12-01,1117,510,1513,9,105,825,0,0,2685.9
I001647,2024-08-31,W04,Kolkata,East,P027,P027-08-W04,2023-12-01,2025-06-01,558,820,1231,1,146,798,0,0,5020.94
I001648,2024-08-31,W04,Kolkata,East,P028,P028-08-W04,2023-09-01,2026-03-01,1785,952,877,14,1846,757,0,0,82257.76
I001649,2024-08-31,W04,Kolkata,East,P029,P029-08-W04,2024-03-01,2027-03-01,2305,128,720,12,1701,874,0,0,109629.45
I001650,2024-08-31,W04,Kolkata,East,P030,P030-08-W04,2024-03-01,2027-03-01,1226,1174,1223,6,1171,844,0,0,73046.98
I001651,2024-08-31,W04,Kolkata,East,P031,P031-08-W04,2023-06-01,2026-06-01,2154,899,1911,11,1131,780,0,0,66129.57
I001652,2024-08-31,W04,Kolkata,East,P032,P032-08-W04,2023-09-01,2026-03-01,988,352,727,15,598,824,0,0,30886.7
I001653,2024-08-31,W04,Kolkata,East,P033,P033-08-W04,2024-03-01,2026-09-01,1238,1096,1619,7,708,642,0,0,49722.84
I001654,2024-08-31,W04,Kolkata,East,P034,P034-08-W04,2023-12-01,2025-06-01,803,710,908,2,603,872,0,0,39888.45
I001655,2024-08-31,W04,Kolkata,East,P035,P035-08-W04,2023-06-01,2025-12-01,676,640,601,14,701,842,0,0,62403.02
I001656,2024-08-31,W04,Kolkata,East,P036,P036-08-W04,2023-09-01,2025-03-01,2444,1391,783,11,3041,632,0,0,689972.49
I001657,2024-08-31,W05,Indore,Central,P001,P001-08-W05,2023-06-01,2026-06-01,1954,143,1001,4,1092,615,0,0,22855.56
I001658,2024-08-31,W05,Indore,Central,P002,P002-08-W05,2024-03-01,2027-03-01,2151,1361,755,15,2742,835,0,0,66603.18
I001659,2024-08-31,W05,Indore,Central,P003,P003-08-W05,2023-09-01,2025-09-01,1300,1162,900,5,1557,636,0,0,60349.32
I001660,2024-08-31,W05,Indore,Central,P004,P004-08-W05,2023-06-01,2024-12-01,1863,168,1789,2,240,705,0,0,8587.2
I001661,2024-08-31,W05,Indore,Central,P005,P005-08-W05,2023-12-01,2026-06-01,1942,732,1244,12,1418,891,0,0,64547.36
I001662,2024-08-31,W05,Indore,Central,P006,P006-08-W05,2023-12-01,2025-06-01,1809,757,1005,5,1556,568,0,0,90294.68
I001663,2024-08-31,W05,Indore,Central,P007,P007-08-W05,2024-03-01,2025-09-01,502,322,824,0,0,782,6,0,0
I001664,2024-08-31,W05,Indore,Central,P008,P008-08-W05,2023-12-01,2026-06-01,1732,346,1077,4,997,837,0,0,63887.76
I001665,2024-08-31,W05,Indore,Central,P009,P009-08-W05,2024-03-01,2025-09-01,707,848,876,16,663,960,0,0,42876.21
I001666,2024-08-31,W05,Indore,Central,P010,P010-08-W05,2023-12-01,2026-12-01,1479,921,869,14,1517,873,0,0,112242.83
I001667,2024-08-31,W05,Indore,Central,P011,P011-08-W05,2023-12-01,2026-06-01,630,1306,1383,10,543,986,0,0,51378.66
I001668,2024-08-31,W05,Indore,Central,P012,P012-08-W05,2023-06-01,2026-06-01,524,255,779,0,0,623,6,0,0
I001669,2024-08-31,W05,Indore,Central,P013,P013-08-W05,2023-12-01,2025-06-01,1109,887,1239,11,746,814,0,0,20321.04
I001670,2024-08-31,W05,Indore,Central,P014,P014-08-W05,2023-09-01,2025-03-01,1374,301,1572,12,91,522,0,0,2305.94
I001671,2024-08-31,W05,Indore,Central,P015,P015-08-W05,2023-06-01,2026-06-01,1746,302,1357,2,689,762,0,0,19567.6
I001672,2024-08-31,W05,Indore,Central,P016,P016-08-W05,2023-12-01,2026-06-01,868,1434,531,1,1770,969,0,0,85738.8
I001673,2024-08-31,W05,Indore,Central,P017,P017-08-W05,2023-06-01,2025-12-01,1093,95,1188,0,0,680,9,0,0
I001674,2024-08-31,W05,Indore,Central,P018,P018-08-W05,2023-09-01,2026-03-01,2201,909,2391,4,715,888,0,0,48884.55
I001675,2024-08-31,W05,Indore,Central,P019,P019-08-W05,2023-12-01,2025-12-01,1314,169,762,2,719,996,0,0,49912.98
I001676,2024-08-31,W05,Indore,Central,P020,P020-08-W05,2023-12-01,2025-06-01,571,734,785,13,507,640,0,0,28533.96
I001677,2024-08-31,W05,Indore,Central,P021,P021-08-W05,2023-09-01,2025-09-01,1244,815,1494,10,555,670,0,0,40359.6
I001678,2024-08-31,W05,Indore,Central,P022,P022-08-W05,2023-09-01,2025-03-01,1012,1483,720,0,1775,850,0,0,138024
I001679,2024-08-31,W05,Indore,Central,P023,P023-08-W05,2023-09-01,2026-03-01,2062,285,930,11,1406,757,0,0,131517.24
I001680,2024-08-31,W05,Indore,Central,P024,P024-08-W05,2024-03-01,2026-03-01,1475,430,862,4,1039,725,0,0,225005.84
I001681,2024-08-31,W05,Indore,Central,P025,P025-08-W05,2023-12-01,2025-06-01,2241,203,1009,15,1420,774,0,0,21953.2
I001682,2024-08-31,W05,Indore,Central,P026,P026-08-W05,2023-12-01,2025-06-01,950,921,811,15,1045,858,0,0,26731.1
I001683,2024-08-31,W05,Indore,Central,P027,P027-08-W05,2023-12-01,2025-06-01,768,556,465,14,845,914,0,0,29059.55
I001684,2024-08-31,W05,Indore,Central,P028,P028-08-W05,2023-06-01,2025-12-01,1806,502,1691,13,604,734,0,0,26914.24
I001685,2024-08-31,W05,Indore,Central,P029,P029-08-W05,2024-03-01,2027-03-01,747,114,861,0,0,771,2,0,0
I001686,2024-08-31,W05,Indore,Central,P030,P030-08-W05,2023-06-01,2026-06-01,1925,1111,2428,11,597,987,0,0,37240.86
I001687,2024-08-31,W05,Indore,Central,P031,P031-08-W05,2024-03-01,2027-03-01,738,36,774,0,0,554,4,0,0
I001688,2024-08-31,W05,Indore,Central,P032,P032-08-W05,2024-03-01,2026-09-01,1651,1105,949,16,1791,971,0,0,92505.15
I001689,2024-08-31,W05,Indore,Central,P033,P033-08-W05,2024-03-01,2026-09-01,2280,1349,1015,11,2603,588,0,0,182808.69
I001690,2024-08-31,W05,Indore,Central,P034,P034-08-W05,2023-06-01,2024-12-01,2059,152,875,5,1331,557,0,0,88045.65
I001691,2024-08-31,W05,Indore,Central,P035,P035-08-W05,2023-09-01,2026-03-01,965,900,1421,6,438,654,0,0,38990.76
I001692,2024-08-31,W05,Indore,Central,P036,P036-08-W05,2024-03-01,2025-09-01,2388,496,1887,4,993,813,0,0,225301.77
I001693,2024-08-31,W06,Hyderabad,South,P001,P001-08-W06,2024-03-01,2027-03-01,1179,1150,1680,7,642,507,0,0,13437.06
I001694,2024-08-31,W06,Hyderabad,South,P002,P002-08-W06,2024-03-01,2027-03-01,2544,719,1186,16,2061,779,0,0,50061.69
I001695,2024-08-31,W06,Hyderabad,South,P003,P003-08-W06,2023-06-01,2025-06-01,2034,765,745,9,2045,603,0,0,79264.2
I001696,2024-08-31,W06,Hyderabad,South,P004,P004-08-W06,2023-12-01,2025-06-01,732,374,1106,0,0,508,10,0,0
I001697,2024-08-31,W06,Hyderabad,South,P005,P005-08-W06,2023-12-01,2026-06-01,1113,1121,2091,13,130,700,0,0,5917.6
I001698,2024-08-31,W06,Hyderabad,South,P006,P006-08-W06,2023-09-01,2025-03-01,2190,1433,1869,7,1747,869,0,0,101378.41
I001699,2024-08-31,W06,Hyderabad,South,P007,P007-08-W06,2023-12-01,2025-06-01,1033,1337,657,13,1700,979,0,0,106930
I001700,2024-08-31,W06,Hyderabad,South,P008,P008-08-W06,2023-12-01,2026-06-01,1399,1294,514,6,2173,683,0,0,139245.84
I001701,2024-08-31,W06,Hyderabad,South,P009,P009-08-W06,2023-06-01,2024-12-01,2564,115,1005,12,1662,799,0,0,107481.54
I001702,2024-08-31,W06,Hyderabad,South,P010,P010-08-W06,2023-09-01,2026-09-01,682,847,1529,0,0,714,5,0,0
I001703,2024-08-31,W06,Hyderabad,South,P011,P011-08-W06,2023-12-01,2026-06-01,878,1247,1653,0,472,657,0,0,44660.64
I001704,2024-08-31,W06,Hyderabad,South,P012,P012-08-W06,2024-03-01,2027-03-01,2526,726,712,9,2531,650,0,0,562388.2
I001705,2024-08-31,W06,Hyderabad,South,P013,P013-08-W06,2023-06-01,2024-12-01,1010,831,1377,7,457,633,0,0,12448.68
I001706,2024-08-31,W06,Hyderabad,South,P014,P014-08-W06,2023-06-01,2024-12-01,435,791,1226,0,0,849,8,0,0
I001707,2024-08-31,W06,Hyderabad,South,P015,P015-08-W06,2024-03-01,2027-03-01,2464,806,1362,1,1907,551,0,0,54158.8
I001708,2024-08-31,W06,Hyderabad,South,P016,P016-08-W06,2023-12-01,2026-06-01,1950,211,1389,8,764,591,0,0,37008.16
I001709,2024-08-31,W06,Hyderabad,South,P017,P017-08-W06,2023-12-01,2026-06-01,1172,339,652,13,846,959,0,0,41640.12
I001710,2024-08-31,W06,Hyderabad,South,P018,P018-08-W06,2023-06-01,2025-12-01,1037,1431,1722,8,738,740,0,0,50457.06
I001711,2024-08-31,W06,Hyderabad,South,P019,P019-08-W06,2023-12-01,2025-12-01,921,881,1718,10,74,836,0,0,5137.08
I001712,2024-08-31,W06,Hyderabad,South,P020,P020-08-W06,2023-06-01,2024-12-01,1599,322,673,9,1239,841,0,0,69730.92
I001713,2024-08-31,W06,Hyderabad,South,P021,P021-08-W06,2024-03-01,2026-03-01,1758,154,544,7,1361,975,0,0,98971.92
I001714,2024-08-31,W06,Hyderabad,South,P022,P022-08-W06,2023-12-01,2025-06-01,2386,268,1094,13,1547,962,0,0,120294.72
I001715,2024-08-31,W06,Hyderabad,South,P023,P023-08-W06,2023-12-01,2026-06-01,554,48,602,0,0,808,3,0,0
I001716,2024-08-31,W06,Hyderabad,South,P024,P024-08-W06,2023-09-01,2025-09-01,2204,422,1143,9,1474,718,0,0,319209.44
I001717,2024-08-31,W06,Hyderabad,South,P025,P025-08-W06,2024-03-01,2025-09-01,733,461,949,12,233,800,0,0,3602.18
I001718,2024-08-31,W06,Hyderabad,South,P026,P026-08-W06,2023-06-01,2024-12-01,1367,1097,1739,2,723,614,0,0,18494.34
I001719,2024-08-31,W06,Hyderabad,South,P027,P027-08-W06,2023-09-01,2025-03-01,2466,339,664,10,2131,978,0,0,73285.09
I001720,2024-08-31,W06,Hyderabad,South,P028,P028-08-W06,2023-09-01,2026-03-01,2134,883,1720,8,1289,519,0,0,57437.84
I001721,2024-08-31,W06,Hyderabad,South,P029,P029-08-W06,2023-09-01,2026-09-01,1260,667,1395,12,520,792,0,0,33514
I001722,2024-08-31,W06,Hyderabad,South,P030,P030-08-W06,2023-12-01,2026-12-01,1485,783,1728,3,537,971,0,0,33498.06
I001723,2024-08-31,W06,Hyderabad,South,P031,P031-08-W06,2023-06-01,2026-06-01,2345,1278,1629,3,1991,560,0,0,116413.77
I001724,2024-08-31,W06,Hyderabad,South,P032,P032-08-W06,2023-12-01,2026-06-01,2237,326,597,9,1957,600,0,0,101079.05
I001725,2024-08-31,W06,Hyderabad,South,P033,P033-08-W06,2023-09-01,2026-03-01,2067,647,1468,12,1234,948,0,0,86663.82
I001726,2024-08-31,W06,Hyderabad,South,P034,P034-08-W06,2023-09-01,2025-03-01,794,720,951,7,556,782,0,0,36779.4
I001727,2024-08-31,W06,Hyderabad,South,P035,P035-08-W06,2023-06-01,2025-12-01,1583,685,1280,8,980,987,0,0,87239.6
I001728,2024-08-31,W06,Hyderabad,South,P036,P036-08-W06,2023-09-01,2025-03-01,1714,574,1500,8,780,910,0,0,176974.2
I001729,2024-09-30,W01,Delhi,North,P001,P001-09-W01,2023-10-01,2026-10-01,2541,1133,1156,11,2507,936,0,0,52471.51
I001730,2024-09-30,W01,Delhi,North,P002,P002-09-W01,2023-10-01,2026-10-01,1472,1251,782,14,1927,541,0,0,46806.83
I001731,2024-09-30,W01,Delhi,North,P003,P003-09-W01,2024-01-01,2026-01-01,1081,799,1179,2,699,594,0,0,27093.24
I001732,2024-09-30,W01,Delhi,North,P004,P004-09-W01,2024-04-01,2025-10-01,909,239,1148,0,0,819,7,0,0
I001733,2024-09-30,W01,Delhi,North,P005,P005-09-W01,2024-04-01,2026-10-01,1493,546,2039,0,0,796,8,0,0
I001734,2024-09-30,W01,Delhi,North,P006,P006-09-W01,2024-01-01,2025-07-01,2385,137,1334,12,1176,529,0,0,68243.28
I001735,2024-09-30,W01,Delhi,North,P007,P007-09-W01,2023-10-01,2025-04-01,1297,371,808,5,855,789,0,0,53779.5
I001736,2024-09-30,W01,Delhi,North,P008,P008-09-W01,2024-04-01,2026-10-01,1181,157,809,8,521,690,0,0,33385.68
I001737,2024-09-30,W01,Delhi,North,P009,P009-09-W01,2023-07-01,2025-01-01,1388,1123,1180,13,1318,515,0,0,85235.06
I001738,2024-09-30,W01,Delhi,North,P010,P010-09-W01,2024-01-01,2027-01-01,780,1496,1693,11,572,931,0,0,42322.28
I001739,2024-09-30,W01,Delhi,North,P011,P011-09-W01,2024-04-01,2026-10-01,1077,1103,1619,13,548,942,0,0,51851.76
I001740,2024-09-30,W01,Delhi,North,P012,P012-09-W01,2023-10-01,2026-10-01,601,93,694,0,0,796,4,0,0
I001741,2024-09-30,W01,Delhi,North,P013,P013-09-W01,2023-10-01,2025-04-01,1146,663,1133,8,668,611,0,0,18196.32
I001742,2024-09-30,W01,Delhi,North,P014,P014-09-W01,2024-01-01,2025-07-01,1595,375,477,14,1479,833,0,0,37477.86
I001743,2024-09-30,W01,Delhi,North,P015,P015-09-W01,2023-10-01,2026-10-01,1596,94,1545,1,144,635,0,0,4089.6
I001744,2024-09-30,W01,Delhi,North,P016,P016-09-W01,2024-04-01,2026-10-01,1164,534,1350,14,334,981,0,0,16178.96
I001745,2024-09-30,W01,Delhi,North,P017,P017-09-W01,2023-07-01,2026-01-01,2189,75,1836,1,427,524,0,0,21016.94
I001746,2024-09-30,W01,Delhi,North,P018,P018-09-W01,2024-04-01,2026-10-01,650,1083,1733,0,0,711,3,0,0
I001747,2024-09-30,W01,Delhi,North,P019,P019-09-W01,2023-10-01,2025-10-01,1360,1023,1473,13,897,901,0,0,62269.74
I001748,2024-09-30,W01,Delhi,North,P020,P020-09-W01,2023-07-01,2025-01-01,864,1068,462,11,1459,881,0,0,82112.52
I001749,2024-09-30,W01,Delhi,North,P021,P021-09-W01,2023-07-01,2025-07-01,1192,267,869,10,580,909,0,0,42177.6
I001750,2024-09-30,W01,Delhi,North,P022,P022-09-W01,2023-10-01,2025-04-01,2013,12,1427,1,597,988,0,0,46422.72
I001751,2024-09-30,W01,Delhi,North,P023,P023-09-W01,2023-10-01,2026-04-01,2359,1406,604,15,3146,540,0,0,294276.84
I001752,2024-09-30,W01,Delhi,North,P024,P024-09-W01,2024-04-01,2026-04-01,1456,1494,613,1,2336,905,0,0,505884.16
I001753,2024-09-30,W01,Delhi,North,P025,P025-09-W01,2024-01-01,2025-07-01,656,959,1615,0,0,883,13,0,0
I001754,2024-09-30,W01,Delhi,North,P026,P026-09-W01,2023-10-01,2025-04-01,651,560,1211,0,0,638,7,0,0
I001755,2024-09-30,W01,Delhi,North,P027,P027-09-W01,2024-04-01,2025-10-01,1992,109,832,10,1259,882,0,0,43297.01
I001756,2024-09-30,W01,Delhi,North,P028,P028-09-W01,2023-10-01,2026-04-01,2276,961,503,0,2734,577,0,0,121827.04
I001757,2024-09-30,W01,Delhi,North,P029,P029-09-W01,2024-04-01,2027-04-01,724,572,1296,0,0,858,4,0,0
I001758,2024-09-30,W01,Delhi,North,P030,P030-09-W01,2024-01-01,2027-01-01,2552,1036,862,16,2710,981,0,0,169049.8
I001759,2024-09-30,W01,Delhi,North,P031,P031-09-W01,2023-07-01,2026-07-01,2339,1078,1787,6,1624,952,0,0,94955.28
I001760,2024-09-30,W01,Delhi,North,P032,P032-09-W01,2024-04-01,2026-10-01,1485,805,1336,14,940,986,0,0,48551
I001761,2024-09-30,W01,Delhi,North,P033,P033-09-W01,2024-01-01,2026-07-01,2302,280,1040,11,1531,683,0,0,107522.13
I001762,2024-09-30,W01,Delhi,North,P034,P034-09-W01,2024-01-01,2025-07-01,2163,229,1843,11,538,501,0,0,35588.7
I001763,2024-09-30,W01,Delhi,North,P035,P035-09-W01,2024-04-01,2026-10-01,1324,304,795,3,830,643,0,0,73886.6
I001764,2024-09-30,W01,Delhi,North,P036,P036-09-W01,2024-04-01,2025-10-01,743,214,957,0,0,958,11,0,0
I001765,2024-09-30,W02,Mumbai,West,P001,P001-09-W02,2024-04-01,2027-04-01,949,210,1159,0,0,551,4,0,0
I001766,2024-09-30,W02,Mumbai,West,P002,P002-09-W02,2023-10-01,2026-10-01,1549,192,1741,0,0,924,3,0,0
I001767,2024-09-30,W02,Mumbai,West,P003,P003-09-W02,2023-10-01,2025-10-01,1217,304,1521,0,0,628,10,0,0
I001768,2024-09-30,W02,Mumbai,West,P004,P004-09-W02,2023-07-01,2025-01-01,1090,470,1510,14,36,619,0,0,1288.08
I001769,2024-09-30,W02,Mumbai,West,P005,P005-09-W02,2024-04-01,2026-10-01,1700,1068,945,7,1816,712,0,0,82664.32
I001770,2024-09-30,W02,Mumbai,West,P006,P006-09-W02,2024-04-01,2025-10-01,2486,91,1199,4,1374,772,0,0,79733.22
I001771,2024-09-30,W02,Mumbai,West,P007,P007-09-W02,2024-01-01,2025-07-01,2193,1204,1380,4,2013,535,0,0,126617.7
I001772,2024-09-30,W02,Mumbai,West,P008,P008-09-W02,2024-04-01,2026-10-01,2016,666,1530,1,1151,802,0,0,73756.08
I001773,2024-09-30,W02,Mumbai,West,P009,P009-09-W02,2024-01-01,2025-07-01,996,347,1163,3,177,738,0,0,11446.59
I001774,2024-09-30,W02,Mumbai,West,P010,P010-09-W02,2023-10-01,2026-10-01,570,1412,803,6,1173,932,0,0,86790.27
I001775,2024-09-30,W02,Mumbai,West,P011,P011-09-W02,2024-01-01,2026-07-01,2273,1123,1185,8,2203,860,0,0,208447.86
I001776,2024-09-30,W02,Mumbai,West,P012,P012-09-W02,2024-04-01,2027-04-01,2021,759,1629,4,1147,663,0,0,254863.4
I001777,2024-09-30,W02,Mumbai,West,P013,P013-09-W02,2024-04-01,2025-10-01,1133,186,955,12,352,976,0,0,9588.48
I001778,2024-09-30,W02,Mumbai,West,P014,P014-09-W02,2024-04-01,2025-10-01,783,382,1165,0,0,645,2,0,0
I001779,2024-09-30,W02,Mumbai,West,P015,P015-09-W02,2023-07-01,2026-07-01,1864,172,1776,11,249,682,0,0,7071.6
I001780,2024-09-30,W02,Mumbai,West,P016,P016-09-W02,2023-07-01,2026-01-01,1729,504,1171,7,1055,661,0,0,51104.2
I001781,2024-09-30,W02,Mumbai,West,P017,P017-09-W02,2023-10-01,2026-04-01,1907,1114,694,15,2312,655,0,0,113796.64
I001782,2024-09-30,W02,Mumbai,West,P018,P018-09-W02,2024-01-01,2026-07-01,1341,969,869,10,1431,771,0,0,97837.47
I001783,2024-09-30,W02,Mumbai,West,P019,P019-09-W02,2023-10-01,2025-10-01,613,725,1338,0,0,786,1,0,0
I001784,2024-09-30,W02,Mumbai,West,P020,P020-09-W02,2023-10-01,2025-04-01,1727,175,1011,16,875,567,0,0,49245
I001785,2024-09-30,W02,Mumbai,West,P021,P021-09-W02,2023-07-01,2025-07-01,609,654,490,9,764,729,0,0,55558.08
I001786,2024-09-30,W02,Mumbai,West,P022,P022-09-W02,2023-07-01,2025-01-01,1587,1052,1770,14,855,604,0,0,66484.8
I001787,2024-09-30,W02,Mumbai,West,P023,P023-09-W02,2023-10-01,2026-04-01,1142,1442,1530,4,1050,990,0,0,98217
I001788,2024-09-30,W02,Mumbai,West,P024,P024-09-W02,2024-01-01,2026-01-01,845,123,968,0,0,507,11,0,0
I001789,2024-09-30,W02,Mumbai,West,P025,P025-09-W02,2024-01-01,2025-07-01,1761,543,1397,7,900,991,0,0,13914
I001790,2024-09-30,W02,Mumbai,West,P026,P026-09-W02,2024-01-01,2025-07-01,2493,117,854,0,1756,925,0,0,44918.48
I001791,2024-09-30,W02,Mumbai,West,P027,P027-09-W02,2024-04-01,2025-10-01,1688,542,699,13,1518,649,0,0,52204.02
I001792,2024-09-30,W02,Mumbai,West,P028,P028-09-W02,2023-07-01,2026-01-01,1564,515,1884,15,180,593,0,0,8020.8
I001793,2024-09-30,W02,Mumbai,West,P029,P029-09-W02,2023-07-01,2026-07-01,2349,1392,2269,8,1464,908,0,0,94354.8
I001794,2024-09-30,W02,Mumbai,West,P030,P030-09-W02,2023-10-01,2026-10-01,2250,484,968,4,1762,547,0,0,109913.56
I001795,2024-09-30,W02,Mumbai,West,P031,P031-09-W02,2024-01-01,2027-01-01,694,1128,1456,5,361,969,0,0,21107.67
I001796,2024-09-30,W02,Mumbai,West,P032,P032-09-W02,2024-01-01,2026-07-01,1358,281,1639,0,0,781,12,0,0
I001797,2024-09-30,W02,Mumbai,West,P033,P033-09-W02,2023-07-01,2026-01-01,861,1401,1620,3,639,753,0,0,44876.97
I001798,2024-09-30,W02,Mumbai,West,P034,P034-09-W02,2023-10-01,2025-04-01,598,955,1553,0,0,711,10,0,0
I001799,2024-09-30,W02,Mumbai,West,P035,P035-09-W02,2024-01-01,2026-07-01,1792,91,811,11,1061,639,0,0,94450.22
I001800,2024-09-30,W02,Mumbai,West,P036,P036-09-W02,2024-04-01,2025-10-01,862,1026,1888,0,0,524,12,0,0
I001801,2024-09-30,W03,Bengaluru,South,P001,P001-09-W03,2023-10-01,2026-10-01,1998,555,1717,0,836,583,0,0,17497.48
I001802,2024-09-30,W03,Bengaluru,South,P002,P002-09-W03,2023-10-01,2026-10-01,626,798,1115,14,295,578,0,0,7165.55
I001803,2024-09-30,W03,Bengaluru,South,P003,P003-09-W03,2023-07-01,2025-07-01,2344,245,1944,12,633,827,0,0,24535.08
I001804,2024-09-30,W03,Bengaluru,South,P004,P004-09-W03,2023-07-01,2025-01-01,1525,1362,822,7,2058,672,0,0,73635.24
I001805,2024-09-30,W03,Bengaluru,South,P005,P005-09-W03,2023-07-01,2026-01-01,1056,748,625,6,1173,713,0,0,53394.96
I001806,2024-09-30,W03,Bengaluru,South,P006,P006-09-W03,2024-01-01,2025-07-01,872,306,723,6,449,562,0,0,26055.47
I001807,2024-09-30,W03,Bengaluru,South,P007,P007-09-W03,2023-07-01,2025-01-01,1626,469,1136,11,948,853,0,0,59629.2
I001808,2024-09-30,W03,Bengaluru,South,P008,P008-09-W03,2024-01-01,2026-07-01,1367,774,1837,7,297,881,0,0,19031.76
I001809,2024-09-30,W03,Bengaluru,South,P009,P009-09-W03,2023-07-01,2025-01-01,1493,447,1246,8,686,714,0,0,44363.62
I001810,2024-09-30,W03,Bengaluru,South,P010,P010-09-W03,2024-01-01,2027-01-01,1566,543,794,13,1302,701,0,0,96334.98
I001811,2024-09-30,W03,Bengaluru,South,P011,P011-09-W03,2024-01-01,2026-07-01,1223,1223,1272,11,1163,679,0,0,110043.06
I001812,2024-09-30,W03,Bengaluru,South,P012,P012-09-W03,2023-10-01,2026-10-01,2256,1188,1330,10,2104,745,0,0,467508.8
I001813,2024-09-30,W03,Bengaluru,South,P013,P013-09-W03,2024-01-01,2025-07-01,1548,832,1325,15,1040,908,0,0,28329.6
I001814,2024-09-30,W03,Bengaluru,South,P014,P014-09-W03,2023-07-01,2025-01-01,891,562,991,8,454,624,0,0,11504.36
I001815,2024-09-30,W03,Bengaluru,South,P015,P015-09-W03,2024-01-01,2027-01-01,1437,1149,1832,4,750,827,0,0,21300
I001816,2024-09-30,W03,Bengaluru,South,P016,P016-09-W03,2024-04-01,2026-10-01,707,722,1429,0,0,502,10,0,0
I001817,2024-09-30,W03,Bengaluru,South,P017,P017-09-W03,2023-07-01,2026-01-01,575,1230,1662,9,134,589,0,0,6595.48
I001818,2024-09-30,W03,Bengaluru,South,P018,P018-09-W03,2023-07-01,2026-01-01,1593,628,1774,8,439,680,0,0,30014.43
I001819,2024-09-30,W03,Bengaluru,South,P019,P019-09-W03,2024-01-01,2026-01-01,914,709,1614,9,0,838,3,0,0
I001820,2024-09-30,W03,Bengaluru,South,P020,P020-09-W03,2024-04-01,2025-10-01,1675,969,1449,14,1181,822,0,0,66466.68
I001821,2024-09-30,W03,Bengaluru,South,P021,P021-09-W03,2024-01-01,2026-01-01,994,1211,1763,11,431,701,0,0,31342.32
I001822,2024-09-30,W03,Bengaluru,South,P022,P022-09-W03,2023-07-01,2025-01-01,1690,1224,559,5,2350,514,0,0,182736
I001823,2024-09-30,W03,Bengaluru,South,P023,P023-09-W03,2023-10-01,2026-04-01,1990,635,1208,8,1409,936,0,0,131797.86
I001824,2024-09-30,W03,Bengaluru,South,P024,P024-09-W03,2024-04-01,2026-04-01,1936,786,1290,9,1423,588,0,0,308164.88
I001825,2024-09-30,W03,Bengaluru,South,P025,P025-09-W03,2024-01-01,2025-07-01,1837,234,870,5,1196,681,0,0,18490.16
I001826,2024-09-30,W03,Bengaluru,South,P026,P026-09-W03,2023-07-01,2025-01-01,2254,851,1242,4,1859,723,0,0,47553.22
I001827,2024-09-30,W03,Bengaluru,South,P027,P027-09-W03,2024-01-01,2025-07-01,1547,624,694,3,1474,912,0,0,50690.86
I001828,2024-09-30,W03,Bengaluru,South,P028,P028-09-W03,2023-07-01,2026-01-01,2594,1157,1380,3,2368,734,0,0,105518.08
I001829,2024-09-30,W03,Bengaluru,South,P029,P029-09-W03,2024-04-01,2027-04-01,2567,311,641,4,2233,743,0,0,143916.85
I001830,2024-09-30,W03,Bengaluru,South,P030,P030-09-W03,2023-07-01,2026-07-01,1139,49,1122,3,63,714,0,0,3929.94
I001831,2024-09-30,W03,Bengaluru,South,P031,P031-09-W03,2023-07-01,2026-07-01,536,198,734,0,0,675,8,0,0
I001832,2024-09-30,W03,Bengaluru,South,P032,P032-09-W03,2024-01-01,2026-07-01,559,131,690,0,0,880,8,0,0
I001833,2024-09-30,W03,Bengaluru,South,P033,P033-09-W03,2024-01-01,2026-07-01,1974,699,1339,11,1323,785,0,0,92914.29
I001834,2024-09-30,W03,Bengaluru,South,P034,P034-09-W03,2024-01-01,2025-07-01,2367,516,1814,4,1065,603,0,0,70449.75
I001835,2024-09-30,W03,Bengaluru,South,P035,P035-09-W03,2023-10-01,2026-04-01,2453,1254,1205,5,2497,605,0,0,222282.94
I001836,2024-09-30,W03,Bengaluru,South,P036,P036-09-W03,2023-07-01,2025-01-01,998,1303,978,12,1311,937,0,0,297452.79
I001837,2024-09-30,W04,Kolkata,East,P001,P001-09-W04,2024-04-01,2027-04-01,1448,616,1623,15,426,700,0,0,8916.18
I001838,2024-09-30,W04,Kolkata,East,P002,P002-09-W04,2023-10-01,2026-10-01,1996,1091,1622,10,1455,561,0,0,35341.95
I001839,2024-09-30,W04,Kolkata,East,P003,P003-09-W04,2024-04-01,2026-04-01,1840,1253,962,0,2131,534,0,0,82597.56
I001840,2024-09-30,W04,Kolkata,East,P004,P004-09-W04,2024-04-01,2025-10-01,1781,779,1600,13,947,895,0,0,33883.66
I001841,2024-09-30,W04,Kolkata,East,P005,P005-09-W04,2023-07-01,2026-01-01,697,223,920,0,0,923,12,0,0
I001842,2024-09-30,W04,Kolkata,East,P006,P006-09-W04,2024-04-01,2025-10-01,2588,1385,1659,4,2310,746,0,0,134049.3
I001843,2024-09-30,W04,Kolkata,East,P007,P007-09-W04,2024-04-01,2025-10-01,2141,505,1914,2,730,613,0,0,45917
I001844,2024-09-30,W04,Kolkata,East,P008,P008-09-W04,2024-04-01,2026-10-01,1620,214,1240,12,582,725,0,0,37294.56
I001845,2024-09-30,W04,Kolkata,East,P009,P009-09-W04,2023-07-01,2025-01-01,691,918,765,11,833,671,0,0,53870.11
I001846,2024-09-30,W04,Kolkata,East,P010,P010-09-W04,2023-07-01,2026-07-01,977,69,968,8,70,536,0,0,5179.3
I001847,2024-09-30,W04,Kolkata,East,P011,P011-09-W04,2024-04-01,2026-10-01,562,174,736,0,0,512,8,0,0
I001848,2024-09-30,W04,Kolkata,East,P012,P012-09-W04,2023-10-01,2026-10-01,2333,666,999,4,1996,994,0,0,443511.2
I001849,2024-09-30,W04,Kolkata,East,P013,P013-09-W04,2024-04-01,2025-10-01,506,1480,499,7,1480,666,0,0,40315.2
I001850,2024-09-30,W04,Kolkata,East,P014,P014-09-W04,2023-07-01,2025-01-01,1160,793,1910,7,36,866,0,0,912.24
I001851,2024-09-30,W04,Kolkata,East,P015,P015-09-W04,2024-04-01,2027-04-01,1506,516,616,5,1401,905,0,0,39788.4
I001852,2024-09-30,W04,Kolkata,East,P016,P016-09-W04,2024-04-01,2026-10-01,651,414,1065,0,0,677,10,0,0
I001853,2024-09-30,W04,Kolkata,East,P017,P017-09-W04,2023-07-01,2026-01-01,1632,447,1873,1,205,504,0,0,10090.1
I001854,2024-09-30,W04,Kolkata,East,P018,P018-09-W04,2023-07-01,2026-01-01,426,1011,1142,14,281,506,0,0,19211.97
I001855,2024-09-30,W04,Kolkata,East,P019,P019-09-W04,2023-07-01,2025-07-01,799,136,685,8,242,837,0,0,16799.64
I001856,2024-09-30,W04,Kolkata,East,P020,P020-09-W04,2024-04-01,2025-10-01,1352,1357,583,13,2113,749,0,0,118919.64
I001857,2024-09-30,W04,Kolkata,East,P021,P021-09-W04,2024-01-01,2026-01-01,2543,810,1834,7,1512,702,0,0,109952.64
I001858,2024-09-30,W04,Kolkata,East,P022,P022-09-W04,2023-07-01,2025-01-01,1856,1248,1045,4,2055,560,0,0,159796.8
I001859,2024-09-30,W04,Kolkata,East,P023,P023-09-W04,2023-07-01,2026-01-01,1487,1454,1179,5,1757,873,0,0,164349.78
I001860,2024-09-30,W04,Kolkata,East,P024,P024-09-W04,2023-07-01,2025-07-01,823,1433,1391,6,859,836,0,0,186025.04
I001861,2024-09-30,W04,Kolkata,East,P025,P025-09-W04,2024-04-01,2025-10-01,1854,286,1611,5,524,868,0,0,8101.04
I001862,2024-09-30,W04,Kolkata,East,P026,P026-09-W04,2024-04-01,2025-10-01,1516,562,1082,14,982,986,0,0,25119.56
I001863,2024-09-30,W04,Kolkata,East,P027,P027-09-W04,2023-10-01,2025-04-01,2056,1093,1429,12,1708,650,0,0,58738.12
I001864,2024-09-30,W04,Kolkata,East,P028,P028-09-W04,2023-10-01,2026-04-01,1345,544,1192,4,693,991,0,0,30880.08
I001865,2024-09-30,W04,Kolkata,East,P029,P029-09-W04,2024-04-01,2027-04-01,1491,1156,1438,13,1196,563,0,0,77082.2
I001866,2024-09-30,W04,Kolkata,East,P030,P030-09-W04,2024-01-01,2027-01-01,1490,1132,1748,15,859,593,0,0,53584.42
I001867,2024-09-30,W04,Kolkata,East,P031,P031-09-W04,2024-01-01,2027-01-01,776,1253,879,10,1140,853,0,0,66655.8
I001868,2024-09-30,W04,Kolkata,East,P032,P032-09-W04,2023-07-01,2026-01-01,2380,400,599,11,2170,788,0,0,112080.5
I001869,2024-09-30,W04,Kolkata,East,P033,P033-09-W04,2024-01-01,2026-07-01,2403,584,853,8,2126,731,0,0,149308.98
I001870,2024-09-30,W04,Kolkata,East,P034,P034-09-W04,2024-01-01,2025-07-01,2182,141,1341,13,969,882,0,0,64099.35
I001871,2024-09-30,W04,Kolkata,East,P035,P035-09-W04,2024-01-01,2026-07-01,1721,1348,1675,13,1381,553,0,0,122936.62
I001872,2024-09-30,W04,Kolkata,East,P036,P036-09-W04,2023-10-01,2025-04-01,602,618,1220,0,0,513,2,0,0
I001873,2024-09-30,W05,Indore,Central,P001,P001-09-W05,2023-07-01,2026-07-01,515,1044,1518,11,30,558,0,0,627.9
I001874,2024-09-30,W05,Indore,Central,P002,P002-09-W05,2024-01-01,2027-01-01,1786,381,1391,5,771,616,0,0,18727.59
I001875,2024-09-30,W05,Indore,Central,P003,P003-09-W05,2023-10-01,2025-10-01,695,815,577,16,917,965,0,0,35542.92
I001876,2024-09-30,W05,Indore,Central,P004,P004-09-W05,2024-04-01,2025-10-01,1511,177,1046,9,633,821,0,0,22648.74
I001877,2024-09-30,W05,Indore,Central,P005,P005-09-W05,2024-04-01,2026-10-01,2131,1397,1879,2,1647,805,0,0,74971.44
I001878,2024-09-30,W05,Indore,Central,P006,P006-09-W05,2023-07-01,2025-01-01,1465,978,834,14,1595,648,0,0,92557.85
I001879,2024-09-30,W05,Indore,Central,P007,P007-09-W05,2024-01-01,2025-07-01,1819,400,832,12,1375,731,0,0,86487.5
I001880,2024-09-30,W05,Indore,Central,P008,P008-09-W05,2024-01-01,2026-07-01,2336,466,1789,0,1013,901,0,0,64913.04
I001881,2024-09-30,W05,Indore,Central,P009,P009-09-W05,2023-10-01,2025-04-01,1668,116,955,14,815,967,0,0,52706.05
I001882,2024-09-30,W05,Indore,Central,P010,P010-09-W05,2023-10-01,2026-10-01,2015,32,1452,3,592,583,0,0,43802.08
I001883,2024-09-30,W05,Indore,Central,P011,P011-09-W05,2024-01-01,2026-07-01,1529,718,1639,8,600,851,0,0,56772
I001884,2024-09-30,W05,Indore,Central,P012,P012-09-W05,2024-04-01,2027-04-01,1471,416,1697,16,174,515,0,0,38662.8
I001885,2024-09-30,W05,Indore,Central,P013,P013-09-W05,2024-01-01,2025-07-01,640,1295,1766,5,164,575,0,0,4467.36
I001886,2024-09-30,W05,Indore,Central,P014,P014-09-W05,2024-04-01,2025-10-01,2171,1226,1655,10,1732,512,0,0,43888.88
I001887,2024-09-30,W05,Indore,Central,P015,P015-09-W05,2024-04-01,2027-04-01,1950,182,1334,9,789,748,0,0,22407.6
I001888,2024-09-30,W05,Indore,Central,P016,P016-09-W05,2024-01-01,2026-07-01,801,1242,1856,14,173,794,0,0,8380.12
I001889,2024-09-30,W05,Indore,Central,P017,P017-09-W05,2024-01-01,2026-07-01,1143,1395,1453,8,1077,518,0,0,53009.94
I001890,2024-09-30,W05,Indore,Central,P018,P018-09-W05,2024-01-01,2026-07-01,771,1251,2022,0,0,942,10,0,0
I001891,2024-09-30,W05,Indore,Central,P019,P019-09-W05,2024-01-01,2026-01-01,2393,162,1350,4,1201,653,0,0,83373.42
I001892,2024-09-30,W05,Indore,Central,P020,P020-09-W05,2023-07-01,2025-01-01,1924,1098,1378,10,1634,942,0,0,91961.52
I001893,2024-09-30,W05,Indore,Central,P021,P021-09-W05,2024-01-01,2026-01-01,1901,359,1715,11,534,856,0,0,38832.48
I001894,2024-09-30,W05,Indore,Central,P022,P022-09-W05,2024-01-01,2025-07-01,1240,309,1071,1,477,647,0,0,37091.52
I001895,2024-09-30,W05,Indore,Central,P023,P023-09-W05,2023-07-01,2026-01-01,817,1254,766,1,1304,913,0,0,121976.16
I001896,2024-09-30,W05,Indore,Central,P024,P024-09-W05,2024-04-01,2026-04-01,1454,3,927,3,527,665,0,0,114127.12
I001897,2024-09-30,W05,Indore,Central,P025,P025-09-W05,2024-01-01,2025-07-01,1938,1137,1724,14,1337,518,0,0,20670.02
I001898,2024-09-30,W05,Indore,Central,P026,P026-09-W05,2023-07-01,2025-01-01,1562,594,1897,1,258,694,0,0,6599.64
I001899,2024-09-30,W05,Indore,Central,P027,P027-09-W05,2023-07-01,2025-01-01,1330,75,1405,0,0,726,9,0,0
I001900,2024-09-30,W05,Indore,Central,P028,P028-09-W05,2023-10-01,2026-04-01,564,349,677,5,231,611,0,0,10293.36
I001901,2024-09-30,W05,Indore,Central,P029,P029-09-W05,2024-01-01,2027-01-01,1681,933,1230,8,1376,966,0,0,88683.2
I001902,2024-09-30,W05,Indore,Central,P030,P030-09-W05,2024-04-01,2027-04-01,598,1311,1462,8,439,899,0,0,27384.82
I001903,2024-09-30,W05,Indore,Central,P031,P031-09-W05,2023-07-01,2026-07-01,2355,631,1744,10,1232,768,0,0,72035.04
I001904,2024-09-30,W05,Indore,Central,P032,P032-09-W05,2024-04-01,2026-10-01,2411,1231,534,13,3095,591,0,0,159856.75
I001905,2024-09-30,W05,Indore,Central,P033,P033-09-W05,2023-10-01,2026-04-01,1061,1144,1606,8,591,593,0,0,41505.93
I001906,2024-09-30,W05,Indore,Central,P034,P034-09-W05,2023-10-01,2025-04-01,2185,337,1362,13,1147,832,0,0,75874.05
I001907,2024-09-30,W05,Indore,Central,P035,P035-09-W05,2023-10-01,2026-04-01,2039,133,1431,7,734,665,0,0,65340.68
I001908,2024-09-30,W05,Indore,Central,P036,P036-09-W05,2024-04-01,2025-10-01,453,778,1231,0,0,534,11,0,0
I001909,2024-09-30,W06,Hyderabad,South,P001,P001-09-W06,2023-10-01,2026-10-01,793,961,1754,0,0,683,2,0,0
I001910,2024-09-30,W06,Hyderabad,South,P002,P002-09-W06,2023-10-01,2026-10-01,758,1091,757,12,1080,983,0,0,26233.2
I001911,2024-09-30,W06,Hyderabad,South,P003,P003-09-W06,2024-04-01,2026-04-01,1391,242,921,11,701,582,0,0,27170.76
I001912,2024-09-30,W06,Hyderabad,South,P004,P004-09-W06,2023-07-01,2025-01-01,1373,860,1496,7,730,976,0,0,26119.4
I001913,2024-09-30,W06,Hyderabad,South,P005,P005-09-W06,2024-04-01,2026-10-01,2348,666,644,10,2360,953,0,0,107427.2
I001914,2024-09-30,W06,Hyderabad,South,P006,P006-09-W06,2024-04-01,2025-10-01,864,116,840,2,138,932,0,0,8008.14
I001915,2024-09-30,W06,Hyderabad,South,P007,P007-09-W06,2024-01-01,2025-07-01,1478,471,762,15,1172,939,0,0,73718.8
I001916,2024-09-30,W06,Hyderabad,South,P008,P008-09-W06,2024-01-01,2026-07-01,1429,1125,1683,5,866,688,0,0,55493.28
I001917,2024-09-30,W06,Hyderabad,South,P009,P009-09-W06,2023-10-01,2025-04-01,1193,890,904,15,1164,867,0,0,75275.88
I001918,2024-09-30,W06,Hyderabad,South,P010,P010-09-W06,2023-10-01,2026-10-01,1747,106,1270,0,583,524,0,0,43136.17
I001919,2024-09-30,W06,Hyderabad,South,P011,P011-09-W06,2023-07-01,2026-01-01,1160,248,826,13,569,920,0,0,53838.78
I001920,2024-09-30,W06,Hyderabad,South,P012,P012-09-W06,2023-07-01,2026-07-01,1993,12,742,9,1254,913,0,0,278638.8
I001921,2024-09-30,W06,Hyderabad,South,P013,P013-09-W06,2023-10-01,2025-04-01,663,853,1386,7,123,844,0,0,3350.52
I001922,2024-09-30,W06,Hyderabad,South,P014,P014-09-W06,2024-04-01,2025-10-01,1874,1312,603,2,2581,529,0,0,65402.54
I001923,2024-09-30,W06,Hyderabad,South,P015,P015-09-W06,2024-04-01,2027-04-01,2287,1446,909,2,2822,500,0,0,80144.8
I001924,2024-09-30,W06,Hyderabad,South,P016,P016-09-W06,2024-01-01,2026-07-01,2408,1019,1108,12,2307,833,0,0,111751.08
I001925,2024-09-30,W06,Hyderabad,South,P017,P017-09-W06,2023-07-01,2026-01-01,1518,437,605,8,1342,624,0,0,66053.24
I001926,2024-09-30,W06,Hyderabad,South,P018,P018-09-W06,2023-10-01,2026-04-01,647,609,739,5,512,659,0,0,35005.44
I001927,2024-09-30,W06,Hyderabad,South,P019,P019-09-W06,2023-07-01,2025-07-01,2345,972,871,9,2437,782,0,0,169176.54
I001928,2024-09-30,W06,Hyderabad,South,P020,P020-09-W06,2023-10-01,2025-04-01,2367,1323,1556,4,2130,863,0,0,119876.4
I001929,2024-09-30,W06,Hyderabad,South,P021,P021-09-W06,2023-10-01,2025-10-01,549,291,840,0,0,656,6,0,0
I001930,2024-09-30,W06,Hyderabad,South,P022,P022-09-W06,2023-07-01,2025-01-01,770,351,755,6,360,767,0,0,27993.6
I001931,2024-09-30,W06,Hyderabad,South,P023,P023-09-W06,2024-01-01,2026-07-01,686,1291,548,12,1417,704,0,0,132546.18
I001932,2024-09-30,W06,Hyderabad,South,P024,P024-09-W06,2024-01-01,2026-01-01,1796,493,1193,8,1088,793,0,0,235617.28
I001933,2024-09-30,W06,Hyderabad,South,P025,P025-09-W06,2024-01-01,2025-07-01,1586,673,578,10,1671,791,0,0,25833.66
I001934,2024-09-30,W06,Hyderabad,South,P026,P026-09-W06,2024-04-01,2025-10-01,722,597,1319,0,0,553,3,0,0
I001935,2024-09-30,W06,Hyderabad,South,P027,P027-09-W06,2024-04-01,2025-10-01,1617,842,1105,1,1353,995,0,0,46529.67
I001936,2024-09-30,W06,Hyderabad,South,P028,P028-09-W06,2024-01-01,2026-07-01,2200,418,1309,14,1295,979,0,0,57705.2
I001937,2024-09-30,W06,Hyderabad,South,P029,P029-09-W06,2023-07-01,2026-07-01,1777,289,608,15,1443,896,0,0,93001.35
I001938,2024-09-30,W06,Hyderabad,South,P030,P030-09-W06,2023-10-01,2026-10-01,2598,940,2137,5,1396,670,0,0,87082.48
I001939,2024-09-30,W06,Hyderabad,South,P031,P031-09-W06,2024-01-01,2027-01-01,497,716,1151,0,62,747,0,0,3625.14
I001940,2024-09-30,W06,Hyderabad,South,P032,P032-09-W06,2023-10-01,2026-04-01,1060,250,1204,6,100,931,0,0,5165
I001941,2024-09-30,W06,Hyderabad,South,P033,P033-09-W06,2023-07-01,2026-01-01,1187,1239,1183,1,1242,725,0,0,87225.66
I001942,2024-09-30,W06,Hyderabad,South,P034,P034-09-W06,2023-07-01,2025-01-01,1102,422,1524,0,0,510,11,0,0
I001943,2024-09-30,W06,Hyderabad,South,P035,P035-09-W06,2024-01-01,2026-07-01,1528,1448,838,9,2129,533,0,0,189523.58
I001944,2024-09-30,W06,Hyderabad,South,P036,P036-09-W06,2024-01-01,2025-07-01,2009,1270,1200,9,2070,871,0,0,469662.3
I001945,2024-10-31,W01,Delhi,North,P001,P001-10-W01,2023-11-01,2026-11-01,1759,90,832,12,1005,518,0,0,21034.65
I001946,2024-10-31,W01,Delhi,North,P002,P002-10-W01,2024-02-01,2027-02-01,1827,783,1381,13,1216,890,0,0,29536.64
I001947,2024-10-31,W01,Delhi,North,P003,P003-10-W01,2024-02-01,2026-02-01,1282,470,1039,8,705,880,0,0,27325.8
I001948,2024-10-31,W01,Delhi,North,P004,P004-10-W01,2023-11-01,2025-05-01,982,933,1776,10,129,864,0,0,4615.62
I001949,2024-10-31,W01,Delhi,North,P005,P005-10-W01,2023-08-01,2026-02-01,2085,701,1449,3,1334,624,0,0,60723.68
I001950,2024-10-31,W01,Delhi,North,P006,P006-10-W01,2024-05-01,2025-11-01,1843,390,2233,0,0,536,10,0,0
I001951,2024-10-31,W01,Delhi,North,P007,P007-10-W01,2024-05-01,2025-11-01,417,601,1018,0,0,660,1,0,0
I001952,2024-10-31,W01,Delhi,North,P008,P008-10-W01,2023-11-01,2026-05-01,1893,359,1107,9,1136,576,0,0,72794.88
I001953,2024-10-31,W01,Delhi,North,P009,P009-10-W01,2024-02-01,2025-08-01,2449,218,1326,13,1328,796,0,0,85881.76
I001954,2024-10-31,W01,Delhi,North,P010,P010-10-W01,2024-02-01,2027-02-01,1954,633,573,4,2010,949,0,0,148719.9
I001955,2024-10-31,W01,Delhi,North,P011,P011-10-W01,2024-02-01,2026-08-01,827,1390,737,5,1475,645,0,0,139564.5
I001956,2024-10-31,W01,Delhi,North,P012,P012-10-W01,2024-05-01,2027-05-01,931,1294,904,9,1312,759,0,0,291526.4
I001957,2024-10-31,W01,Delhi,North,P013,P013-10-W01,2024-02-01,2025-08-01,819,975,821,4,969,994,0,0,26395.56
I001958,2024-10-31,W01,Delhi,North,P014,P014-10-W01,2023-11-01,2025-05-01,2290,1242,1715,12,1805,978,0,0,45738.7
I001959,2024-10-31,W01,Delhi,North,P015,P015-10-W01,2024-05-01,2027-05-01,1889,90,565,5,1409,681,0,0,40015.6
I001960,2024-10-31,W01,Delhi,North,P016,P016-10-W01,2023-08-01,2026-02-01,2081,1005,1289,4,1793,852,0,0,86852.92
I001961,2024-10-31,W01,Delhi,North,P017,P017-10-W01,2023-08-01,2026-02-01,1722,49,1771,0,0,531,7,0,0
I001962,2024-10-31,W01,Delhi,North,P018,P018-10-W01,2024-02-01,2026-08-01,2259,1365,1114,12,2498,606,0,0,170788.26
I001963,2024-10-31,W01,Delhi,North,P019,P019-10-W01,2023-08-01,2025-08-01,1943,824,1030,15,1722,954,0,0,119541.24
I001964,2024-10-31,W01,Delhi,North,P020,P020-10-W01,2023-11-01,2025-05-01,1984,108,1508,15,569,906,0,0,32023.32
I001965,2024-10-31,W01,Delhi,North,P021,P021-10-W01,2024-05-01,2026-05-01,534,454,988,0,0,988,6,0,0
I001966,2024-10-31,W01,Delhi,North,P022,P022-10-W01,2024-02-01,2025-08-01,1959,151,1828,7,275,825,0,0,21384
I001967,2024-10-31,W01,Delhi,North,P023,P023-10-W01,2023-08-01,2026-02-01,918,1198,1195,10,911,972,0,0,85214.94
I001968,2024-10-31,W01,Delhi,North,P024,P024-10-W01,2024-02-01,2026-02-01,1969,1375,874,13,2457,604,0,0,532087.92
I001969,2024-10-31,W01,Delhi,North,P025,P025-10-W01,2024-02-01,2025-08-01,1032,1016,649,4,1395,656,0,0,21566.7
I001970,2024-10-31,W01,Delhi,North,P026,P026-10-W01,2023-08-01,2025-02-01,1389,1037,617,8,1801,706,0,0,46069.58
I001971,2024-10-31,W01,Delhi,North,P027,P027-10-W01,2024-05-01,2025-11-01,953,710,952,4,707,922,0,0,24313.73
I001972,2024-10-31,W01,Delhi,North,P028,P028-10-W01,2024-05-01,2026-11-01,1075,1129,1793,13,398,868,0,0,17734.88
I001973,2024-10-31,W01,Delhi,North,P029,P029-10-W01,2023-11-01,2026-11-01,2079,272,2221,8,122,754,0,0,7862.9
I001974,2024-10-31,W01,Delhi,North,P030,P030-10-W01,2023-08-01,2026-08-01,1725,0,838,11,876,740,0,0,54644.88
I001975,2024-10-31,W01,Delhi,North,P031,P031-10-W01,2023-11-01,2026-11-01,414,767,948,15,218,963,0,0,12746.46
I001976,2024-10-31,W01,Delhi,North,P032,P032-10-W01,2024-02-01,2026-08-01,695,947,1481,16,145,607,0,0,7489.25
I001977,2024-10-31,W01,Delhi,North,P033,P033-10-W01,2024-02-01,2026-08-01,536,1056,1254,8,330,766,0,0,23175.9
I001978,2024-10-31,W01,Delhi,North,P034,P034-10-W01,2023-08-01,2025-02-01,2452,1376,843,3,2982,721,0,0,197259.3
I001979,2024-10-31,W01,Delhi,North,P035,P035-10-W01,2024-02-01,2026-08-01,552,631,638,15,530,717,0,0,47180.6
I001980,2024-10-31,W01,Delhi,North,P036,P036-10-W01,2023-11-01,2025-05-01,403,591,994,0,0,508,9,0,0
I001981,2024-10-31,W02,Mumbai,West,P001,P001-10-W02,2024-05-01,2027-05-01,828,229,1057,0,0,939,2,0,0
I001982,2024-10-31,W02,Mumbai,West,P002,P002-10-W02,2024-05-01,2027-05-01,1601,251,610,15,1227,547,0,0,29803.83
I001983,2024-10-31,W02,Mumbai,West,P003,P003-10-W02,2023-11-01,2025-11-01,2389,1192,1406,5,2170,935,0,0,84109.2
I001984,2024-10-31,W02,Mumbai,West,P004,P004-10-W02,2024-05-01,2025-11-01,830,1425,1629,8,618,864,0,0,22112.04
I001985,2024-10-31,W02,Mumbai,West,P005,P005-10-W02,2023-08-01,2026-02-01,2267,1394,1168,13,2480,913,0,0,112889.6
I001986,2024-10-31,W02,Mumbai,West,P006,P006-10-W02,2024-05-01,2025-11-01,908,52,960,0,0,907,10,0,0
I001987,2024-10-31,W02,Mumbai,West,P007,P007-10-W02,2024-02-01,2025-08-01,2295,1371,960,1,2705,793,0,0,170144.5
I001988,2024-10-31,W02,Mumbai,West,P008,P008-10-W02,2024-02-01,2026-08-01,644,1477,904,4,1213,835,0,0,77729.04
I001989,2024-10-31,W02,Mumbai,West,P009,P009-10-W02,2024-05-01,2025-11-01,1690,764,1901,10,543,609,0,0,35115.81
I001990,2024-10-31,W02,Mumbai,West,P010,P010-10-W02,2023-11-01,2026-11-01,1432,661,616,1,1476,761,0,0,109209.24
I001991,2024-10-31,W02,Mumbai,West,P011,P011-10-W02,2024-05-01,2026-11-01,870,1347,1850,16,351,597,0,0,33211.62
I001992,2024-10-31,W02,Mumbai,West,P012,P012-10-W02,2023-11-01,2026-11-01,1982,1470,456,7,2989,624,0,0,664155.8
I001993,2024-10-31,W02,Mumbai,West,P013,P013-10-W02,2023-11-01,2025-05-01,1802,345,769,0,1378,838,0,0,37536.72
I001994,2024-10-31,W02,Mumbai,West,P014,P014-10-W02,2023-11-01,2025-05-01,677,1008,1099,0,586,663,0,0,14849.24
I001995,2024-10-31,W02,Mumbai,West,P015,P015-10-W02,2023-11-01,2026-11-01,2125,1031,1434,7,1715,507,0,0,48706
I001996,2024-10-31,W02,Mumbai,West,P016,P016-10-W02,2024-05-01,2026-11-01,1068,1074,823,15,1304,738,0,0,63165.76
I001997,2024-10-31,W02,Mumbai,West,P017,P017-10-W02,2023-08-01,2026-02-01,1084,620,1704,0,0,535,4,0,0
I001998,2024-10-31,W02,Mumbai,West,P018,P018-10-W02,2023-08-01,2026-02-01,1609,928,863,3,1671,694,0,0,114246.27
I001999,2024-10-31,W02,Mumbai,West,P019,P019-10-W02,2023-08-01,2025-08-01,657,682,1339,0,0,572,12,0,0
I002000,2024-10-31,W02,Mumbai,West,P020,P020-10-W02,2024-05-01,2025-11-01,703,973,1181,14,481,584,0,0,27070.68
I002001,2024-10-31,W02,Mumbai,West,P021,P021-10-W02,2024-02-01,2026-02-01,2450,36,1303,12,1171,540,0,0,85155.12
I002002,2024-10-31,W02,Mumbai,West,P022,P022-10-W02,2024-05-01,2025-11-01,449,982,1431,0,0,919,1,0,0
I002003,2024-10-31,W02,Mumbai,West,P023,P023-10-W02,2024-02-01,2026-08-01,1492,802,1478,6,810,978,0,0,75767.4
I002004,2024-10-31,W02,Mumbai,West,P024,P024-10-W02,2023-08-01,2025-08-01,2150,354,1593,5,906,830,0,0,196203.36
I002005,2024-10-31,W02,Mumbai,West,P025,P025-10-W02,2023-11-01,2025-05-01,1628,611,743,1,1495,923,0,0,23112.7
I002006,2024-10-31,W02,Mumbai,West,P026,P026-10-W02,2023-08-01,2025-02-01,1931,1124,1832,7,1216,989,0,0,31105.28
I002007,2024-10-31,W02,Mumbai,West,P027,P027-10-W02,2024-02-01,2025-08-01,1689,1104,1519,13,1261,523,0,0,43365.79
I002008,2024-10-31,W02,Mumbai,West,P028,P028-10-W02,2023-11-01,2026-05-01,2529,896,1377,14,2034,618,0,0,90635.04
I002009,2024-10-31,W02,Mumbai,West,P029,P029-10-W02,2023-11-01,2026-11-01,679,1309,1444,14,530,586,0,0,34158.5
I002010,2024-10-31,W02,Mumbai,West,P030,P030-10-W02,2023-08-01,2026-08-01,2074,245,1740,15,564,538,0,0,35182.32
I002011,2024-10-31,W02,Mumbai,West,P031,P031-10-W02,2023-11-01,2026-11-01,2401,917,1452,11,1855,656,0,0,108461.85
I002012,2024-10-31,W02,Mumbai,West,P032,P032-10-W02,2024-02-01,2026-08-01,1066,395,1461,0,0,859,9,0,0
I002013,2024-10-31,W02,Mumbai,West,P033,P033-10-W02,2024-05-01,2026-11-01,1716,630,892,4,1450,731,0,0,101833.5
I002014,2024-10-31,W02,Mumbai,West,P034,P034-10-W02,2023-08-01,2025-02-01,1437,1217,614,2,2038,806,0,0,134813.7
I002015,2024-10-31,W02,Mumbai,West,P035,P035-10-W02,2023-11-01,2026-05-01,1229,29,1258,0,0,611,7,0,0
I002016,2024-10-31,W02,Mumbai,West,P036,P036-10-W02,2024-05-01,2025-11-01,2140,335,1838,3,634,808,0,0,143848.26
I002017,2024-10-31,W03,Bengaluru,South,P001,P001-10-W03,2023-11-01,2026-11-01,1711,1222,1477,9,1447,595,0,0,30285.71
I002018,2024-10-31,W03,Bengaluru,South,P002,P002-10-W03,2023-11-01,2026-11-01,2474,242,1809,13,894,551,0,0,21715.26
I002019,2024-10-31,W03,Bengaluru,South,P003,P003-10-W03,2023-11-01,2025-11-01,1365,1278,1107,15,1521,504,0,0,58953.96
I002020,2024-10-31,W03,Bengaluru,South,P004,P004-10-W03,2024-05-01,2025-11-01,1897,837,1053,10,1671,699,0,0,59788.38
I002021,2024-10-31,W03,Bengaluru,South,P005,P005-10-W03,2024-02-01,2026-08-01,496,206,702,0,0,672,10,0,0
I002022,2024-10-31,W03,Bengaluru,South,P006,P006-10-W03,2024-05-01,2025-11-01,565,1292,1276,8,573,633,0,0,33251.19
I002023,2024-10-31,W03,Bengaluru,South,P007,P007-10-W03,2023-08-01,2025-02-01,1373,1246,1296,8,1315,541,0,0,82713.5
I002024,2024-10-31,W03,Bengaluru,South,P008,P008-10-W03,2024-02-01,2026-08-01,1553,511,1084,15,965,890,0,0,61837.2
I002025,2024-10-31,W03,Bengaluru,South,P009,P009-10-W03,2024-02-01,2025-08-01,1379,93,712,4,756,662,0,0,48890.52
I002026,2024-10-31,W03,Bengaluru,South,P010,P010-10-W03,2023-11-01,2026-11-01,1105,1245,786,5,1559,968,0,0,115350.41
I002027,2024-10-31,W03,Bengaluru,South,P011,P011-10-W03,2024-02-01,2026-08-01,2595,335,1210,4,1716,735,0,0,162367.92
I002028,2024-10-31,W03,Bengaluru,South,P012,P012-10-W03,2024-05-01,2027-05-01,689,859,874,3,671,800,0,0,149096.2
I002029,2024-10-31,W03,Bengaluru,South,P013,P013-10-W03,2023-08-01,2025-02-01,1485,149,539,12,1083,689,0,0,29500.92
I002030,2024-10-31,W03,Bengaluru,South,P014,P014-10-W03,2024-02-01,2025-08-01,2213,1213,681,5,2740,587,0,0,69431.6
I002031,2024-10-31,W03,Bengaluru,South,P015,P015-10-W03,2023-08-01,2026-08-01,1611,490,758,6,1337,733,0,0,37970.8
I002032,2024-10-31,W03,Bengaluru,South,P016,P016-10-W03,2024-05-01,2026-11-01,572,930,651,15,836,611,0,0,40495.84
I002033,2024-10-31,W03,Bengaluru,South,P017,P017-10-W03,2023-08-01,2026-02-01,1529,785,1218,8,1088,930,0,0,53551.36
I002034,2024-10-31,W03,Bengaluru,South,P018,P018-10-W03,2023-11-01,2026-05-01,981,1174,1876,14,265,539,0,0,18118.05
I002035,2024-10-31,W03,Bengaluru,South,P019,P019-10-W03,2023-11-01,2025-11-01,1481,1473,1827,13,1114,589,0,0,77333.88
I002036,2024-10-31,W03,Bengaluru,South,P020,P020-10-W03,2023-11-01,2025-05-01,1402,1221,1597,6,1020,521,0,0,57405.6
I002037,2024-10-31,W03,Bengaluru,South,P021,P021-10-W03,2024-02-01,2026-02-01,2447,1095,1743,11,1788,827,0,0,130023.36
I002038,2024-10-31,W03,Bengaluru,South,P022,P022-10-W03,2023-08-01,2025-02-01,1892,941,1509,5,1319,501,0,0,102565.44
I002039,2024-10-31,W03,Bengaluru,South,P023,P023-10-W03,2023-08-01,2026-02-01,2477,19,1584,13,899,807,0,0,84092.46
I002040,2024-10-31,W03,Bengaluru,South,P024,P024-10-W03,2024-05-01,2026-05-01,2070,705,616,15,2144,812,0,0,464304.64
I002041,2024-10-31,W03,Bengaluru,South,P025,P025-10-W03,2023-11-01,2025-05-01,2366,719,1760,3,1322,761,0,0,20438.12
I002042,2024-10-31,W03,Bengaluru,South,P026,P026-10-W03,2024-02-01,2025-08-01,1242,97,469,3,867,720,0,0,22177.86
I002043,2024-10-31,W03,Bengaluru,South,P027,P027-10-W03,2024-02-01,2025-08-01,2487,953,513,10,2917,544,0,0,100315.63
I002044,2024-10-31,W03,Bengaluru,South,P028,P028-10-W03,2023-08-01,2026-02-01,873,192,1020,5,40,738,0,0,1782.4
I002045,2024-10-31,W03,Bengaluru,South,P029,P029-10-W03,2023-08-01,2026-08-01,1754,517,1980,2,289,583,0,0,18626.05
I002046,2024-10-31,W03,Bengaluru,South,P030,P030-10-W03,2024-02-01,2027-02-01,852,1028,1543,12,325,617,0,0,20273.5
I002047,2024-10-31,W03,Bengaluru,South,P031,P031-10-W03,2023-11-01,2026-11-01,1414,654,1918,1,149,718,0,0,8712.03
I002048,2024-10-31,W03,Bengaluru,South,P032,P032-10-W03,2023-11-01,2026-05-01,1326,1285,1927,2,682,589,0,0,35225.3
I002049,2024-10-31,W03,Bengaluru,South,P033,P033-10-W03,2023-08-01,2026-02-01,1562,1071,459,3,2171,546,0,0,152469.33
I002050,2024-10-31,W03,Bengaluru,South,P034,P034-10-W03,2024-05-01,2025-11-01,469,50,519,0,0,539,3,0,0
I002051,2024-10-31,W03,Bengaluru,South,P035,P035-10-W03,2024-02-01,2026-08-01,2392,950,1191,1,2150,885,0,0,191393
I002052,2024-10-31,W03,Bengaluru,South,P036,P036-10-W03,2024-05-01,2025-11-01,1759,439,1807,13,378,740,0,0,85764.42
I002053,2024-10-31,W04,Kolkata,East,P001,P001-10-W04,2023-11-01,2026-11-01,1195,1296,1222,5,1264,945,0,0,26455.52
I002054,2024-10-31,W04,Kolkata,East,P002,P002-10-W04,2024-05-01,2027-05-01,2052,1081,1252,6,1875,674,0,0,45543.75
I002055,2024-10-31,W04,Kolkata,East,P003,P003-10-W04,2024-02-01,2026-02-01,1585,344,1135,11,783,588,0,0,30349.08
I002056,2024-10-31,W04,Kolkata,East,P004,P004-10-W04,2024-02-01,2025-08-01,1925,279,1077,9,1118,861,0,0,40002.04
I002057,2024-10-31,W04,Kolkata,East,P005,P005-10-W04,2023-08-01,2026-02-01,1667,1155,1975,13,834,645,0,0,37963.68
I002058,2024-10-31,W04,Kolkata,East,P006,P006-10-W04,2024-05-01,2025-11-01,2135,1255,1603,5,1782,702,0,0,103409.46
I002059,2024-10-31,W04,Kolkata,East,P007,P007-10-W04,2024-05-01,2025-11-01,1496,1134,1526,3,1101,757,0,0,69252.9
I002060,2024-10-31,W04,Kolkata,East,P008,P008-10-W04,2024-05-01,2026-11-01,788,654,1044,1,397,829,0,0,25439.76
I002061,2024-10-31,W04,Kolkata,East,P009,P009-10-W04,2024-02-01,2025-08-01,2283,751,922,14,2098,929,0,0,135677.66
I002062,2024-10-31,W04,Kolkata,East,P010,P010-10-W04,2023-08-01,2026-08-01,1891,243,563,5,1566,877,0,0,115868.34
I002063,2024-10-31,W04,Kolkata,East,P011,P011-10-W04,2023-11-01,2026-05-01,2245,1333,686,14,2878,598,0,0,272316.36
I002064,2024-10-31,W04,Kolkata,East,P012,P012-10-W04,2024-02-01,2027-02-01,1555,1329,456,7,2421,871,0,0,537946.2
I002065,2024-10-31,W04,Kolkata,East,P013,P013-10-W04,2023-08-01,2025-02-01,762,703,1465,0,0,709,11,0,0
I002066,2024-10-31,W04,Kolkata,East,P014,P014-10-W04,2024-02-01,2025-08-01,2419,477,461,2,2433,770,0,0,61652.22
I002067,2024-10-31,W04,Kolkata,East,P015,P015-10-W04,2024-05-01,2027-05-01,885,1213,1877,15,206,789,0,0,5850.4
I002068,2024-10-31,W04,Kolkata,East,P016,P016-10-W04,2023-11-01,2026-05-01,1395,1212,613,6,1988,742,0,0,96298.72
I002069,2024-10-31,W04,Kolkata,East,P017,P017-10-W04,2024-05-01,2026-11-01,1200,1156,814,16,1526,703,0,0,75109.72
I002070,2024-10-31,W04,Kolkata,East,P018,P018-10-W04,2023-11-01,2026-05-01,838,1156,1994,0,0,966,11,0,0
I002071,2024-10-31,W04,Kolkata,East,P019,P019-10-W04,2023-08-01,2025-08-01,2458,535,1719,12,1262,610,0,0,87608.04
I002072,2024-10-31,W04,Kolkata,East,P020,P020-10-W04,2024-05-01,2025-11-01,1077,1165,1506,1,735,759,0,0,41365.8
I002073,2024-10-31,W04,Kolkata,East,P021,P021-10-W04,2023-08-01,2025-08-01,2301,831,1161,6,1965,950,0,0,142894.8
I002074,2024-10-31,W04,Kolkata,East,P022,P022-10-W04,2024-05-01,2025-11-01,2291,479,1834,10,926,764,0,0,72005.76
I002075,2024-10-31,W04,Kolkata,East,P023,P023-10-W04,2023-11-01,2026-05-01,805,1389,1018,8,1168,575,0,0,109254.72
I002076,2024-10-31,W04,Kolkata,East,P024,P024-10-W04,2024-05-01,2026-05-01,492,1078,1029,10,531,996,0,0,114993.36
I002077,2024-10-31,W04,Kolkata,East,P025,P025-10-W04,2023-11-01,2025-05-01,1651,705,453,9,1894,547,0,0,29281.24
I002078,2024-10-31,W04,Kolkata,East,P026,P026-10-W04,2023-11-01,2025-05-01,523,633,576,5,575,564,0,0,14708.5
I002079,2024-10-31,W04,Kolkata,East,P027,P027-10-W04,2023-08-01,2025-02-01,2137,1460,1145,13,2439,827,0,0,83877.21
I002080,2024-10-31,W04,Kolkata,East,P028,P028-10-W04,2023-08-01,2026-02-01,940,567,1291,5,211,901,0,0,9402.16
I002081,2024-10-31,W04,Kolkata,East,P029,P029-10-W04,2024-02-01,2027-02-01,460,1184,1644,0,0,681,8,0,0
I002082,2024-10-31,W04,Kolkata,East,P030,P030-10-W04,2023-08-01,2026-08-01,2215,63,823,16,1439,889,0,0,89764.82
I002083,2024-10-31,W04,Kolkata,East,P031,P031-10-W04,2024-05-01,2027-05-01,2268,715,472,8,2503,918,0,0,146350.41
I002084,2024-10-31,W04,Kolkata,East,P032,P032-10-W04,2023-11-01,2026-05-01,1030,1150,1343,12,825,845,0,0,42611.25
I002085,2024-10-31,W04,Kolkata,East,P033,P033-10-W04,2023-11-01,2026-05-01,1855,388,843,15,1385,504,0,0,97268.55
I002086,2024-10-31,W04,Kolkata,East,P034,P034-10-W04,2023-11-01,2025-05-01,1783,1031,1778,12,1024,881,0,0,67737.6
I002087,2024-10-31,W04,Kolkata,East,P035,P035-10-W04,2024-02-01,2026-08-01,1014,1002,757,6,1253,731,0,0,111542.06
I002088,2024-10-31,W04,Kolkata,East,P036,P036-10-W04,2024-05-01,2025-11-01,1064,1465,940,8,1581,656,0,0,358713.09
I002089,2024-10-31,W05,Indore,Central,P001,P001-10-W05,2024-05-01,2027-05-01,1413,967,1104,3,1273,578,0,0,26643.89
I002090,2024-10-31,W05,Indore,Central,P002,P002-10-W05,2024-05-01,2027-05-01,652,1500,1694,3,455,583,0,0,11051.95
I002091,2024-10-31,W05,Indore,Central,P003,P003-10-W05,2024-05-01,2026-05-01,1548,251,1346,2,451,733,0,0,17480.76
I002092,2024-10-31,W05,Indore,Central,P004,P004-10-W05,2024-02-01,2025-08-01,733,1017,1750,0,0,970,8,0,0
I002093,2024-10-31,W05,Indore,Central,P005,P005-10-W05,2023-11-01,2026-05-01,2370,1096,1791,13,1662,787,0,0,75654.24
I002094,2024-10-31,W05,Indore,Central,P006,P006-10-W05,2024-02-01,2025-08-01,1315,747,896,12,1154,530,0,0,66966.62
I002095,2024-10-31,W05,Indore,Central,P007,P007-10-W05,2024-02-01,2025-08-01,1611,1194,1070,7,1728,622,0,0,108691.2
I002096,2024-10-31,W05,Indore,Central,P008,P008-10-W05,2024-05-01,2026-11-01,439,251,690,0,0,852,2,0,0
I002097,2024-10-31,W05,Indore,Central,P009,P009-10-W05,2024-02-01,2025-08-01,2513,776,1542,1,1746,598,0,0,112913.82
I002098,2024-10-31,W05,Indore,Central,P010,P010-10-W05,2023-08-01,2026-08-01,964,927,991,2,898,875,0,0,66443.02
I002099,2024-10-31,W05,Indore,Central,P011,P011-10-W05,2024-05-01,2026-11-01,1528,299,999,16,812,529,0,0,76831.44
I002100,2024-10-31,W05,Indore,Central,P012,P012-10-W05,2024-05-01,2027-05-01,689,1160,1758,0,91,653,0,0,20220.2
I002101,2024-10-31,W05,Indore,Central,P013,P013-10-W05,2024-05-01,2025-11-01,1545,1279,594,11,2219,695,0,0,60445.56
I002102,2024-10-31,W05,Indore,Central,P014,P014-10-W05,2023-08-01,2025-02-01,1873,954,1691,14,1122,837,0,0,28431.48
I002103,2024-10-31,W05,Indore,Central,P015,P015-10-W05,2023-08-01,2026-08-01,1685,1085,1522,4,1244,596,0,0,35329.6
I002104,2024-10-31,W05,Indore,Central,P016,P016-10-W05,2023-11-01,2026-05-01,1485,1035,516,11,1993,780,0,0,96540.92
I002105,2024-10-31,W05,Indore,Central,P017,P017-10-W05,2023-08-01,2026-02-01,1064,507,1571,0,0,967,9,0,0
I002106,2024-10-31,W05,Indore,Central,P018,P018-10-W05,2024-02-01,2026-08-01,2120,703,2175,5,643,581,0,0,43961.91
I002107,2024-10-31,W05,Indore,Central,P019,P019-10-W05,2023-08-01,2025-08-01,2160,1173,1837,9,1487,555,0,0,103227.54
I002108,2024-10-31,W05,Indore,Central,P020,P020-10-W05,2023-08-01,2025-02-01,736,261,477,13,507,997,0,0,28533.96
I002109,2024-10-31,W05,Indore,Central,P021,P021-10-W05,2023-11-01,2025-11-01,1249,255,1203,9,292,743,0,0,21234.24
I002110,2024-10-31,W05,Indore,Central,P022,P022-10-W05,2024-05-01,2025-11-01,574,1033,1607,0,0,592,2,0,0
I002111,2024-10-31,W05,Indore,Central,P023,P023-10-W05,2024-02-01,2026-08-01,1535,254,1104,6,679,767,0,0,63513.66
I002112,2024-10-31,W05,Indore,Central,P024,P024-10-W05,2024-05-01,2026-05-01,1540,38,987,2,589,646,0,0,127553.84
I002113,2024-10-31,W05,Indore,Central,P025,P025-10-W05,2023-11-01,2025-05-01,934,537,1180,6,285,542,0,0,4406.1
I002114,2024-10-31,W05,Indore,Central,P026,P026-10-W05,2023-11-01,2025-05-01,2538,715,1574,15,1664,593,0,0,42565.12
I002115,2024-10-31,W05,Indore,Central,P027,P027-10-W05,2023-11-01,2025-05-01,1038,173,1211,0,0,606,9,0,0
I002116,2024-10-31,W05,Indore,Central,P028,P028-10-W05,2024-02-01,2026-08-01,1629,405,1080,7,947,973,0,0,42198.32
I002117,2024-10-31,W05,Indore,Central,P029,P029-10-W05,2024-05-01,2027-05-01,1717,717,2168,5,261,660,0,0,16821.45
I002118,2024-10-31,W05,Indore,Central,P030,P030-10-W05,2024-02-01,2027-02-01,2149,515,866,8,1790,911,0,0,111660.2
I002119,2024-10-31,W05,Indore,Central,P031,P031-10-W05,2024-05-01,2027-05-01,725,653,1378,0,0,666,6,0,0
I002120,2024-10-31,W05,Indore,Central,P032,P032-10-W05,2023-11-01,2026-05-01,857,47,904,0,0,549,10,0,0
I002121,2024-10-31,W05,Indore,Central,P033,P033-10-W05,2023-11-01,2026-05-01,460,19,479,0,0,644,9,0,0
I002122,2024-10-31,W05,Indore,Central,P034,P034-10-W05,2024-05-01,2025-11-01,1619,817,1559,12,865,851,0,0,57219.75
I002123,2024-10-31,W05,Indore,Central,P035,P035-10-W05,2023-11-01,2026-05-01,1545,709,1394,7,853,786,0,0,75934.06
I002124,2024-10-31,W05,Indore,Central,P036,P036-10-W05,2023-11-01,2025-05-01,687,1251,1401,12,525,757,0,0,119117.25
I002125,2024-10-31,W06,Hyderabad,South,P001,P001-10-W06,2023-11-01,2026-11-01,864,388,1252,0,0,775,10,0,0
I002126,2024-10-31,W06,Hyderabad,South,P002,P002-10-W06,2024-05-01,2027-05-01,863,573,1436,0,0,598,5,0,0
I002127,2024-10-31,W06,Hyderabad,South,P003,P003-10-W06,2024-05-01,2026-05-01,565,1342,1438,10,459,755,0,0,17790.84
I002128,2024-10-31,W06,Hyderabad,South,P004,P004-10-W06,2023-08-01,2025-02-01,1131,795,1601,1,324,799,0,0,11592.72
I002129,2024-10-31,W06,Hyderabad,South,P005,P005-10-W06,2023-11-01,2026-05-01,1657,347,612,15,1377,675,0,0,62681.04
I002130,2024-10-31,W06,Hyderabad,South,P006,P006-10-W06,2023-08-01,2025-02-01,807,368,1175,0,0,769,6,0,0
I002131,2024-10-31,W06,Hyderabad,South,P007,P007-10-W06,2024-02-01,2025-08-01,1912,895,831,3,1973,811,0,0,124101.7
I002132,2024-10-31,W06,Hyderabad,South,P008,P008-10-W06,2024-02-01,2026-08-01,418,486,904,0,0,533,7,0,0
I002133,2024-10-31,W06,Hyderabad,South,P009,P009-10-W06,2024-05-01,2025-11-01,1868,1193,816,7,2238,647,0,0,144731.46
I002134,2024-10-31,W06,Hyderabad,South,P010,P010-10-W06,2023-11-01,2026-11-01,2549,646,1148,10,2037,832,0,0,150717.63
I002135,2024-10-31,W06,Hyderabad,South,P011,P011-10-W06,2023-11-01,2026-05-01,605,680,1285,0,0,683,4,0,0
I002136,2024-10-31,W06,Hyderabad,South,P012,P012-10-W06,2023-08-01,2026-08-01,2440,678,1108,7,2003,833,0,0,445066.6
I002137,2024-10-31,W06,Hyderabad,South,P013,P013-10-W06,2023-11-01,2025-05-01,2577,805,972,13,2397,680,0,0,65294.28
I002138,2024-10-31,W06,Hyderabad,South,P014,P014-10-W06,2023-08-01,2025-02-01,762,1110,463,14,1395,671,0,0,35349.3
I002139,2024-10-31,W06,Hyderabad,South,P015,P015-10-W06,2024-02-01,2027-02-01,1444,403,1721,1,125,571,0,0,3550
I002140,2024-10-31,W06,Hyderabad,South,P016,P016-10-W06,2023-11-01,2026-05-01,2587,1465,994,5,3053,964,0,0,147887.32
I002141,2024-10-31,W06,Hyderabad,South,P017,P017-10-W06,2024-02-01,2026-08-01,1654,1208,1135,5,1722,653,0,0,84756.84
I002142,2024-10-31,W06,Hyderabad,South,P018,P018-10-W06,2023-11-01,2026-05-01,1642,1263,1066,14,1825,926,0,0,124775.25
I002143,2024-10-31,W06,Hyderabad,South,P019,P019-10-W06,2023-08-01,2025-08-01,1996,319,645,2,1668,586,0,0,115792.56
I002144,2024-10-31,W06,Hyderabad,South,P020,P020-10-W06,2023-08-01,2025-02-01,901,920,1483,1,337,520,0,0,18966.36
I002145,2024-10-31,W06,Hyderabad,South,P021,P021-10-W06,2024-05-01,2026-05-01,1692,788,1598,15,867,733,0,0,63048.24
I002146,2024-10-31,W06,Hyderabad,South,P022,P022-10-W06,2024-05-01,2025-11-01,726,581,1055,7,245,515,0,0,19051.2
I002147,2024-10-31,W06,Hyderabad,South,P023,P023-10-W06,2023-11-01,2026-05-01,763,1436,1494,11,694,786,0,0,64916.76
I002148,2024-10-31,W06,Hyderabad,South,P024,P024-10-W06,2023-11-01,2025-11-01,2142,272,1071,12,1331,918,0,0,288241.36
I002149,2024-10-31,W06,Hyderabad,South,P025,P025-10-W06,2023-11-01,2025-05-01,1625,1255,1310,10,1560,559,0,0,24117.6
I002150,2024-10-31,W06,Hyderabad,South,P026,P026-10-W06,2024-05-01,2025-11-01,1958,620,1765,14,799,881,0,0,20438.42
I002151,2024-10-31,W06,Hyderabad,South,P027,P027-10-W06,2023-11-01,2025-05-01,1005,1309,580,13,1721,846,0,0,59185.19
I002152,2024-10-31,W06,Hyderabad,South,P028,P028-10-W06,2023-08-01,2026-02-01,1029,730,1715,7,37,789,0,0,1648.72
I002153,2024-10-31,W06,Hyderabad,South,P029,P029-10-W06,2023-08-01,2026-08-01,1432,925,2199,14,144,846,0,0,9280.8
I002154,2024-10-31,W06,Hyderabad,South,P030,P030-10-W06,2024-05-01,2027-05-01,1273,697,1915,1,54,858,0,0,3368.52
I002155,2024-10-31,W06,Hyderabad,South,P031,P031-10-W06,2024-05-01,2027-05-01,1720,334,1484,8,562,838,0,0,32860.14
I002156,2024-10-31,W06,Hyderabad,South,P032,P032-10-W06,2023-11-01,2026-05-01,637,107,744,0,0,715,5,0,0
I002157,2024-10-31,W06,Hyderabad,South,P033,P033-10-W06,2023-08-01,2026-02-01,2316,136,1081,11,1360,628,0,0,95512.8
I002158,2024-10-31,W06,Hyderabad,South,P034,P034-10-W06,2023-08-01,2025-02-01,1504,368,611,1,1260,649,0,0,83349
I002159,2024-10-31,W06,Hyderabad,South,P035,P035-10-W06,2023-08-01,2026-02-01,1414,857,761,6,1504,548,0,0,133886.08
I002160,2024-10-31,W06,Hyderabad,South,P036,P036-10-W06,2024-02-01,2025-08-01,2105,722,954,15,1858,726,0,0,421561.62
I002161,2024-11-30,W01,Delhi,North,P001,P001-11-W01,2023-12-01,2026-12-01,1355,470,1706,2,117,831,0,0,2448.81
I002162,2024-11-30,W01,Delhi,North,P002,P002-11-W01,2023-12-01,2026-12-01,1757,858,1057,6,1552,823,0,0,37698.08
I002163,2024-11-30,W01,Delhi,North,P003,P003-11-W01,2023-09-01,2025-09-01,2243,563,1767,15,1024,520,0,0,39690.24
I002164,2024-11-30,W01,Delhi,North,P004,P004-11-W01,2023-12-01,2025-06-01,630,257,887,0,0,843,13,0,0
I002165,2024-11-30,W01,Delhi,North,P005,P005-11-W01,2023-12-01,2026-06-01,820,1131,1392,8,551,825,0,0,25081.52
I002166,2024-11-30,W01,Delhi,North,P006,P006-11-W01,2024-03-01,2025-09-01,1029,273,876,15,411,631,0,0,23850.33
I002167,2024-11-30,W01,Delhi,North,P007,P007-11-W01,2024-03-01,2025-09-01,1011,278,1289,0,0,965,10,0,0
I002168,2024-11-30,W01,Delhi,North,P008,P008-11-W01,2024-03-01,2026-09-01,825,45,870,0,0,683,1,0,0
I002169,2024-11-30,W01,Delhi,North,P009,P009-11-W01,2024-06-01,2025-12-01,2565,791,1936,1,1419,996,0,0,91766.73
I002170,2024-11-30,W01,Delhi,North,P010,P010-11-W01,2023-09-01,2026-09-01,1833,1329,1082,13,2067,506,0,0,152937.33
I002171,2024-11-30,W01,Delhi,North,P011,P011-11-W01,2024-03-01,2026-09-01,960,239,919,15,265,651,0,0,25074.3
I002172,2024-11-30,W01,Delhi,North,P012,P012-11-W01,2023-12-01,2026-12-01,1192,1337,1565,4,960,741,0,0,213312
I002173,2024-11-30,W01,Delhi,North,P013,P013-11-W01,2023-09-01,2025-03-01,1105,94,1199,0,0,650,6,0,0
I002174,2024-11-30,W01,Delhi,North,P014,P014-11-W01,2023-09-01,2025-03-01,2207,922,1593,15,1521,962,0,0,38542.14
I002175,2024-11-30,W01,Delhi,North,P015,P015-11-W01,2024-03-01,2027-03-01,2163,244,1280,12,1115,593,0,0,31666
I002176,2024-11-30,W01,Delhi,North,P016,P016-11-W01,2023-09-01,2026-03-01,1173,68,453,1,787,695,0,0,38122.28
I002177,2024-11-30,W01,Delhi,North,P017,P017-11-W01,2023-12-01,2026-06-01,1071,1499,1440,6,1124,974,0,0,55323.28
I002178,2024-11-30,W01,Delhi,North,P018,P018-11-W01,2023-09-01,2026-03-01,1700,803,1788,4,711,640,0,0,48611.07
I002179,2024-11-30,W01,Delhi,North,P019,P019-11-W01,2023-09-01,2025-09-01,2143,1265,1062,7,2339,987,0,0,162373.38
I002180,2024-11-30,W01,Delhi,North,P020,P020-11-W01,2024-06-01,2025-12-01,473,102,575,0,0,857,2,0,0
I002181,2024-11-30,W01,Delhi,North,P021,P021-11-W01,2023-09-01,2025-09-01,1508,1012,676,5,1839,838,0,0,133732.08
I002182,2024-11-30,W01,Delhi,North,P022,P022-11-W01,2023-09-01,2025-03-01,1386,746,579,12,1541,993,0,0,119828.16
I002183,2024-11-30,W01,Delhi,North,P023,P023-11-W01,2023-12-01,2026-06-01,2216,598,983,13,1818,708,0,0,170055.72
I002184,2024-11-30,W01,Delhi,North,P024,P024-11-W01,2024-06-01,2026-06-01,1047,848,1448,12,435,864,0,0,94203.6
I002185,2024-11-30,W01,Delhi,North,P025,P025-11-W01,2023-09-01,2025-03-01,2549,878,1741,16,1670,695,0,0,25818.2
I002186,2024-11-30,W01,Delhi,North,P026,P026-11-W01,2023-12-01,2025-06-01,896,1298,1738,7,449,914,0,0,11485.42
I002187,2024-11-30,W01,Delhi,North,P027,P027-11-W01,2023-12-01,2025-06-01,1609,574,1619,1,563,575,0,0,19361.57
I002188,2024-11-30,W01,Delhi,North,P028,P028-11-W01,2023-12-01,2026-06-01,494,1372,1168,10,688,608,0,0,30657.28
I002189,2024-11-30,W01,Delhi,North,P029,P029-11-W01,2023-09-01,2026-09-01,2365,1083,1131,1,2316,638,0,0,149266.2
I002190,2024-11-30,W01,Delhi,North,P030,P030-11-W01,2023-09-01,2026-09-01,2487,120,1351,1,1255,796,0,0,78286.9
I002191,2024-11-30,W01,Delhi,North,P031,P031-11-W01,2023-09-01,2026-09-01,1185,372,1541,6,10,669,0,0,584.7
I002192,2024-11-30,W01,Delhi,North,P032,P032-11-W01,2024-03-01,2026-09-01,627,536,1163,0,0,728,5,0,0
I002193,2024-11-30,W01,Delhi,North,P033,P033-11-W01,2024-06-01,2026-12-01,1566,504,904,14,1152,674,0,0,80904.96
I002194,2024-11-30,W01,Delhi,North,P034,P034-11-W01,2024-03-01,2025-09-01,694,500,866,0,328,534,0,0,21697.2
I002195,2024-11-30,W01,Delhi,North,P035,P035-11-W01,2023-09-01,2026-03-01,2128,696,984,1,1839,667,0,0,163707.78
I002196,2024-11-30,W01,Delhi,North,P036,P036-11-W01,2023-09-01,2025-03-01,1068,1320,1096,8,1284,671,0,0,291326.76
I002197,2024-11-30,W02,Mumbai,West,P001,P001-11-W02,2024-06-01,2027-06-01,1719,1145,547,16,2301,605,0,0,48159.93
I002198,2024-11-30,W02,Mumbai,West,P002,P002-11-W02,2024-06-01,2027-06-01,1153,804,1016,15,926,903,0,0,22492.54
I002199,2024-11-30,W02,Mumbai,West,P003,P003-11-W02,2024-03-01,2026-03-01,1228,569,919,8,870,645,0,0,33721.2
I002200,2024-11-30,W02,Mumbai,West,P004,P004-11-W02,2024-03-01,2025-09-01,822,692,1514,0,0,686,7,0,0
I002201,2024-11-30,W02,Mumbai,West,P005,P005-11-W02,2024-06-01,2026-12-01,2130,1064,916,12,2266,532,0,0,103148.32
I002202,2024-11-30,W02,Mumbai,West,P006,P006-11-W02,2024-03-01,2025-09-01,1860,436,994,2,1300,699,0,0,75439
I002203,2024-11-30,W02,Mumbai,West,P007,P007-11-W02,2023-12-01,2025-06-01,1430,790,631,13,1576,536,0,0,99130.4
I002204,2024-11-30,W02,Mumbai,West,P008,P008-11-W02,2024-03-01,2026-09-01,919,1495,648,4,1762,691,0,0,112908.96
I002205,2024-11-30,W02,Mumbai,West,P009,P009-11-W02,2023-09-01,2025-03-01,2067,122,1668,3,518,514,0,0,33499.06
I002206,2024-11-30,W02,Mumbai,West,P010,P010-11-W02,2023-09-01,2026-09-01,2020,119,996,11,1132,946,0,0,83756.68
I002207,2024-11-30,W02,Mumbai,West,P011,P011-11-W02,2023-09-01,2026-03-01,1201,1008,1741,15,453,612,0,0,42862.86
I002208,2024-11-30,W02,Mumbai,West,P012,P012-11-W02,2023-09-01,2026-09-01,2342,589,676,1,2254,606,0,0,500838.8
I002209,2024-11-30,W02,Mumbai,West,P013,P013-11-W02,2023-12-01,2025-06-01,1277,628,821,2,1082,912,0,0,29473.68
I002210,2024-11-30,W02,Mumbai,West,P014,P014-11-W02,2024-03-01,2025-09-01,2557,544,589,5,2507,751,0,0,63527.38
I002211,2024-11-30,W02,Mumbai,West,P015,P015-11-W02,2024-03-01,2027-03-01,2467,946,1367,14,2032,559,0,0,57708.8
I002212,2024-11-30,W02,Mumbai,West,P016,P016-11-W02,2024-03-01,2026-09-01,2072,960,1831,14,1187,941,0,0,57498.28
I002213,2024-11-30,W02,Mumbai,West,P017,P017-11-W02,2024-06-01,2026-12-01,1348,829,1710,1,466,937,0,0,22936.52
I002214,2024-11-30,W02,Mumbai,West,P018,P018-11-W02,2024-06-01,2026-12-01,1590,793,1543,5,835,973,0,0,57088.95
I002215,2024-11-30,W02,Mumbai,West,P019,P019-11-W02,2024-03-01,2026-03-01,1433,894,1235,5,1087,552,0,0,75459.54
I002216,2024-11-30,W02,Mumbai,West,P020,P020-11-W02,2023-09-01,2025-03-01,2376,642,1760,14,1244,854,0,0,70012.32
I002217,2024-11-30,W02,Mumbai,West,P021,P021-11-W02,2024-06-01,2026-06-01,2092,637,1856,11,862,878,0,0,62684.64
I002218,2024-11-30,W02,Mumbai,West,P022,P022-11-W02,2023-12-01,2025-06-01,953,1155,1705,8,395,540,0,0,30715.2
I002219,2024-11-30,W02,Mumbai,West,P023,P023-11-W02,2023-09-01,2026-03-01,1179,740,1175,8,736,584,0,0,68845.44
I002220,2024-11-30,W02,Mumbai,West,P024,P024-11-W02,2023-12-01,2025-12-01,508,287,795,0,0,678,4,0,0
I002221,2024-11-30,W02,Mumbai,West,P025,P025-11-W02,2024-03-01,2025-09-01,2399,1129,762,5,2761,941,0,0,42685.06
I002222,2024-11-30,W02,Mumbai,West,P026,P026-11-W02,2024-03-01,2025-09-01,2422,460,1611,5,1266,863,0,0,32384.28
I002223,2024-11-30,W02,Mumbai,West,P027,P027-11-W02,2023-09-01,2025-03-01,1967,958,1707,1,1217,981,0,0,41852.63
I002224,2024-11-30,W02,Mumbai,West,P028,P028-11-W02,2024-06-01,2026-12-01,1736,476,1163,1,1048,846,0,0,46698.88
I002225,2024-11-30,W02,Mumbai,West,P029,P029-11-W02,2023-09-01,2026-09-01,2497,254,1729,4,1018,999,0,0,65610.1
I002226,2024-11-30,W02,Mumbai,West,P030,P030-11-W02,2023-12-01,2026-12-01,636,1292,735,3,1190,590,0,0,74232.2
I002227,2024-11-30,W02,Mumbai,West,P031,P031-11-W02,2023-09-01,2026-09-01,737,1470,1137,16,1054,976,0,0,61627.38
I002228,2024-11-30,W02,Mumbai,West,P032,P032-11-W02,2024-03-01,2026-09-01,2398,1390,1031,14,2743,825,0,0,141675.95
I002229,2024-11-30,W02,Mumbai,West,P033,P033-11-W02,2023-09-01,2026-03-01,466,905,678,8,685,529,0,0,48107.55
I002230,2024-11-30,W02,Mumbai,West,P034,P034-11-W02,2023-09-01,2025-03-01,905,184,794,13,282,666,0,0,18654.3
I002231,2024-11-30,W02,Mumbai,West,P035,P035-11-W02,2023-09-01,2026-03-01,1681,1481,1640,14,1508,834,0,0,134242.16
I002232,2024-11-30,W02,Mumbai,West,P036,P036-11-W02,2024-03-01,2025-09-01,406,885,1058,15,218,862,0,0,49462.02
I002233,2024-11-30,W03,Bengaluru,South,P001,P001-11-W03,2023-09-01,2026-09-01,2379,1397,1915,14,1847,885,0,0,38657.71
I002234,2024-11-30,W03,Bengaluru,South,P002,P002-11-W03,2023-12-01,2026-12-01,892,368,1260,0,0,890,5,0,0
I002235,2024-11-30,W03,Bengaluru,South,P003,P003-11-W03,2024-03-01,2026-03-01,1146,1016,718,9,1435,677,0,0,55620.6
I002236,2024-11-30,W03,Bengaluru,South,P004,P004-11-W03,2023-12-01,2025-06-01,2394,640,722,5,2307,546,0,0,82544.46
I002237,2024-11-30,W03,Bengaluru,South,P005,P005-11-W03,2024-06-01,2026-12-01,1463,620,1163,9,911,899,0,0,41468.72
I002238,2024-11-30,W03,Bengaluru,South,P006,P006-11-W03,2024-06-01,2025-12-01,636,22,658,0,0,681,9,0,0
I002239,2024-11-30,W03,Bengaluru,South,P007,P007-11-W03,2023-12-01,2025-06-01,1284,411,1178,12,505,510,0,0,31764.5
I002240,2024-11-30,W03,Bengaluru,South,P008,P008-11-W03,2024-06-01,2026-12-01,1466,431,1798,7,92,633,0,0,5895.36
I002241,2024-11-30,W03,Bengaluru,South,P009,P009-11-W03,2024-06-01,2025-12-01,1389,858,1071,7,1169,580,0,0,75599.23
I002242,2024-11-30,W03,Bengaluru,South,P010,P010-11-W03,2024-03-01,2027-03-01,1596,808,789,14,1601,865,0,0,118457.99
I002243,2024-11-30,W03,Bengaluru,South,P011,P011-11-W03,2023-09-01,2026-03-01,1626,581,669,11,1527,814,0,0,144484.74
I002244,2024-11-30,W03,Bengaluru,South,P012,P012-11-W03,2024-06-01,2027-06-01,1464,937,1735,4,662,985,0,0,147096.4
I002245,2024-11-30,W03,Bengaluru,South,P013,P013-11-W03,2024-03-01,2025-09-01,1442,191,558,5,1070,543,0,0,29146.8
I002246,2024-11-30,W03,Bengaluru,South,P014,P014-11-W03,2023-09-01,2025-03-01,893,294,1020,2,165,565,0,0,4181.1
I002247,2024-11-30,W03,Bengaluru,South,P015,P015-11-W03,2024-03-01,2027-03-01,1913,169,1189,11,882,668,0,0,25048.8
I002248,2024-11-30,W03,Bengaluru,South,P016,P016-11-W03,2024-06-01,2026-12-01,939,981,466,8,1446,798,0,0,70044.24
I002249,2024-11-30,W03,Bengaluru,South,P017,P017-11-W03,2023-12-01,2026-06-01,1685,1193,1181,0,1697,545,0,0,83526.34
I002250,2024-11-30,W03,Bengaluru,South,P018,P018-11-W03,2023-12-01,2026-06-01,1011,47,1058,0,0,871,10,0,0
I002251,2024-11-30,W03,Bengaluru,South,P019,P019-11-W03,2023-09-01,2025-09-01,1439,1047,1541,11,934,560,0,0,64838.28
I002252,2024-11-30,W03,Bengaluru,South,P020,P020-11-W03,2023-12-01,2025-06-01,1740,80,904,12,904,515,0,0,50877.12
I002253,2024-11-30,W03,Bengaluru,South,P021,P021-11-W03,2024-06-01,2026-06-01,1574,947,1374,15,1132,984,0,0,82319.04
I002254,2024-11-30,W03,Bengaluru,South,P022,P022-11-W03,2024-03-01,2025-09-01,2469,257,1197,9,1520,700,0,0,118195.2
I002255,2024-11-30,W03,Bengaluru,South,P023,P023-11-W03,2024-03-01,2026-09-01,1618,513,1557,13,561,514,0,0,52475.94
I002256,2024-11-30,W03,Bengaluru,South,P024,P024-11-W03,2023-12-01,2025-12-01,847,1146,1865,7,121,821,0,0,26203.76
I002257,2024-11-30,W03,Bengaluru,South,P025,P025-11-W03,2024-03-01,2025-09-01,2078,904,454,4,2524,742,0,0,39021.04
I002258,2024-11-30,W03,Bengaluru,South,P026,P026-11-W03,2024-06-01,2025-12-01,516,607,1123,0,0,646,9,0,0
I002259,2024-11-30,W03,Bengaluru,South,P027,P027-11-W03,2024-03-01,2025-09-01,2438,530,483,3,2482,868,0,0,85355.98
I002260,2024-11-30,W03,Bengaluru,South,P028,P028-11-W03,2024-06-01,2026-12-01,474,123,519,4,74,668,0,0,3297.44
I002261,2024-11-30,W03,Bengaluru,South,P029,P029-11-W03,2023-09-01,2026-09-01,495,590,870,15,200,785,0,0,12890
I002262,2024-11-30,W03,Bengaluru,South,P030,P030-11-W03,2024-03-01,2027-03-01,1644,1030,521,8,2145,550,0,0,133805.1
I002263,2024-11-30,W03,Bengaluru,South,P031,P031-11-W03,2024-03-01,2027-03-01,1937,957,1262,2,1630,570,0,0,95306.1
I002264,2024-11-30,W03,Bengaluru,South,P032,P032-11-W03,2023-12-01,2026-06-01,1963,1180,1466,6,1671,673,0,0,86307.15
I002265,2024-11-30,W03,Bengaluru,South,P033,P033-11-W03,2023-09-01,2026-03-01,2320,1224,1779,15,1750,614,0,0,122902.5
I002266,2024-11-30,W03,Bengaluru,South,P034,P034-11-W03,2023-09-01,2025-03-01,955,48,514,6,483,906,0,0,31950.45
I002267,2024-11-30,W03,Bengaluru,South,P035,P035-11-W03,2023-09-01,2026-03-01,2143,1329,1940,1,1531,797,0,0,136289.62
I002268,2024-11-30,W03,Bengaluru,South,P036,P036-11-W03,2023-12-01,2025-06-01,954,29,983,0,0,664,5,0,0
I002269,2024-11-30,W04,Kolkata,East,P001,P001-11-W04,2023-09-01,2026-09-01,1947,38,1363,8,614,968,0,0,12851.02
I002270,2024-11-30,W04,Kolkata,East,P002,P002-11-W04,2023-12-01,2026-12-01,2279,673,1321,13,1618,798,0,0,39301.22
I002271,2024-11-30,W04,Kolkata,East,P003,P003-11-W04,2024-06-01,2026-06-01,1474,863,1524,14,799,990,0,0,30969.24
I002272,2024-11-30,W04,Kolkata,East,P004,P004-11-W04,2024-03-01,2025-09-01,1952,264,1318,11,887,786,0,0,31736.86
I002273,2024-11-30,W04,Kolkata,East,P005,P005-11-W04,2024-06-01,2026-12-01,1591,273,1785,2,77,984,0,0,3505.04
I002274,2024-11-30,W04,Kolkata,East,P006,P006-11-W04,2023-09-01,2025-03-01,1285,802,1200,14,873,905,0,0,50660.19
I002275,2024-11-30,W04,Kolkata,East,P007,P007-11-W04,2024-03-01,2025-09-01,2289,208,1422,11,1064,884,0,0,66925.6
I002276,2024-11-30,W04,Kolkata,East,P008,P008-11-W04,2024-06-01,2026-12-01,1202,209,452,6,953,515,0,0,61068.24
I002277,2024-11-30,W04,Kolkata,East,P009,P009-11-W04,2023-09-01,2025-03-01,1671,866,872,4,1661,689,0,0,107416.87
I002278,2024-11-30,W04,Kolkata,East,P010,P010-11-W04,2024-03-01,2027-03-01,1326,150,1475,1,0,892,6,0,0
I002279,2024-11-30,W04,Kolkata,East,P011,P011-11-W04,2024-03-01,2026-09-01,546,1184,884,2,844,633,0,0,79859.28
I002280,2024-11-30,W04,Kolkata,East,P012,P012-11-W04,2023-12-01,2026-12-01,424,1280,1704,0,0,716,3,0,0
I002281,2024-11-30,W04,Kolkata,East,P013,P013-11-W04,2023-09-01,2025-03-01,993,465,1458,0,0,937,4,0,0
I002282,2024-11-30,W04,Kolkata,East,P014,P014-11-W04,2024-03-01,2025-09-01,1416,1429,540,11,2294,976,0,0,58129.96
I002283,2024-11-30,W04,Kolkata,East,P015,P015-11-W04,2023-09-01,2026-09-01,1217,371,1092,6,490,988,0,0,13916
I002284,2024-11-30,W04,Kolkata,East,P016,P016-11-W04,2024-03-01,2026-09-01,2201,806,963,12,2032,834,0,0,98430.08
I002285,2024-11-30,W04,Kolkata,East,P017,P017-11-W04,2024-03-01,2026-09-01,882,786,1638,4,26,678,0,0,1279.72
I002286,2024-11-30,W04,Kolkata,East,P018,P018-11-W04,2024-06-01,2026-12-01,1420,176,1596,0,0,553,2,0,0
I002287,2024-11-30,W04,Kolkata,East,P019,P019-11-W04,2024-06-01,2026-06-01,1917,990,866,0,2041,905,0,0,141686.22
I002288,2024-11-30,W04,Kolkata,East,P020,P020-11-W04,2024-06-01,2025-12-01,1530,552,1061,13,1008,545,0,0,56730.24
I002289,2024-11-30,W04,Kolkata,East,P021,P021-11-W04,2023-09-01,2025-09-01,709,1237,931,10,1005,536,0,0,73083.6
I002290,2024-11-30,W04,Kolkata,East,P022,P022-11-W04,2023-12-01,2025-06-01,680,716,995,14,387,992,0,0,30093.12
I002291,2024-11-30,W04,Kolkata,East,P023,P023-11-W04,2023-12-01,2026-06-01,1962,477,1165,5,1269,647,0,0,118702.26
I002292,2024-11-30,W04,Kolkata,East,P024,P024-11-W04,2024-06-01,2026-06-01,2229,192,824,5,1592,540,0,0,344763.52
I002293,2024-11-30,W04,Kolkata,East,P025,P025-11-W04,2024-06-01,2025-12-01,2449,895,1558,0,1786,739,0,0,27611.56
I002294,2024-11-30,W04,Kolkata,East,P026,P026-11-W04,2024-03-01,2025-09-01,715,661,1130,11,235,914,0,0,6011.3
I002295,2024-11-30,W04,Kolkata,East,P027,P027-11-W04,2023-09-01,2025-03-01,1645,1044,1362,3,1324,878,0,0,45532.36
I002296,2024-11-30,W04,Kolkata,East,P028,P028-11-W04,2024-03-01,2026-09-01,876,938,652,12,1150,843,0,0,51244
I002297,2024-11-30,W04,Kolkata,East,P029,P029-11-W04,2023-09-01,2026-09-01,1652,872,1687,7,830,954,0,0,53493.5
I002298,2024-11-30,W04,Kolkata,East,P030,P030-11-W04,2023-09-01,2026-09-01,1391,658,647,2,1400,632,0,0,87332
I002299,2024-11-30,W04,Kolkata,East,P031,P031-11-W04,2024-06-01,2027-06-01,2421,276,1201,13,1483,713,0,0,86711.01
I002300,2024-11-30,W04,Kolkata,East,P032,P032-11-W04,2024-06-01,2026-12-01,2087,1193,850,12,2418,838,0,0,124889.7
I002301,2024-11-30,W04,Kolkata,East,P033,P033-11-W04,2024-03-01,2026-09-01,2545,1285,745,11,3074,729,0,0,215887.02
I002302,2024-11-30,W04,Kolkata,East,P034,P034-11-W04,2023-09-01,2025-03-01,2258,566,762,10,2052,553,0,0,135739.8
I002303,2024-11-30,W04,Kolkata,East,P035,P035-11-W04,2024-06-01,2026-12-01,1044,348,1392,0,0,690,11,0,0
I002304,2024-11-30,W04,Kolkata,East,P036,P036-11-W04,2024-06-01,2025-12-01,1198,485,724,14,945,987,0,0,214411.05
I002305,2024-11-30,W05,Indore,Central,P001,P001-11-W05,2023-12-01,2026-12-01,1986,1283,1292,14,1963,860,0,0,41085.59
I002306,2024-11-30,W05,Indore,Central,P002,P002-11-W05,2023-12-01,2026-12-01,1771,280,1773,11,267,705,0,0,6485.43
I002307,2024-11-30,W05,Indore,Central,P003,P003-11-W05,2023-12-01,2025-12-01,686,1231,1807,11,99,600,0,0,3837.24
I002308,2024-11-30,W05,Indore,Central,P004,P004-11-W05,2023-12-01,2025-06-01,423,999,1079,9,334,612,0,0,11950.52
I002309,2024-11-30,W05,Indore,Central,P005,P005-11-W05,2023-09-01,2026-03-01,697,1263,1093,7,860,744,0,0,39147.2
I002310,2024-11-30,W05,Indore,Central,P006,P006-11-W05,2023-12-01,2025-06-01,1672,1139,1181,13,1617,701,0,0,93834.51
I002311,2024-11-30,W05,Indore,Central,P007,P007-11-W05,2024-06-01,2025-12-01,1720,1191,1077,7,1827,641,0,0,114918.3
I002312,2024-11-30,W05,Indore,Central,P008,P008-11-W05,2023-09-01,2026-03-01,2297,914,726,4,2481,669,0,0,158982.48
I002313,2024-11-30,W05,Indore,Central,P009,P009-11-W05,2023-09-01,2025-03-01,2524,697,874,15,2332,964,0,0,150810.44
I002314,2024-11-30,W05,Indore,Central,P010,P010-11-W05,2024-06-01,2027-06-01,1650,534,1826,0,358,910,0,0,26488.42
I002315,2024-11-30,W05,Indore,Central,P011,P011-11-W05,2024-03-01,2026-09-01,842,853,866,5,824,635,0,0,77966.88
I002316,2024-11-30,W05,Indore,Central,P012,P012-11-W05,2023-12-01,2026-12-01,1015,1138,1617,2,534,848,0,0,118654.8
I002317,2024-11-30,W05,Indore,Central,P013,P013-11-W05,2023-12-01,2025-06-01,505,128,633,0,0,942,2,0,0
I002318,2024-11-30,W05,Indore,Central,P014,P014-11-W05,2023-12-01,2025-06-01,2072,910,1269,14,1699,821,0,0,43052.66
I002319,2024-11-30,W05,Indore,Central,P015,P015-11-W05,2023-09-01,2026-09-01,1958,430,1163,6,1219,837,0,0,34619.6
I002320,2024-11-30,W05,Indore,Central,P016,P016-11-W05,2024-06-01,2026-12-01,1287,380,664,11,992,935,0,0,48052.48
I002321,2024-11-30,W05,Indore,Central,P017,P017-11-W05,2024-06-01,2026-12-01,1431,545,1408,15,553,788,0,0,27218.66
I002322,2024-11-30,W05,Indore,Central,P018,P018-11-W05,2024-03-01,2026-09-01,2134,1122,587,0,2669,595,0,0,182479.53
I002323,2024-11-30,W05,Indore,Central,P019,P019-11-W05,2024-03-01,2026-03-01,2190,526,842,14,1860,962,0,0,129121.2
I002324,2024-11-30,W05,Indore,Central,P020,P020-11-W05,2024-06-01,2025-12-01,2548,570,1297,0,1821,715,0,0,102485.88
I002325,2024-11-30,W05,Indore,Central,P021,P021-11-W05,2024-03-01,2026-03-01,1932,1496,1122,6,2300,675,0,0,167256
I002326,2024-11-30,W05,Indore,Central,P022,P022-11-W05,2024-06-01,2025-12-01,460,1370,1472,0,358,802,0,0,27838.08
I002327,2024-11-30,W05,Indore,Central,P023,P023-11-W05,2023-12-01,2026-06-01,1435,1112,1101,8,1438,970,0,0,134510.52
I002328,2024-11-30,W05,Indore,Central,P024,P024-11-W05,2023-12-01,2025-12-01,1669,635,520,8,1776,642,0,0,384610.56
I002329,2024-11-30,W05,Indore,Central,P025,P025-11-W05,2023-09-01,2025-03-01,1806,692,1599,14,885,553,0,0,13682.1
I002330,2024-11-30,W05,Indore,Central,P026,P026-11-W05,2024-06-01,2025-12-01,1809,737,1094,12,1440,775,0,0,36835.2
I002331,2024-11-30,W05,Indore,Central,P027,P027-11-W05,2023-09-01,2025-03-01,2052,1007,1551,16,1492,941,0,0,51309.88
I002332,2024-11-30,W05,Indore,Central,P028,P028-11-W05,2024-06-01,2026-12-01,1618,1106,1000,3,1721,629,0,0,76687.76
I002333,2024-11-30,W05,Indore,Central,P029,P029-11-W05,2023-09-01,2026-09-01,2588,402,1162,15,1813,959,0,0,116847.85
I002334,2024-11-30,W05,Indore,Central,P030,P030-11-W05,2023-09-01,2026-09-01,907,1401,1573,1,734,739,0,0,45786.92
I002335,2024-11-30,W05,Indore,Central,P031,P031-11-W05,2023-09-01,2026-09-01,1026,278,1083,1,220,873,0,0,12863.4
I002336,2024-11-30,W05,Indore,Central,P032,P032-11-W05,2024-03-01,2026-09-01,734,254,988,0,0,669,12,0,0
I002337,2024-11-30,W05,Indore,Central,P033,P033-11-W05,2023-09-01,2026-03-01,1663,37,1030,2,668,683,0,0,46913.64
I002338,2024-11-30,W05,Indore,Central,P034,P034-11-W05,2023-09-01,2025-03-01,2198,206,1868,10,526,721,0,0,34794.9
I002339,2024-11-30,W05,Indore,Central,P035,P035-11-W05,2024-06-01,2026-12-01,1191,1343,1377,5,1152,639,0,0,102551.04
I002340,2024-11-30,W05,Indore,Central,P036,P036-11-W05,2024-06-01,2025-12-01,1003,468,693,16,762,601,0,0,172890.18
I002341,2024-11-30,W06,Hyderabad,South,P001,P001-11-W06,2023-12-01,2026-12-01,1030,1250,1115,3,1162,706,0,0,24320.66
I002342,2024-11-30,W06,Hyderabad,South,P002,P002-11-W06,2023-09-01,2026-09-01,1974,791,781,3,1981,557,0,0,48118.49
I002343,2024-11-30,W06,Hyderabad,South,P003,P003-11-W06,2023-09-01,2025-09-01,2196,545,1211,12,1518,942,0,0,58837.68
I002344,2024-11-30,W06,Hyderabad,South,P004,P004-11-W06,2024-03-01,2025-09-01,1162,279,948,7,486,919,0,0,17389.08
I002345,2024-11-30,W06,Hyderabad,South,P005,P005-11-W06,2024-03-01,2026-09-01,1457,1115,1492,11,1069,579,0,0,48660.88
I002346,2024-11-30,W06,Hyderabad,South,P006,P006-11-W06,2024-06-01,2025-12-01,2347,296,829,5,1809,565,0,0,104976.27
I002347,2024-11-30,W06,Hyderabad,South,P007,P007-11-W06,2023-09-01,2025-03-01,1609,881,539,10,1941,979,0,0,122088.9
I002348,2024-11-30,W06,Hyderabad,South,P008,P008-11-W06,2023-09-01,2026-03-01,973,1080,1087,5,961,825,0,0,61580.88
I002349,2024-11-30,W06,Hyderabad,South,P009,P009-11-W06,2023-12-01,2025-06-01,694,816,1510,0,0,903,10,0,0
I002350,2024-11-30,W06,Hyderabad,South,P010,P010-11-W06,2024-06-01,2027-06-01,947,288,1103,13,119,553,0,0,8804.81
I002351,2024-11-30,W06,Hyderabad,South,P011,P011-11-W06,2024-06-01,2026-12-01,1913,884,1437,5,1355,732,0,0,128210.1
I002352,2024-11-30,W06,Hyderabad,South,P012,P012-11-W06,2024-06-01,2027-06-01,1187,1449,1776,16,844,554,0,0,187536.8
I002353,2024-11-30,W06,Hyderabad,South,P013,P013-11-W06,2024-03-01,2025-09-01,1624,741,1355,9,1001,932,0,0,27267.24
I002354,2024-11-30,W06,Hyderabad,South,P014,P014-11-W06,2023-09-01,2025-03-01,1806,662,1200,2,1266,747,0,0,32080.44
I002355,2024-11-30,W06,Hyderabad,South,P015,P015-11-W06,2023-09-01,2026-09-01,406,954,1360,0,0,664,9,0,0
I002356,2024-11-30,W06,Hyderabad,South,P016,P016-11-W06,2024-03-01,2026-09-01,880,1051,1041,6,884,912,0,0,42820.96
I002357,2024-11-30,W06,Hyderabad,South,P017,P017-11-W06,2023-09-01,2026-03-01,757,1457,1843,6,365,989,0,0,17965.3
I002358,2024-11-30,W06,Hyderabad,South,P018,P018-11-W06,2024-06-01,2026-12-01,1396,461,1668,5,184,513,0,0,12580.08
I002359,2024-11-30,W06,Hyderabad,South,P019,P019-11-W06,2023-09-01,2025-09-01,434,385,819,0,0,969,6,0,0
I002360,2024-11-30,W06,Hyderabad,South,P020,P020-11-W06,2023-09-01,2025-03-01,1050,1169,897,5,1317,546,0,0,74120.76
I002361,2024-11-30,W06,Hyderabad,South,P021,P021-11-W06,2023-09-01,2025-09-01,1545,625,768,15,1387,863,0,0,100862.64
I002362,2024-11-30,W06,Hyderabad,South,P022,P022-11-W06,2023-12-01,2025-06-01,2387,1188,801,11,2763,687,0,0,214850.88
I002363,2024-11-30,W06,Hyderabad,South,P023,P023-11-W06,2024-06-01,2026-12-01,1667,889,1771,9,776,994,0,0,72587.04
I002364,2024-11-30,W06,Hyderabad,South,P024,P024-11-W06,2024-06-01,2026-06-01,2096,74,602,12,1556,520,0,0,336967.36
I002365,2024-11-30,W06,Hyderabad,South,P025,P025-11-W06,2023-09-01,2025-03-01,2530,632,655,10,2497,921,0,0,38603.62
I002366,2024-11-30,W06,Hyderabad,South,P026,P026-11-W06,2024-03-01,2025-09-01,484,1448,930,15,987,940,0,0,25247.46
I002367,2024-11-30,W06,Hyderabad,South,P027,P027-11-W06,2024-03-01,2025-09-01,2056,157,1385,6,822,534,0,0,28268.58
I002368,2024-11-30,W06,Hyderabad,South,P028,P028-11-W06,2024-03-01,2026-09-01,1641,1234,1028,9,1838,829,0,0,81901.28
I002369,2024-11-30,W06,Hyderabad,South,P029,P029-11-W06,2023-09-01,2026-09-01,569,787,1356,0,0,574,9,0,0
I002370,2024-11-30,W06,Hyderabad,South,P030,P030-11-W06,2023-12-01,2026-12-01,506,141,647,0,0,780,12,0,0
I002371,2024-11-30,W06,Hyderabad,South,P031,P031-11-W06,2023-09-01,2026-09-01,664,81,745,0,0,625,12,0,0
I002372,2024-11-30,W06,Hyderabad,South,P032,P032-11-W06,2024-06-01,2026-12-01,607,1296,743,3,1157,532,0,0,59759.05
I002373,2024-11-30,W06,Hyderabad,South,P033,P033-11-W06,2024-03-01,2026-09-01,654,207,861,0,0,579,6,0,0
I002374,2024-11-30,W06,Hyderabad,South,P034,P034-11-W06,2024-03-01,2025-09-01,1148,1021,1781,14,374,941,0,0,24740.1
I002375,2024-11-30,W06,Hyderabad,South,P035,P035-11-W06,2024-03-01,2026-09-01,2566,761,1058,4,2265,901,0,0,201630.3
I002376,2024-11-30,W06,Hyderabad,South,P036,P036-11-W06,2024-03-01,2025-09-01,2445,824,672,0,2597,881,0,0,589233.33
I002377,2024-12-31,W01,Delhi,North,P001,P001-12-W01,2023-10-01,2026-10-01,842,1449,736,4,1551,982,0,0,32462.43
I002378,2024-12-31,W01,Delhi,North,P002,P002-12-W01,2024-04-01,2027-04-01,940,637,1577,0,0,777,7,0,0
I002379,2024-12-31,W01,Delhi,North,P003,P003-12-W01,2024-04-01,2026-04-01,1563,807,1285,5,1080,656,0,0,41860.8
I002380,2024-12-31,W01,Delhi,North,P004,P004-12-W01,2024-01-01,2025-07-01,2397,338,769,4,1962,627,0,0,70200.36
I002381,2024-12-31,W01,Delhi,North,P005,P005-12-W01,2024-01-01,2026-07-01,1904,1051,712,9,2234,701,0,0,101691.68
I002382,2024-12-31,W01,Delhi,North,P006,P006-12-W01,2024-01-01,2025-07-01,544,203,747,0,0,670,1,0,0
I002383,2024-12-31,W01,Delhi,North,P007,P007-12-W01,2024-01-01,2025-07-01,568,1012,820,11,749,820,0,0,47112.1
I002384,2024-12-31,W01,Delhi,North,P008,P008-12-W01,2024-07-01,2027-01-01,438,1244,572,5,1105,991,0,0,70808.4
I002385,2024-12-31,W01,Delhi,North,P009,P009-12-W01,2024-04-01,2025-10-01,1607,30,703,12,922,799,0,0,59625.74
I002386,2024-12-31,W01,Delhi,North,P010,P010-12-W01,2024-01-01,2027-01-01,862,1488,911,16,1423,886,0,0,105287.77
I002387,2024-12-31,W01,Delhi,North,P011,P011-12-W01,2024-04-01,2026-10-01,1326,683,1566,8,435,533,0,0,41159.7
I002388,2024-12-31,W01,Delhi,North,P012,P012-12-W01,2024-07-01,2027-07-01,1166,353,1519,0,0,765,11,0,0
I002389,2024-12-31,W01,Delhi,North,P013,P013-12-W01,2023-10-01,2025-04-01,1816,448,1791,6,467,980,0,0,12721.08
I002390,2024-12-31,W01,Delhi,North,P014,P014-12-W01,2024-07-01,2026-01-01,2290,331,1137,15,1469,873,0,0,37224.46
I002391,2024-12-31,W01,Delhi,North,P015,P015-12-W01,2024-01-01,2027-01-01,960,1313,1049,4,1220,674,0,0,34648
I002392,2024-12-31,W01,Delhi,North,P016,P016-12-W01,2024-04-01,2026-10-01,667,1346,1454,9,550,533,0,0,26642
I002393,2024-12-31,W01,Delhi,North,P017,P017-12-W01,2024-01-01,2026-07-01,1460,995,1300,16,1139,543,0,0,56061.58
I002394,2024-12-31,W01,Delhi,North,P018,P018-12-W01,2023-10-01,2026-04-01,1406,1218,481,2,2141,856,0,0,146380.17
I002395,2024-12-31,W01,Delhi,North,P019,P019-12-W01,2024-04-01,2026-04-01,917,932,1849,0,0,955,12,0,0
I002396,2024-12-31,W01,Delhi,North,P020,P020-12-W01,2023-10-01,2025-04-01,2067,1347,1703,4,1707,864,0,0,96069.96
I002397,2024-12-31,W01,Delhi,North,P021,P021-12-W01,2024-07-01,2026-07-01,613,1407,714,7,1299,840,0,0,94463.28
I002398,2024-12-31,W01,Delhi,North,P022,P022-12-W01,2024-04-01,2025-10-01,1687,569,690,14,1552,879,0,0,120683.52
I002399,2024-12-31,W01,Delhi,North,P023,P023-12-W01,2024-01-01,2026-07-01,1462,1301,1512,4,1247,720,0,0,116644.38
I002400,2024-12-31,W01,Delhi,North,P024,P024-12-W01,2023-10-01,2025-10-01,1245,532,787,9,981,890,0,0,212445.36
I002401,2024-12-31,W01,Delhi,North,P025,P025-12-W01,2024-07-01,2026-01-01,870,1434,706,3,1595,675,0,0,24658.7
I002402,2024-12-31,W01,Delhi,North,P026,P026-12-W01,2023-10-01,2025-04-01,1483,1385,1621,7,1240,575,0,0,31719.2
I002403,2024-12-31,W01,Delhi,North,P027,P027-12-W01,2024-07-01,2026-01-01,1815,784,1567,2,1030,559,0,0,35421.7
I002404,2024-12-31,W01,Delhi,North,P028,P028-12-W01,2024-04-01,2026-10-01,1509,457,710,13,1243,710,0,0,55388.08
I002405,2024-12-31,W01,Delhi,North,P029,P029-12-W01,2024-04-01,2027-04-01,1728,1250,997,2,1979,645,0,0,127546.55
I002406,2024-12-31,W01,Delhi,North,P030,P030-12-W01,2024-07-01,2027-07-01,1953,1122,1643,5,1427,586,0,0,89016.26
I002407,2024-12-31,W01,Delhi,North,P031,P031-12-W01,2024-01-01,2027-01-01,1926,1296,1943,8,1271,641,0,0,74315.37
I002408,2024-12-31,W01,Delhi,North,P032,P032-12-W01,2024-01-01,2026-07-01,1720,251,1282,8,681,668,0,0,35173.65
I002409,2024-12-31,W01,Delhi,North,P033,P033-12-W01,2023-10-01,2026-04-01,1692,1311,518,14,2471,856,0,0,173538.33
I002410,2024-12-31,W01,Delhi,North,P034,P034-12-W01,2023-10-01,2025-04-01,1396,749,665,6,1474,836,0,0,97505.1
I002411,2024-12-31,W01,Delhi,North,P035,P035-12-W01,2024-01-01,2026-07-01,2422,1370,931,10,2851,661,0,0,253796.02
I002412,2024-12-31,W01,Delhi,North,P036,P036-12-W01,2024-04-01,2025-10-01,452,13,465,0,0,657,7,0,0
I002413,2024-12-31,W02,Mumbai,West,P001,P001-12-W02,2023-10-01,2026-10-01,1744,300,1168,0,876,603,0,0,18334.68
I002414,2024-12-31,W02,Mumbai,West,P002,P002-12-W02,2024-07-01,2027-07-01,457,566,564,9,450,771,0,0,10930.5
I002415,2024-12-31,W02,Mumbai,West,P003,P003-12-W02,2024-07-01,2026-07-01,2290,1434,1003,14,2707,588,0,0,104923.32
I002416,2024-12-31,W02,Mumbai,West,P004,P004-12-W02,2024-01-01,2025-07-01,2285,1087,950,8,2414,801,0,0,86372.92
I002417,2024-12-31,W02,Mumbai,West,P005,P005-12-W02,2024-07-01,2027-01-01,965,571,1536,0,0,870,11,0,0
I002418,2024-12-31,W02,Mumbai,West,P006,P006-12-W02,2024-04-01,2025-10-01,2014,492,1221,14,1271,584,0,0,73756.13
I002419,2024-12-31,W02,Mumbai,West,P007,P007-12-W02,2023-10-01,2025-04-01,746,1022,553,6,1209,869,0,0,76046.1
I002420,2024-12-31,W02,Mumbai,West,P008,P008-12-W02,2024-04-01,2026-10-01,1604,1284,1525,14,1349,940,0,0,86443.92
I002421,2024-12-31,W02,Mumbai,West,P009,P009-12-W02,2024-04-01,2025-10-01,1788,485,1710,9,554,620,0,0,35827.18
I002422,2024-12-31,W02,Mumbai,West,P010,P010-12-W02,2024-04-01,2027-04-01,2069,1069,879,13,2246,847,0,0,166181.54
I002423,2024-12-31,W02,Mumbai,West,P011,P011-12-W02,2024-07-01,2027-01-01,2406,1383,973,15,2801,997,0,0,265030.62
I002424,2024-12-31,W02,Mumbai,West,P012,P012-12-W02,2024-04-01,2027-04-01,1791,921,1811,3,898,502,0,0,199535.6
I002425,2024-12-31,W02,Mumbai,West,P013,P013-12-W02,2024-04-01,2025-10-01,1454,381,1835,0,0,582,7,0,0
I002426,2024-12-31,W02,Mumbai,West,P014,P014-12-W02,2024-01-01,2025-07-01,2537,1037,1215,15,2344,565,0,0,59396.96
I002427,2024-12-31,W02,Mumbai,West,P015,P015-12-W02,2024-04-01,2027-04-01,2135,1284,988,3,2428,699,0,0,68955.2
I002428,2024-12-31,W02,Mumbai,West,P016,P016-12-W02,2023-10-01,2026-04-01,654,822,1055,2,419,608,0,0,20296.36
I002429,2024-12-31,W02,Mumbai,West,P017,P017-12-W02,2024-04-01,2026-10-01,508,852,462,2,896,933,0,0,44101.12
I002430,2024-12-31,W02,Mumbai,West,P018,P018-12-W02,2024-04-01,2026-10-01,2259,287,1141,9,1396,963,0,0,95444.52
I002431,2024-12-31,W02,Mumbai,West,P019,P019-12-W02,2024-07-01,2026-07-01,802,553,1355,0,0,563,6,0,0
I002432,2024-12-31,W02,Mumbai,West,P020,P020-12-W02,2023-10-01,2025-04-01,815,250,861,9,195,936,0,0,10974.6
I002433,2024-12-31,W02,Mumbai,West,P021,P021-12-W02,2024-07-01,2026-07-01,1716,669,1523,5,857,506,0,0,62321.04
I002434,2024-12-31,W02,Mumbai,West,P022,P022-12-W02,2023-10-01,2025-04-01,2005,1030,1419,8,1608,974,0,0,125038.08
I002435,2024-12-31,W02,Mumbai,West,P023,P023-12-W02,2024-07-01,2027-01-01,2182,289,1420,2,1049,697,0,0,98123.46
I002436,2024-12-31,W02,Mumbai,West,P024,P024-12-W02,2024-04-01,2026-04-01,481,737,967,11,240,837,0,0,51974.4
I002437,2024-12-31,W02,Mumbai,West,P025,P025-12-W02,2024-01-01,2025-07-01,577,515,626,14,452,510,0,0,6987.92
I002438,2024-12-31,W02,Mumbai,West,P026,P026-12-W02,2023-10-01,2025-04-01,1707,97,1323,7,474,847,0,0,12124.92
I002439,2024-12-31,W02,Mumbai,West,P027,P027-12-W02,2024-01-01,2025-07-01,1096,811,967,4,936,526,0,0,32189.04
I002440,2024-12-31,W02,Mumbai,West,P028,P028-12-W02,2024-07-01,2027-01-01,1725,246,746,16,1209,503,0,0,53873.04
I002441,2024-12-31,W02,Mumbai,West,P029,P029-12-W02,2024-01-01,2027-01-01,1719,503,1235,7,980,790,0,0,63161
I002442,2024-12-31,W02,Mumbai,West,P030,P030-12-W02,2024-07-01,2027-07-01,1168,566,529,11,1194,533,0,0,74481.72
I002443,2024-12-31,W02,Mumbai,West,P031,P031-12-W02,2024-04-01,2027-04-01,2311,875,1871,3,1312,881,0,0,76712.64
I002444,2024-12-31,W02,Mumbai,West,P032,P032-12-W02,2024-01-01,2026-07-01,1291,1442,1279,4,1450,925,0,0,74892.5
I002445,2024-12-31,W02,Mumbai,West,P033,P033-12-W02,2024-01-01,2026-07-01,1469,1259,1188,9,1531,930,0,0,107522.13
I002446,2024-12-31,W02,Mumbai,West,P034,P034-12-W02,2024-01-01,2025-07-01,2206,279,935,12,1538,909,0,0,101738.7
I002447,2024-12-31,W02,Mumbai,West,P035,P035-12-W02,2023-10-01,2026-04-01,1463,142,648,5,952,861,0,0,84747.04
I002448,2024-12-31,W02,Mumbai,West,P036,P036-12-W02,2024-07-01,2026-01-01,2047,1022,987,14,2068,964,0,0,469208.52
I002449,2024-12-31,W03,Bengaluru,South,P001,P001-12-W03,2023-10-01,2026-10-01,1585,710,1065,6,1224,756,0,0,25618.32
I002450,2024-12-31,W03,Bengaluru,South,P002,P002-12-W03,2024-01-01,2027-01-01,740,773,699,0,814,575,0,0,19772.06
I002451,2024-12-31,W03,Bengaluru,South,P003,P003-12-W03,2024-01-01,2026-01-01,2537,1125,502,5,3155,863,0,0,122287.8
I002452,2024-12-31,W03,Bengaluru,South,P004,P004-12-W03,2024-04-01,2025-10-01,1618,1475,1548,2,1543,563,0,0,55208.54
I002453,2024-12-31,W03,Bengaluru,South,P005,P005-12-W03,2024-01-01,2026-07-01,1093,1183,481,9,1786,897,0,0,81298.72
I002454,2024-12-31,W03,Bengaluru,South,P006,P006-12-W03,2024-01-01,2025-07-01,2438,529,941,8,2018,956,0,0,117104.54
I002455,2024-12-31,W03,Bengaluru,South,P007,P007-12-W03,2023-10-01,2025-04-01,959,404,532,11,820,912,0,0,51578
I002456,2024-12-31,W03,Bengaluru,South,P008,P008-12-W03,2024-01-01,2026-07-01,957,62,1019,0,0,990,13,0,0
I002457,2024-12-31,W03,Bengaluru,South,P009,P009-12-W03,2024-04-01,2025-10-01,1092,2,1094,0,0,568,13,0,0
I002458,2024-12-31,W03,Bengaluru,South,P010,P010-12-W03,2023-10-01,2026-10-01,1656,755,1765,4,642,623,0,0,47501.58
I002459,2024-12-31,W03,Bengaluru,South,P011,P011-12-W03,2024-07-01,2027-01-01,1981,1346,1291,2,2034,876,0,0,192457.08
I002460,2024-12-31,W03,Bengaluru,South,P012,P012-12-W03,2023-10-01,2026-10-01,627,1390,809,15,1193,855,0,0,265084.6
I002461,2024-12-31,W03,Bengaluru,South,P013,P013-12-W03,2023-10-01,2025-04-01,1753,1300,530,5,2518,690,0,0,68590.32
I002462,2024-12-31,W03,Bengaluru,South,P014,P014-12-W03,2023-10-01,2025-04-01,1000,796,563,5,1228,648,0,0,31117.52
I002463,2024-12-31,W03,Bengaluru,South,P015,P015-12-W03,2024-04-01,2027-04-01,1738,646,1568,7,809,726,0,0,22975.6
I002464,2024-12-31,W03,Bengaluru,South,P016,P016-12-W03,2024-04-01,2026-10-01,1612,1006,1162,9,1447,843,0,0,70092.68
I002465,2024-12-31,W03,Bengaluru,South,P017,P017-12-W03,2024-04-01,2026-10-01,1316,1244,1424,11,1125,644,0,0,55372.5
I002466,2024-12-31,W03,Bengaluru,South,P018,P018-12-W03,2024-04-01,2026-10-01,1690,263,739,5,1209,598,0,0,82659.33
I002467,2024-12-31,W03,Bengaluru,South,P019,P019-12-W03,2024-01-01,2026-01-01,1171,1147,1670,2,646,664,0,0,44845.32
I002468,2024-12-31,W03,Bengaluru,South,P020,P020-12-W03,2023-10-01,2025-04-01,1042,82,1124,0,0,806,1,0,0
I002469,2024-12-31,W03,Bengaluru,South,P021,P021-12-W03,2024-07-01,2026-07-01,2523,465,535,12,2441,677,0,0,177509.52
I002470,2024-12-31,W03,Bengaluru,South,P022,P022-12-W03,2024-01-01,2025-07-01,1861,41,861,12,1029,913,0,0,80015.04
I002471,2024-12-31,W03,Bengaluru,South,P023,P023-12-W03,2024-07-01,2027-01-01,2555,1098,1198,1,2454,641,0,0,229547.16
I002472,2024-12-31,W03,Bengaluru,South,P024,P024-12-W03,2023-10-01,2025-10-01,820,593,674,13,726,562,0,0,157222.56
I002473,2024-12-31,W03,Bengaluru,South,P025,P025-12-W03,2024-04-01,2025-10-01,817,1488,578,7,1720,731,0,0,26591.2
I002474,2024-12-31,W03,Bengaluru,South,P026,P026-12-W03,2024-01-01,2025-07-01,1637,16,934,14,705,992,0,0,18033.9
I002475,2024-12-31,W03,Bengaluru,South,P027,P027-12-W03,2024-01-01,2025-07-01,998,719,665,6,1046,989,0,0,35971.94
I002476,2024-12-31,W03,Bengaluru,South,P028,P028-12-W03,2024-01-01,2026-07-01,712,1120,1832,0,0,704,8,0,0
I002477,2024-12-31,W03,Bengaluru,South,P029,P029-12-W03,2023-10-01,2026-10-01,2292,985,1065,8,2204,766,0,0,142047.8
I002478,2024-12-31,W03,Bengaluru,South,P030,P030-12-W03,2024-04-01,2027-04-01,2146,329,1052,5,1418,595,0,0,88454.84
I002479,2024-12-31,W03,Bengaluru,South,P031,P031-12-W03,2024-04-01,2027-04-01,573,437,1010,0,0,713,2,0,0
I002480,2024-12-31,W03,Bengaluru,South,P032,P032-12-W03,2024-04-01,2026-10-01,1387,180,1226,13,328,948,0,0,16941.2
I002481,2024-12-31,W03,Bengaluru,South,P033,P033-12-W03,2023-10-01,2026-04-01,2244,1153,914,8,2475,566,0,0,173819.25
I002482,2024-12-31,W03,Bengaluru,South,P034,P034-12-W03,2024-07-01,2026-01-01,2223,218,478,11,1952,573,0,0,129124.8
I002483,2024-12-31,W03,Bengaluru,South,P035,P035-12-W03,2024-04-01,2026-10-01,1872,474,1488,13,845,745,0,0,75221.9
I002484,2024-12-31,W03,Bengaluru,South,P036,P036-12-W03,2023-10-01,2025-04-01,1273,1203,953,10,1513,875,0,0,343284.57
I002485,2024-12-31,W04,Kolkata,East,P001,P001-12-W04,2024-04-01,2027-04-01,567,283,575,10,265,800,0,0,5546.45
I002486,2024-12-31,W04,Kolkata,East,P002,P002-12-W04,2024-04-01,2027-04-01,1094,1346,1329,14,1097,787,0,0,26646.13
I002487,2024-12-31,W04,Kolkata,East,P003,P003-12-W04,2023-10-01,2025-10-01,1717,1059,1087,8,1681,687,0,0,65155.56
I002488,2024-12-31,W04,Kolkata,East,P004,P004-12-W04,2024-01-01,2025-07-01,1841,134,955,10,1010,903,0,0,36137.8
I002489,2024-12-31,W04,Kolkata,East,P005,P005-12-W04,2024-01-01,2026-07-01,1946,952,1826,7,1065,863,0,0,48478.8
I002490,2024-12-31,W04,Kolkata,East,P006,P006-12-W04,2024-04-01,2025-10-01,793,1078,1848,16,7,726,0,0,406.21
I002491,2024-12-31,W04,Kolkata,East,P007,P007-12-W04,2024-07-01,2026-01-01,1310,1267,1726,1,850,754,0,0,53465
I002492,2024-12-31,W04,Kolkata,East,P008,P008-12-W04,2024-04-01,2026-10-01,2283,972,1110,10,2135,819,0,0,136810.8
I002493,2024-12-31,W04,Kolkata,East,P009,P009-12-W04,2024-01-01,2025-07-01,2091,140,1297,8,926,847,0,0,59884.42
I002494,2024-12-31,W04,Kolkata,East,P010,P010-12-W04,2024-04-01,2027-04-01,601,1359,1305,14,641,738,0,0,47427.59
I002495,2024-12-31,W04,Kolkata,East,P011,P011-12-W04,2023-10-01,2026-04-01,830,533,511,9,843,855,0,0,79764.66
I002496,2024-12-31,W04,Kolkata,East,P012,P012-12-W04,2024-07-01,2027-07-01,2395,279,717,8,1949,722,0,0,433067.8
I002497,2024-12-31,W04,Kolkata,East,P013,P013-12-W04,2024-04-01,2025-10-01,791,563,1354,0,0,996,8,0,0
I002498,2024-12-31,W04,Kolkata,East,P014,P014-12-W04,2023-10-01,2025-04-01,1485,310,1588,8,199,844,0,0,5042.66
I002499,2024-12-31,W04,Kolkata,East,P015,P015-12-W04,2024-04-01,2027-04-01,1192,604,1205,2,589,674,0,0,16727.6
I002500,2024-12-31,W04,Kolkata,East,P016,P016-12-W04,2024-07-01,2027-01-01,1471,274,1332,9,404,783,0,0,19569.76
I002501,2024-12-31,W04,Kolkata,East,P017,P017-12-W04,2024-04-01,2026-10-01,2561,1323,1039,5,2840,625,0,0,139784.8
I002502,2024-12-31,W04,Kolkata,East,P018,P018-12-W04,2024-04-01,2026-10-01,1103,940,1203,13,827,944,0,0,56541.99
I002503,2024-12-31,W04,Kolkata,East,P019,P019-12-W04,2024-07-01,2026-07-01,677,133,810,0,0,866,1,0,0
I002504,2024-12-31,W04,Kolkata,East,P020,P020-12-W04,2024-07-01,2026-01-01,2550,288,1837,13,988,966,0,0,55604.64
I002505,2024-12-31,W04,Kolkata,East,P021,P021-12-W04,2024-01-01,2026-01-01,819,157,976,0,0,944,12,0,0
I002506,2024-12-31,W04,Kolkata,East,P022,P022-12-W04,2024-07-01,2026-01-01,1300,1332,1400,7,1225,889,0,0,95256
I002507,2024-12-31,W04,Kolkata,East,P023,P023-12-W04,2024-07-01,2027-01-01,1619,504,732,9,1382,530,0,0,129272.28
I002508,2024-12-31,W04,Kolkata,East,P024,P024-12-W04,2024-01-01,2026-01-01,1998,1476,960,16,2498,626,0,0,540966.88
I002509,2024-12-31,W04,Kolkata,East,P025,P025-12-W04,2023-10-01,2025-04-01,2126,990,1496,3,1617,718,0,0,24998.82
I002510,2024-12-31,W04,Kolkata,East,P026,P026-12-W04,2023-10-01,2025-04-01,2244,794,673,16,2349,532,0,0,60087.42
I002511,2024-12-31,W04,Kolkata,East,P027,P027-12-W04,2024-04-01,2025-10-01,1704,941,1799,8,838,747,0,0,28818.82
I002512,2024-12-31,W04,Kolkata,East,P028,P028-12-W04,2024-01-01,2026-07-01,1078,1359,1572,4,861,515,0,0,38366.16
I002513,2024-12-31,W04,Kolkata,East,P029,P029-12-W04,2024-07-01,2027-07-01,1056,1221,1165,13,1099,965,0,0,70830.55
I002514,2024-12-31,W04,Kolkata,East,P030,P030-12-W04,2023-10-01,2026-10-01,2490,369,981,9,1869,597,0,0,116588.22
I002515,2024-12-31,W04,Kolkata,East,P031,P031-12-W04,2024-07-01,2027-07-01,911,649,1283,4,273,515,0,0,15962.31
I002516,2024-12-31,W04,Kolkata,East,P032,P032-12-W04,2024-04-01,2026-10-01,949,356,1305,0,0,764,8,0,0
I002517,2024-12-31,W04,Kolkata,East,P033,P033-12-W04,2024-01-01,2026-07-01,1071,1097,1516,2,650,865,0,0,45649.5
I002518,2024-12-31,W04,Kolkata,East,P034,P034-12-W04,2023-10-01,2025-04-01,2127,786,1390,12,1511,985,0,0,99952.65
I002519,2024-12-31,W04,Kolkata,East,P035,P035-12-W04,2024-01-01,2026-07-01,2095,1268,1005,1,2357,762,0,0,209820.14
I002520,2024-12-31,W04,Kolkata,East,P036,P036-12-W04,2024-01-01,2025-07-01,1538,498,1084,14,938,985,0,0,212822.82
I002521,2024-12-31,W05,Indore,Central,P001,P001-12-W05,2023-10-01,2026-10-01,1840,1397,1318,11,1908,641,0,0,39934.44
I002522,2024-12-31,W05,Indore,Central,P002,P002-12-W05,2024-04-01,2027-04-01,1197,768,855,9,1101,602,0,0,26743.29
I002523,2024-12-31,W05,Indore,Central,P003,P003-12-W05,2024-07-01,2026-07-01,1816,15,1677,3,151,687,0,0,5852.76
I002524,2024-12-31,W05,Indore,Central,P004,P004-12-W05,2024-04-01,2025-10-01,1909,102,1654,6,351,963,0,0,12558.78
I002525,2024-12-31,W05,Indore,Central,P005,P005-12-W05,2024-04-01,2026-10-01,1900,972,879,2,1991,589,0,0,90630.32
I002526,2024-12-31,W05,Indore,Central,P006,P006-12-W05,2024-07-01,2026-01-01,1995,804,1040,15,1744,639,0,0,101204.32
I002527,2024-12-31,W05,Indore,Central,P007,P007-12-W05,2024-07-01,2026-01-01,941,685,683,15,928,893,0,0,58371.2
I002528,2024-12-31,W05,Indore,Central,P008,P008-12-W05,2024-07-01,2027-01-01,1055,1316,866,13,1492,906,0,0,95607.36
I002529,2024-12-31,W05,Indore,Central,P009,P009-12-W05,2024-04-01,2025-10-01,1747,1425,473,3,2696,951,0,0,174350.32
I002530,2024-12-31,W05,Indore,Central,P010,P010-12-W05,2024-04-01,2027-04-01,455,799,917,7,330,554,0,0,24416.7
I002531,2024-12-31,W05,Indore,Central,P011,P011-12-W05,2024-07-01,2027-01-01,1436,654,804,9,1277,519,0,0,120829.74
I002532,2024-12-31,W05,Indore,Central,P012,P012-12-W05,2024-04-01,2027-04-01,1615,1410,816,14,2195,851,0,0,487729
I002533,2024-12-31,W05,Indore,Central,P013,P013-12-W05,2024-07-01,2026-01-01,1495,1293,795,0,1993,690,0,0,54289.32
I002534,2024-12-31,W05,Indore,Central,P014,P014-12-W05,2024-01-01,2025-07-01,1503,96,1346,5,248,921,0,0,6284.32
I002535,2024-12-31,W05,Indore,Central,P015,P015-12-W05,2023-10-01,2026-10-01,2033,1177,1737,1,1472,955,0,0,41804.8
I002536,2024-12-31,W05,Indore,Central,P016,P016-12-W05,2024-07-01,2027-01-01,700,1092,1238,8,546,887,0,0,26448.24
I002537,2024-12-31,W05,Indore,Central,P017,P017-12-W05,2024-01-01,2026-07-01,2484,1333,1128,11,2678,838,0,0,131811.16
I002538,2024-12-31,W05,Indore,Central,P018,P018-12-W05,2024-07-01,2027-01-01,2561,1195,826,9,2921,784,0,0,199708.77
I002539,2024-12-31,W05,Indore,Central,P019,P019-12-W05,2024-07-01,2026-07-01,727,1088,745,12,1058,645,0,0,73446.36
I002540,2024-12-31,W05,Indore,Central,P020,P020-12-W05,2024-04-01,2025-10-01,2329,773,1875,8,1219,847,0,0,68605.32
I002541,2024-12-31,W05,Indore,Central,P021,P021-12-W05,2023-10-01,2025-10-01,784,891,1675,0,0,509,3,0,0
I002542,2024-12-31,W05,Indore,Central,P022,P022-12-W05,2023-10-01,2025-04-01,1579,275,740,14,1100,881,0,0,85536
I002543,2024-12-31,W05,Indore,Central,P023,P023-12-W05,2024-07-01,2027-01-01,2014,79,1365,2,726,609,0,0,67910.04
I002544,2024-12-31,W05,Indore,Central,P024,P024-12-W05,2024-04-01,2026-04-01,1380,361,1741,0,0,883,4,0,0
I002545,2024-12-31,W05,Indore,Central,P025,P025-12-W05,2023-10-01,2025-04-01,1851,1370,607,6,2608,938,0,0,40319.68
I002546,2024-12-31,W05,Indore,Central,P026,P026-12-W05,2024-04-01,2025-10-01,420,945,548,8,809,540,0,0,20694.22
I002547,2024-12-31,W05,Indore,Central,P027,P027-12-W05,2024-07-01,2026-01-01,2414,1469,1216,8,2659,726,0,0,91443.01
I002548,2024-12-31,W05,Indore,Central,P028,P028-12-W05,2024-01-01,2026-07-01,870,977,523,10,1314,645,0,0,58551.84
I002549,2024-12-31,W05,Indore,Central,P029,P029-12-W05,2024-07-01,2027-07-01,1219,189,1408,0,0,869,3,0,0
I002550,2024-12-31,W05,Indore,Central,P030,P030-12-W05,2023-10-01,2026-10-01,557,837,1195,12,187,874,0,0,11665.06
I002551,2024-12-31,W05,Indore,Central,P031,P031-12-W05,2024-04-01,2027-04-01,2524,776,1698,15,1587,500,0,0,92791.89
I002552,2024-12-31,W05,Indore,Central,P032,P032-12-W05,2023-10-01,2026-04-01,1499,1427,1326,6,1594,693,0,0,82330.1
I002553,2024-12-31,W05,Indore,Central,P033,P033-12-W05,2024-04-01,2026-10-01,2089,1325,709,3,2702,737,0,0,189761.46
I002554,2024-12-31,W05,Indore,Central,P034,P034-12-W05,2024-07-01,2026-01-01,2496,918,710,4,2700,815,0,0,178605
I002555,2024-12-31,W05,Indore,Central,P035,P035-12-W05,2024-04-01,2026-10-01,1124,1150,1765,12,497,874,0,0,44242.94
I002556,2024-12-31,W05,Indore,Central,P036,P036-12-W05,2023-10-01,2025-04-01,1320,96,794,0,622,822,0,0,141125.58
I002557,2024-12-31,W06,Hyderabad,South,P001,P001-12-W06,2024-07-01,2027-07-01,732,1047,1693,14,72,944,0,0,1506.96
I002558,2024-12-31,W06,Hyderabad,South,P002,P002-12-W06,2023-10-01,2026-10-01,1428,335,746,2,1015,749,0,0,24654.35
I002559,2024-12-31,W06,Hyderabad,South,P003,P003-12-W06,2023-10-01,2025-10-01,2526,1114,1083,13,2544,979,0,0,98605.44
I002560,2024-12-31,W06,Hyderabad,South,P004,P004-12-W06,2024-04-01,2025-10-01,1691,736,1131,15,1281,577,0,0,45834.18
I002561,2024-12-31,W06,Hyderabad,South,P005,P005-12-W06,2023-10-01,2026-04-01,2423,520,1222,2,1719,553,0,0,78248.88
I002562,2024-12-31,W06,Hyderabad,South,P006,P006-12-W06,2023-10-01,2025-04-01,736,1046,749,13,1020,629,0,0,59190.6
I002563,2024-12-31,W06,Hyderabad,South,P007,P007-12-W06,2024-07-01,2026-01-01,2473,367,1303,15,1522,916,0,0,95733.8
I002564,2024-12-31,W06,Hyderabad,South,P008,P008-12-W06,2024-07-01,2027-01-01,880,177,1057,0,0,810,2,0,0
I002565,2024-12-31,W06,Hyderabad,South,P009,P009-12-W06,2024-01-01,2025-07-01,2092,948,624,1,2415,604,0,0,156178.05
I002566,2024-12-31,W06,Hyderabad,South,P010,P010-12-W06,2024-07-01,2027-07-01,506,39,545,0,0,877,3,0,0
I002567,2024-12-31,W06,Hyderabad,South,P011,P011-12-W06,2024-01-01,2026-07-01,581,827,1408,0,0,743,5,0,0
I002568,2024-12-31,W06,Hyderabad,South,P012,P012-12-W06,2024-04-01,2027-04-01,1842,959,1883,13,905,953,0,0,201091
I002569,2024-12-31,W06,Hyderabad,South,P013,P013-12-W06,2024-01-01,2025-07-01,2013,1191,1502,13,1689,610,0,0,46008.36
I002570,2024-12-31,W06,Hyderabad,South,P014,P014-12-W06,2023-10-01,2025-04-01,710,236,946,0,0,847,9,0,0
I002571,2024-12-31,W06,Hyderabad,South,P015,P015-12-W06,2024-01-01,2027-01-01,2267,144,1228,10,1173,858,0,0,33313.2
I002572,2024-12-31,W06,Hyderabad,South,P016,P016-12-W06,2024-01-01,2026-07-01,2159,1304,953,3,2507,549,0,0,121439.08
I002573,2024-12-31,W06,Hyderabad,South,P017,P017-12-W06,2024-01-01,2026-07-01,611,797,1408,0,0,542,3,0,0
I002574,2024-12-31,W06,Hyderabad,South,P018,P018-12-W06,2024-04-01,2026-10-01,671,996,1256,0,411,920,0,0,28100.07
I002575,2024-12-31,W06,Hyderabad,South,P019,P019-12-W06,2023-10-01,2025-10-01,1003,667,1597,8,65,649,0,0,4512.3
I002576,2024-12-31,W06,Hyderabad,South,P020,P020-12-W06,2024-01-01,2025-07-01,1785,1402,1175,11,2001,764,0,0,112616.28
I002577,2024-12-31,W06,Hyderabad,South,P021,P021-12-W06,2024-01-01,2026-01-01,552,468,1020,0,0,902,7,0,0
I002578,2024-12-31,W06,Hyderabad,South,P022,P022-12-W06,2024-04-01,2025-10-01,2333,1284,723,1,2893,646,0,0,224959.68
I002579,2024-12-31,W06,Hyderabad,South,P023,P023-12-W06,2024-07-01,2027-01-01,1532,1338,783,8,2079,873,0,0,194469.66
I002580,2024-12-31,W06,Hyderabad,South,P024,P024-12-W06,2024-01-01,2026-01-01,844,1492,1450,1,885,503,0,0,191655.6
I002581,2024-12-31,W06,Hyderabad,South,P025,P025-12-W06,2024-04-01,2025-10-01,1890,483,1345,9,1019,869,0,0,15753.74
I002582,2024-12-31,W06,Hyderabad,South,P026,P026-12-W06,2024-01-01,2025-07-01,405,307,712,0,0,877,4,0,0
I002583,2024-12-31,W06,Hyderabad,South,P027,P027-12-W06,2023-10-01,2025-04-01,2484,1171,925,4,2726,692,0,0,93747.14
I002584,2024-12-31,W06,Hyderabad,South,P028,P028-12-W06,2024-07-01,2027-01-01,2493,803,1532,4,1760,642,0,0,78425.6
I002585,2024-12-31,W06,Hyderabad,South,P029,P029-12-W06,2024-04-01,2027-04-01,2295,814,1321,14,1774,611,0,0,114334.3
I002586,2024-12-31,W06,Hyderabad,South,P030,P030-12-W06,2023-10-01,2026-10-01,2406,837,1788,15,1440,770,0,0,89827.2
I002587,2024-12-31,W06,Hyderabad,South,P031,P031-12-W06,2024-04-01,2027-04-01,888,1171,1106,15,938,517,0,0,54844.86
I002588,2024-12-31,W06,Hyderabad,South,P032,P032-12-W06,2024-04-01,2026-10-01,959,706,1665,0,0,652,5,0,0
I002589,2024-12-31,W06,Hyderabad,South,P033,P033-12-W06,2024-01-01,2026-07-01,632,635,1267,0,0,821,5,0,0
I002590,2024-12-31,W06,Hyderabad,South,P034,P034-12-W06,2023-10-01,2025-04-01,1792,641,1599,1,833,637,0,0,55102.95
I002591,2024-12-31,W06,Hyderabad,South,P035,P035-12-W06,2024-04-01,2026-10-01,841,1185,949,12,1065,786,0,0,94806.3
I002592,2024-12-31,W06,Hyderabad,South,P036,P036-12-W06,2024-07-01,2026-01-01,432,627,1059,0,0,635,2,0,0
I002593,2025-01-31,W01,Delhi,North,P001,P001-13-W01,2024-08-01,2027-08-01,1067,98,1165,0,0,777,12,0,0
I002594,2025-01-31,W01,Delhi,North,P002,P002-13-W01,2024-02-01,2027-02-01,1802,207,1474,3,532,991,0,0,12922.28
I002595,2025-01-31,W01,Delhi,North,P003,P003-13-W01,2023-11-01,2025-11-01,1947,129,1551,0,525,956,0,0,20349
I002596,2025-01-31,W01,Delhi,North,P004,P004-13-W01,2024-05-01,2025-11-01,773,1268,1147,10,884,885,0,0,31629.52
I002597,2025-01-31,W01,Delhi,North,P005,P005-13-W01,2023-11-01,2026-05-01,2415,764,929,14,2236,572,0,0,101782.72
I002598,2025-01-31,W01,Delhi,North,P006,P006-13-W01,2024-08-01,2026-02-01,1926,1222,1350,1,1797,968,0,0,104279.91
I002599,2025-01-31,W01,Delhi,North,P007,P007-13-W01,2024-02-01,2025-08-01,1706,18,1095,16,613,785,0,0,38557.7
I002600,2025-01-31,W01,Delhi,North,P008,P008-13-W01,2024-02-01,2026-08-01,991,1476,1317,0,1150,562,0,0,73692
I002601,2025-01-31,W01,Delhi,North,P009,P009-13-W01,2024-08-01,2026-02-01,1246,1191,775,5,1657,969,0,0,107158.19
I002602,2025-01-31,W01,Delhi,North,P010,P010-13-W01,2023-11-01,2026-11-01,837,1470,646,11,1650,519,0,0,122083.5
I002603,2025-01-31,W01,Delhi,North,P011,P011-13-W01,2023-11-01,2026-05-01,557,99,656,0,0,655,12,0,0
I002604,2025-01-31,W01,Delhi,North,P012,P012-13-W01,2024-08-01,2027-08-01,1375,1085,1890,9,561,503,0,0,124654.2
I002605,2025-01-31,W01,Delhi,North,P013,P013-13-W01,2024-08-01,2026-02-01,633,145,778,0,0,988,3,0,0
I002606,2025-01-31,W01,Delhi,North,P014,P014-13-W01,2024-08-01,2026-02-01,1535,328,1115,0,748,614,0,0,18954.32
I002607,2025-01-31,W01,Delhi,North,P015,P015-13-W01,2024-08-01,2027-08-01,2324,1367,1866,8,1817,996,0,0,51602.8
I002608,2025-01-31,W01,Delhi,North,P016,P016-13-W01,2024-08-01,2027-02-01,2160,688,795,8,2045,779,0,0,99059.8
I002609,2025-01-31,W01,Delhi,North,P017,P017-13-W01,2024-05-01,2026-11-01,2455,417,593,0,2279,934,0,0,112172.38
I002610,2025-01-31,W01,Delhi,North,P018,P018-13-W01,2023-11-01,2026-05-01,686,415,687,7,407,698,0,0,27826.59
I002611,2025-01-31,W01,Delhi,North,P019,P019-13-W01,2023-11-01,2025-11-01,2574,804,1519,6,1853,827,0,0,128635.26
I002612,2025-01-31,W01,Delhi,North,P020,P020-13-W01,2024-02-01,2025-08-01,1814,962,1603,3,1170,858,0,0,65847.6
I002613,2025-01-31,W01,Delhi,North,P021,P021-13-W01,2024-08-01,2026-08-01,1998,395,1056,14,1323,869,0,0,96208.56
I002614,2025-01-31,W01,Delhi,North,P022,P022-13-W01,2024-08-01,2026-02-01,1043,183,476,15,735,589,0,0,57153.6
I002615,2025-01-31,W01,Delhi,North,P023,P023-13-W01,2023-11-01,2026-05-01,2501,645,491,2,2653,673,0,0,248161.62
I002616,2025-01-31,W01,Delhi,North,P024,P024-13-W01,2023-11-01,2025-11-01,2581,554,457,15,2663,979,0,0,576699.28
I002617,2025-01-31,W01,Delhi,North,P025,P025-13-W01,2024-05-01,2025-11-01,1183,984,920,6,1241,902,0,0,19185.86
I002618,2025-01-31,W01,Delhi,North,P026,P026-13-W01,2024-02-01,2025-08-01,2356,1324,1928,4,1748,643,0,0,44713.84
I002619,2025-01-31,W01,Delhi,North,P027,P027-13-W01,2023-11-01,2025-05-01,883,939,498,6,1318,867,0,0,45326.02
I002620,2025-01-31,W01,Delhi,North,P028,P028-13-W01,2024-02-01,2026-08-01,995,544,1202,3,334,974,0,0,14883.04
I002621,2025-01-31,W01,Delhi,North,P029,P029-13-W01,2023-11-01,2026-11-01,2064,870,1484,10,1440,764,0,0,92808
I002622,2025-01-31,W01,Delhi,North,P030,P030-13-W01,2023-11-01,2026-11-01,2186,299,1589,13,883,601,0,0,55081.54
I002623,2025-01-31,W01,Delhi,North,P031,P031-13-W01,2023-11-01,2026-11-01,2285,93,1920,12,446,859,0,0,26077.62
I002624,2025-01-31,W01,Delhi,North,P032,P032-13-W01,2024-05-01,2026-11-01,795,1340,1354,5,776,939,0,0,40080.4
I002625,2025-01-31,W01,Delhi,North,P033,P033-13-W01,2023-11-01,2026-05-01,1273,499,1195,1,576,556,0,0,40452.48
I002626,2025-01-31,W01,Delhi,North,P034,P034-13-W01,2024-02-01,2025-08-01,843,672,1488,13,14,818,0,0,926.1
I002627,2025-01-31,W01,Delhi,North,P035,P035-13-W01,2024-02-01,2026-08-01,1412,201,1072,14,527,889,0,0,46913.54
I002628,2025-01-31,W01,Delhi,North,P036,P036-13-W01,2023-11-01,2025-05-01,616,65,681,0,0,792,2,0,0
I002629,2025-01-31,W02,Mumbai,West,P001,P001-13-W02,2024-02-01,2027-02-01,1980,211,1343,4,844,805,0,0,17664.92
I002630,2025-01-31,W02,Mumbai,West,P002,P002-13-W02,2024-05-01,2027-05-01,1557,31,728,13,847,779,0,0,20573.63
I002631,2025-01-31,W02,Mumbai,West,P003,P003-13-W02,2024-05-01,2026-05-01,1084,256,1340,0,0,810,7,0,0
I002632,2025-01-31,W02,Mumbai,West,P004,P004-13-W02,2024-05-01,2025-11-01,752,234,986,0,0,515,8,0,0
I002633,2025-01-31,W02,Mumbai,West,P005,P005-13-W02,2024-05-01,2026-11-01,614,432,1046,0,0,602,9,0,0
I002634,2025-01-31,W02,Mumbai,West,P006,P006-13-W02,2024-05-01,2025-11-01,1629,965,523,13,2058,592,0,0,119425.74
I002635,2025-01-31,W02,Mumbai,West,P007,P007-13-W02,2024-05-01,2025-11-01,1113,198,1311,0,0,851,5,0,0
I002636,2025-01-31,W02,Mumbai,West,P008,P008-13-W02,2024-05-01,2026-11-01,1793,530,1325,8,990,774,0,0,63439.2
I002637,2025-01-31,W02,Mumbai,West,P009,P009-13-W02,2024-08-01,2026-02-01,2154,470,504,13,2107,973,0,0,136259.69
I002638,2025-01-31,W02,Mumbai,West,P010,P010-13-W02,2024-05-01,2027-05-01,1933,278,969,2,1240,628,0,0,91747.6
I002639,2025-01-31,W02,Mumbai,West,P011,P011-13-W02,2024-02-01,2026-08-01,1342,222,862,4,698,538,0,0,66044.76
I002640,2025-01-31,W02,Mumbai,West,P012,P012-13-W02,2024-02-01,2027-02-01,1931,1092,585,11,2427,676,0,0,539279.4
I002641,2025-01-31,W02,Mumbai,West,P013,P013-13-W02,2024-05-01,2025-11-01,1576,288,1704,11,149,990,0,0,4058.76
I002642,2025-01-31,W02,Mumbai,West,P014,P014-13-W02,2024-08-01,2026-02-01,1232,833,1826,12,227,803,0,0,5752.18
I002643,2025-01-31,W02,Mumbai,West,P015,P015-13-W02,2024-02-01,2027-02-01,2256,229,965,2,1518,902,0,0,43111.2
I002644,2025-01-31,W02,Mumbai,West,P016,P016-13-W02,2024-02-01,2026-08-01,2220,708,1033,15,1880,997,0,0,91067.2
I002645,2025-01-31,W02,Mumbai,West,P017,P017-13-W02,2024-08-01,2027-02-01,1409,856,1519,6,740,559,0,0,36422.8
I002646,2025-01-31,W02,Mumbai,West,P018,P018-13-W02,2023-11-01,2026-05-01,663,917,1482,6,92,717,0,0,6290.04
I002647,2025-01-31,W02,Mumbai,West,P019,P019-13-W02,2024-05-01,2026-05-01,1978,435,1797,4,612,634,0,0,42485.04
I002648,2025-01-31,W02,Mumbai,West,P020,P020-13-W02,2023-11-01,2025-05-01,2035,1343,477,9,2892,651,0,0,162761.76
I002649,2025-01-31,W02,Mumbai,West,P021,P021-13-W02,2024-05-01,2026-05-01,2445,1212,1456,15,2186,753,0,0,158965.92
I002650,2025-01-31,W02,Mumbai,West,P022,P022-13-W02,2024-08-01,2026-02-01,1655,328,1809,11,163,635,0,0,12674.88
I002651,2025-01-31,W02,Mumbai,West,P023,P023-13-W02,2024-02-01,2026-08-01,1305,15,1320,0,0,524,6,0,0
I002652,2025-01-31,W02,Mumbai,West,P024,P024-13-W02,2024-05-01,2026-05-01,2531,510,658,4,2379,816,0,0,515196.24
I002653,2025-01-31,W02,Mumbai,West,P025,P025-13-W02,2024-02-01,2025-08-01,2599,1160,910,8,2841,652,0,0,43921.86
I002654,2025-01-31,W02,Mumbai,West,P026,P026-13-W02,2024-05-01,2025-11-01,2010,1347,1446,9,1902,896,0,0,48653.16
I002655,2025-01-31,W02,Mumbai,West,P027,P027-13-W02,2024-02-01,2025-08-01,452,59,511,0,0,827,5,0,0
I002656,2025-01-31,W02,Mumbai,West,P028,P028-13-W02,2024-02-01,2026-08-01,1087,84,1036,16,119,618,0,0,5302.64
I002657,2025-01-31,W02,Mumbai,West,P029,P029-13-W02,2024-05-01,2027-05-01,2302,1101,502,16,2885,940,0,0,185938.25
I002658,2025-01-31,W02,Mumbai,West,P030,P030-13-W02,2024-08-01,2027-08-01,659,590,1249,0,0,704,2,0,0
I002659,2025-01-31,W02,Mumbai,West,P031,P031-13-W02,2024-05-01,2027-05-01,1537,417,828,4,1122,735,0,0,65603.34
I002660,2025-01-31,W02,Mumbai,West,P032,P032-13-W02,2023-11-01,2026-05-01,438,1054,1326,4,162,808,0,0,8367.3
I002661,2025-01-31,W02,Mumbai,West,P033,P033-13-W02,2024-05-01,2026-11-01,1268,449,904,16,797,992,0,0,55973.31
I002662,2025-01-31,W02,Mumbai,West,P034,P034-13-W02,2024-05-01,2025-11-01,1421,1149,1671,10,889,654,0,0,58807.35
I002663,2025-01-31,W02,Mumbai,West,P035,P035-13-W02,2024-08-01,2027-02-01,1632,859,1497,6,988,778,0,0,87951.76
I002664,2025-01-31,W02,Mumbai,West,P036,P036-13-W02,2024-02-01,2025-08-01,2224,284,1417,0,1091,858,0,0,247536.99
I002665,2025-01-31,W03,Bengaluru,South,P001,P001-13-W03,2024-05-01,2027-05-01,1559,262,1473,2,346,970,0,0,7241.78
I002666,2025-01-31,W03,Bengaluru,South,P002,P002-13-W03,2024-08-01,2027-08-01,1058,158,803,16,397,751,0,0,9643.13
I002667,2025-01-31,W03,Bengaluru,South,P003,P003-13-W03,2024-02-01,2026-02-01,823,810,1633,0,0,567,11,0,0
I002668,2025-01-31,W03,Bengaluru,South,P004,P004-13-W03,2023-11-01,2025-05-01,2386,1036,703,11,2708,610,0,0,96892.24
I002669,2025-01-31,W03,Bengaluru,South,P005,P005-13-W03,2024-05-01,2026-11-01,2496,886,998,9,2375,747,0,0,108110
I002670,2025-01-31,W03,Bengaluru,South,P006,P006-13-W03,2023-11-01,2025-05-01,1181,1106,1190,11,1086,570,0,0,63020.58
I002671,2025-01-31,W03,Bengaluru,South,P007,P007-13-W03,2024-08-01,2026-02-01,1383,9,934,8,450,576,0,0,28305
I002672,2025-01-31,W03,Bengaluru,South,P008,P008-13-W03,2023-11-01,2026-05-01,1680,1173,1730,12,1111,611,0,0,71192.88
I002673,2025-01-31,W03,Bengaluru,South,P009,P009-13-W03,2024-02-01,2025-08-01,467,1042,1153,12,344,555,0,0,22246.48
I002674,2025-01-31,W03,Bengaluru,South,P010,P010-13-W03,2024-02-01,2027-02-01,1279,689,1346,12,610,833,0,0,45133.9
I002675,2025-01-31,W03,Bengaluru,South,P011,P011-13-W03,2024-08-01,2027-02-01,1320,355,1030,1,644,729,0,0,60935.28
I002676,2025-01-31,W03,Bengaluru,South,P012,P012-13-W03,2024-05-01,2027-05-01,2261,38,1331,10,958,954,0,0,212867.6
I002677,2025-01-31,W03,Bengaluru,South,P013,P013-13-W03,2024-05-01,2025-11-01,1898,1346,850,14,2380,695,0,0,64831.2
I002678,2025-01-31,W03,Bengaluru,South,P014,P014-13-W03,2024-08-01,2026-02-01,2465,319,1492,5,1287,812,0,0,32612.58
I002679,2025-01-31,W03,Bengaluru,South,P015,P015-13-W03,2024-05-01,2027-05-01,1480,918,1706,9,683,870,0,0,19397.2
I002680,2025-01-31,W03,Bengaluru,South,P016,P016-13-W03,2024-02-01,2026-08-01,2495,599,1845,16,1233,766,0,0,59726.52
I002681,2025-01-31,W03,Bengaluru,South,P017,P017-13-W03,2024-02-01,2026-08-01,2352,275,1357,2,1268,587,0,0,62410.96
I002682,2025-01-31,W03,Bengaluru,South,P018,P018-13-W03,2024-02-01,2026-08-01,2098,314,1380,12,1020,639,0,0,69737.4
I002683,2025-01-31,W03,Bengaluru,South,P019,P019-13-W03,2024-05-01,2026-05-01,1997,1394,1119,13,2259,987,0,0,156819.78
I002684,2025-01-31,W03,Bengaluru,South,P020,P020-13-W03,2023-11-01,2025-05-01,647,1339,897,16,1073,977,0,0,60388.44
I002685,2025-01-31,W03,Bengaluru,South,P021,P021-13-W03,2023-11-01,2025-11-01,929,406,1335,0,0,775,9,0,0
I002686,2025-01-31,W03,Bengaluru,South,P022,P022-13-W03,2024-05-01,2025-11-01,639,363,1002,0,0,800,13,0,0
I002687,2025-01-31,W03,Bengaluru,South,P023,P023-13-W03,2023-11-01,2026-05-01,1157,758,679,13,1223,687,0,0,114399.42
I002688,2025-01-31,W03,Bengaluru,South,P024,P024-13-W03,2024-08-01,2026-08-01,2218,843,1746,7,1308,949,0,0,283260.48
I002689,2025-01-31,W03,Bengaluru,South,P025,P025-13-W03,2024-05-01,2025-11-01,2485,287,1059,14,1699,843,0,0,26266.54
I002690,2025-01-31,W03,Bengaluru,South,P026,P026-13-W03,2024-02-01,2025-08-01,630,438,1068,0,0,595,8,0,0
I002691,2025-01-31,W03,Bengaluru,South,P027,P027-13-W03,2024-05-01,2025-11-01,2088,934,1198,1,1823,633,0,0,62692.97
I002692,2025-01-31,W03,Bengaluru,South,P028,P028-13-W03,2024-08-01,2027-02-01,1230,850,1635,10,435,506,0,0,19383.6
I002693,2025-01-31,W03,Bengaluru,South,P029,P029-13-W03,2024-08-01,2027-08-01,2493,72,1394,5,1166,973,0,0,75148.7
I002694,2025-01-31,W03,Bengaluru,South,P030,P030-13-W03,2024-05-01,2027-05-01,2070,612,1779,9,894,964,0,0,55767.72
I002695,2025-01-31,W03,Bengaluru,South,P031,P031-13-W03,2024-08-01,2027-08-01,1422,712,1870,13,251,899,0,0,14675.97
I002696,2025-01-31,W03,Bengaluru,South,P032,P032-13-W03,2023-11-01,2026-05-01,2075,501,1217,12,1347,521,0,0,69572.55
I002697,2025-01-31,W03,Bengaluru,South,P033,P033-13-W03,2024-05-01,2026-11-01,1267,1314,1935,14,632,609,0,0,44385.36
I002698,2025-01-31,W03,Bengaluru,South,P034,P034-13-W03,2023-11-01,2025-05-01,531,1017,1248,2,298,767,0,0,19712.7
I002699,2025-01-31,W03,Bengaluru,South,P035,P035-13-W03,2024-05-01,2026-11-01,1535,11,708,1,837,612,0,0,74509.74
I002700,2025-01-31,W03,Bengaluru,South,P036,P036-13-W03,2023-11-01,2025-05-01,1245,471,1634,10,72,809,0,0,16336.08
I002701,2025-01-31,W04,Kolkata,East,P001,P001-13-W04,2024-08-01,2027-08-01,1357,185,1542,0,0,669,12,0,0
I002702,2025-01-31,W04,Kolkata,East,P002,P002-13-W04,2024-02-01,2027-02-01,2026,1065,1895,9,1187,659,0,0,28832.23
I002703,2025-01-31,W04,Kolkata,East,P003,P003-13-W04,2023-11-01,2025-11-01,946,751,796,10,891,618,0,0,34535.16
I002704,2025-01-31,W04,Kolkata,East,P004,P004-13-W04,2023-11-01,2025-05-01,421,737,1135,6,17,819,0,0,608.26
I002705,2025-01-31,W04,Kolkata,East,P005,P005-13-W04,2024-02-01,2026-08-01,1858,80,1441,13,484,505,0,0,22031.68
I002706,2025-01-31,W04,Kolkata,East,P006,P006-13-W04,2024-05-01,2025-11-01,2215,1109,742,15,2567,821,0,0,148963.01
I002707,2025-01-31,W04,Kolkata,East,P007,P007-13-W04,2024-02-01,2025-08-01,1579,240,1220,6,593,654,0,0,37299.7
I002708,2025-01-31,W04,Kolkata,East,P008,P008-13-W04,2024-08-01,2027-02-01,1084,968,1642,11,399,778,0,0,25567.92
I002709,2025-01-31,W04,Kolkata,East,P009,P009-13-W04,2023-11-01,2025-05-01,2309,1265,1313,7,2254,540,0,0,145766.18
I002710,2025-01-31,W04,Kolkata,East,P010,P010-13-W04,2024-02-01,2027-02-01,1039,127,1166,0,0,760,3,0,0
I002711,2025-01-31,W04,Kolkata,East,P011,P011-13-W04,2024-08-01,2027-02-01,1901,1414,1637,13,1665,807,0,0,157542.3
I002712,2025-01-31,W04,Kolkata,East,P012,P012-13-W04,2024-02-01,2027-02-01,912,1259,490,2,1679,532,0,0,373073.8
I002713,2025-01-31,W04,Kolkata,East,P013,P013-13-W04,2024-08-01,2026-02-01,1976,1328,1157,15,2132,947,0,0,58075.68
I002714,2025-01-31,W04,Kolkata,East,P014,P014-13-W04,2024-08-01,2026-02-01,1622,1430,1113,14,1925,532,0,0,48779.5
I002715,2025-01-31,W04,Kolkata,East,P015,P015-13-W04,2024-05-01,2027-05-01,667,501,1005,8,155,583,0,0,4402
I002716,2025-01-31,W04,Kolkata,East,P016,P016-13-W04,2023-11-01,2026-05-01,1058,1218,1926,8,342,812,0,0,16566.48
I002717,2025-01-31,W04,Kolkata,East,P017,P017-13-W04,2024-02-01,2026-08-01,2384,43,913,5,1509,586,0,0,74272.98
I002718,2025-01-31,W04,Kolkata,East,P018,P018-13-W04,2023-11-01,2026-05-01,2200,289,1474,9,1006,548,0,0,68780.22
I002719,2025-01-31,W04,Kolkata,East,P019,P019-13-W04,2024-08-01,2026-08-01,579,950,467,13,1049,631,0,0,72821.58
I002720,2025-01-31,W04,Kolkata,East,P020,P020-13-W04,2024-02-01,2025-08-01,1217,629,1079,6,761,910,0,0,42829.08
I002721,2025-01-31,W04,Kolkata,East,P021,P021-13-W04,2024-05-01,2026-05-01,669,529,754,13,431,558,0,0,31342.32
I002722,2025-01-31,W04,Kolkata,East,P022,P022-13-W04,2023-11-01,2025-05-01,894,1017,1645,6,260,740,0,0,20217.6
I002723,2025-01-31,W04,Kolkata,East,P023,P023-13-W04,2024-05-01,2026-11-01,1634,1295,731,11,2187,752,0,0,204571.98
I002724,2025-01-31,W04,Kolkata,East,P024,P024-13-W04,2024-08-01,2026-08-01,820,569,651,14,724,542,0,0,156789.44
I002725,2025-01-31,W04,Kolkata,East,P025,P025-13-W04,2024-05-01,2025-11-01,610,884,1206,8,280,533,0,0,4328.8
I002726,2025-01-31,W04,Kolkata,East,P026,P026-13-W04,2024-08-01,2026-02-01,2487,357,926,14,1904,838,0,0,48704.32
I002727,2025-01-31,W04,Kolkata,East,P027,P027-13-W04,2024-08-01,2026-02-01,1731,945,1245,12,1419,690,0,0,48799.41
I002728,2025-01-31,W04,Kolkata,East,P028,P028-13-W04,2024-05-01,2026-11-01,2071,3,1182,5,887,581,0,0,39524.72
I002729,2025-01-31,W04,Kolkata,East,P029,P029-13-W04,2023-11-01,2026-11-01,2251,1334,646,2,2937,870,0,0,189289.65
I002730,2025-01-31,W04,Kolkata,East,P030,P030-13-W04,2024-02-01,2027-02-01,1367,1476,1667,7,1169,913,0,0,72922.22
I002731,2025-01-31,W04,Kolkata,East,P031,P031-13-W04,2024-08-01,2027-08-01,2098,283,1534,3,844,726,0,0,49348.68
I002732,2025-01-31,W04,Kolkata,East,P032,P032-13-W04,2024-05-01,2026-11-01,1929,1257,1651,8,1527,717,0,0,78869.55
I002733,2025-01-31,W04,Kolkata,East,P033,P033-13-W04,2024-08-01,2027-02-01,2179,640,990,1,1828,787,0,0,128380.44
I002734,2025-01-31,W04,Kolkata,East,P034,P034-13-W04,2024-05-01,2025-11-01,803,357,1160,0,0,996,6,0,0
I002735,2025-01-31,W04,Kolkata,East,P035,P035-13-W04,2023-11-01,2026-05-01,566,1045,1611,0,0,510,6,0,0
I002736,2025-01-31,W04,Kolkata,East,P036,P036-13-W04,2024-02-01,2025-08-01,1654,757,1291,6,1114,904,0,0,252755.46
I002737,2025-01-31,W05,Indore,Central,P001,P001-13-W05,2024-02-01,2027-02-01,2466,458,1776,5,1143,891,0,0,23922.99
I002738,2025-01-31,W05,Indore,Central,P002,P002-13-W05,2024-05-01,2027-05-01,1109,156,1265,0,0,885,3,0,0
I002739,2025-01-31,W05,Indore,Central,P003,P003-13-W05,2024-02-01,2026-02-01,1735,916,1616,9,1026,934,0,0,39767.76
I002740,2025-01-31,W05,Indore,Central,P004,P004-13-W05,2024-02-01,2025-08-01,706,641,1347,0,0,771,6,0,0
I002741,2025-01-31,W05,Indore,Central,P005,P005-13-W05,2024-05-01,2026-11-01,2216,1343,955,10,2594,621,0,0,118078.88
I002742,2025-01-31,W05,Indore,Central,P006,P006-13-W05,2024-05-01,2025-11-01,2140,1349,1745,2,1742,685,0,0,101088.26
I002743,2025-01-31,W05,Indore,Central,P007,P007-13-W05,2024-02-01,2025-08-01,916,393,1048,1,260,676,0,0,16354
I002744,2025-01-31,W05,Indore,Central,P008,P008-13-W05,2024-08-01,2027-02-01,1301,559,837,13,1010,655,0,0,64720.8
I002745,2025-01-31,W05,Indore,Central,P009,P009-13-W05,2024-05-01,2025-11-01,788,233,684,11,326,562,0,0,21082.42
I002746,2025-01-31,W05,Indore,Central,P010,P010-13-W05,2024-02-01,2027-02-01,1724,937,795,5,1861,688,0,0,137695.39
I002747,2025-01-31,W05,Indore,Central,P011,P011-13-W05,2023-11-01,2026-05-01,819,80,899,0,0,788,12,0,0
I002748,2025-01-31,W05,Indore,Central,P012,P012-13-W05,2023-11-01,2026-11-01,680,1408,1876,5,207,793,0,0,45995.4
I002749,2025-01-31,W05,Indore,Central,P013,P013-13-W05,2024-05-01,2025-11-01,661,1148,1056,14,739,981,0,0,20130.36
I002750,2025-01-31,W05,Indore,Central,P014,P014-13-W05,2024-02-01,2025-08-01,1066,655,554,6,1161,748,0,0,29419.74
I002751,2025-01-31,W05,Indore,Central,P015,P015-13-W05,2024-05-01,2027-05-01,1838,556,1729,13,652,950,0,0,18516.8
I002752,2025-01-31,W05,Indore,Central,P016,P016-13-W05,2024-02-01,2026-08-01,2263,1002,1699,6,1560,905,0,0,75566.4
I002753,2025-01-31,W05,Indore,Central,P017,P017-13-W05,2024-05-01,2026-11-01,2242,350,845,14,1733,617,0,0,85298.26
I002754,2025-01-31,W05,Indore,Central,P018,P018-13-W05,2023-11-01,2026-05-01,1102,644,1249,8,489,730,0,0,33432.93
I002755,2025-01-31,W05,Indore,Central,P019,P019-13-W05,2024-05-01,2026-05-01,1007,1246,695,2,1556,797,0,0,108017.52
I002756,2025-01-31,W05,Indore,Central,P020,P020-13-W05,2023-11-01,2025-05-01,783,810,1593,0,0,709,3,0,0
I002757,2025-01-31,W05,Indore,Central,P021,P021-13-W05,2024-02-01,2026-02-01,2183,1256,849,5,2585,681,0,0,187981.2
I002758,2025-01-31,W05,Indore,Central,P022,P022-13-W05,2024-08-01,2026-02-01,1908,984,1755,13,1124,843,0,0,87402.24
I002759,2025-01-31,W05,Indore,Central,P023,P023-13-W05,2024-08-01,2027-02-01,2402,1028,633,5,2792,620,0,0,261163.68
I002760,2025-01-31,W05,Indore,Central,P024,P024-13-W05,2024-08-01,2026-08-01,1915,642,571,15,1971,930,0,0,426839.76
I002761,2025-01-31,W05,Indore,Central,P025,P025-13-W05,2024-05-01,2025-11-01,2339,234,737,5,1831,821,0,0,28307.26
I002762,2025-01-31,W05,Indore,Central,P026,P026-13-W05,2024-02-01,2025-08-01,796,1290,636,15,1435,578,0,0,36707.3
I002763,2025-01-31,W05,Indore,Central,P027,P027-13-W05,2024-08-01,2026-02-01,1567,989,1795,5,756,737,0,0,25998.84
I002764,2025-01-31,W05,Indore,Central,P028,P028-13-W05,2024-08-01,2027-02-01,2396,1382,928,12,2838,797,0,0,126461.28
I002765,2025-01-31,W05,Indore,Central,P029,P029-13-W05,2023-11-01,2026-11-01,904,201,1105,0,0,743,3,0,0
I002766,2025-01-31,W05,Indore,Central,P030,P030-13-W05,2024-02-01,2027-02-01,712,1376,851,0,1237,664,0,0,77164.06
I002767,2025-01-31,W05,Indore,Central,P031,P031-13-W05,2024-08-01,2027-08-01,838,995,1833,0,0,651,7,0,0
I002768,2025-01-31,W05,Indore,Central,P032,P032-13-W05,2024-08-01,2027-02-01,2085,1428,1152,12,2349,804,0,0,121325.85
I002769,2025-01-31,W05,Indore,Central,P033,P033-13-W05,2023-11-01,2026-05-01,1002,799,806,4,991,883,0,0,69597.93
I002770,2025-01-31,W05,Indore,Central,P034,P034-13-W05,2024-02-01,2025-08-01,520,1084,1163,7,434,523,0,0,28709.1
I002771,2025-01-31,W05,Indore,Central,P035,P035-13-W05,2024-05-01,2026-11-01,1151,625,1761,12,3,732,0,0,267.06
I002772,2025-01-31,W05,Indore,Central,P036,P036-13-W05,2024-08-01,2026-02-01,2123,502,1467,11,1147,818,0,0,260242.83
I002773,2025-01-31,W06,Hyderabad,South,P001,P001-13-W06,2024-02-01,2027-02-01,1247,112,1359,0,0,688,10,0,0
I002774,2025-01-31,W06,Hyderabad,South,P002,P002-13-W06,2023-11-01,2026-11-01,1906,856,680,8,2074,736,0,0,50377.46
I002775,2025-01-31,W06,Hyderabad,South,P003,P003-13-W06,2024-05-01,2026-05-01,1385,1177,867,11,1684,557,0,0,65271.84
I002776,2025-01-31,W06,Hyderabad,South,P004,P004-13-W06,2024-08-01,2026-02-01,1292,792,1652,16,416,565,0,0,14884.48
I002777,2025-01-31,W06,Hyderabad,South,P005,P005-13-W06,2024-05-01,2026-11-01,1663,978,1422,14,1205,806,0,0,54851.6
I002778,2025-01-31,W06,Hyderabad,South,P006,P006-13-W06,2024-05-01,2025-11-01,1354,1432,534,9,2243,770,0,0,130161.29
I002779,2025-01-31,W06,Hyderabad,South,P007,P007-13-W06,2024-08-01,2026-02-01,678,738,1334,11,71,963,0,0,4465.9
I002780,2025-01-31,W06,Hyderabad,South,P008,P008-13-W06,2023-11-01,2026-05-01,1427,780,1275,15,917,506,0,0,58761.36
I002781,2025-01-31,W06,Hyderabad,South,P009,P009-13-W06,2024-05-01,2025-11-01,1274,212,721,11,754,917,0,0,48761.18
I002782,2025-01-31,W06,Hyderabad,South,P010,P010-13-W06,2024-05-01,2027-05-01,1471,1080,1336,8,1207,850,0,0,89305.93
I002783,2025-01-31,W06,Hyderabad,South,P011,P011-13-W06,2024-05-01,2026-11-01,1554,803,598,4,1755,833,0,0,166058.1
I002784,2025-01-31,W06,Hyderabad,South,P012,P012-13-W06,2024-05-01,2027-05-01,2082,383,1441,2,1022,856,0,0,227088.4
I002785,2025-01-31,W06,Hyderabad,South,P013,P013-13-W06,2024-05-01,2025-11-01,421,700,1121,0,0,877,1,0,0
I002786,2025-01-31,W06,Hyderabad,South,P014,P014-13-W06,2023-11-01,2025-05-01,2470,729,739,12,2448,821,0,0,62032.32
I002787,2025-01-31,W06,Hyderabad,South,P015,P015-13-W06,2024-02-01,2027-02-01,1432,269,1701,0,0,978,3,0,0
I002788,2025-01-31,W06,Hyderabad,South,P016,P016-13-W06,2023-11-01,2026-05-01,1449,1173,1845,7,770,819,0,0,37298.8
I002789,2025-01-31,W06,Hyderabad,South,P017,P017-13-W06,2024-08-01,2027-02-01,680,480,582,2,576,694,0,0,28350.72
I002790,2025-01-31,W06,Hyderabad,South,P018,P018-13-W06,2023-11-01,2026-05-01,1670,1279,1778,5,1166,502,0,0,79719.42
I002791,2025-01-31,W06,Hyderabad,South,P019,P019-13-W06,2023-11-01,2025-11-01,1092,924,631,7,1378,540,0,0,95660.76
I002792,2025-01-31,W06,Hyderabad,South,P020,P020-13-W06,2023-11-01,2025-05-01,2235,115,1930,8,412,746,0,0,23187.36
I002793,2025-01-31,W06,Hyderabad,South,P021,P021-13-W06,2024-08-01,2026-08-01,1443,276,1640,10,69,808,0,0,5017.68
I002794,2025-01-31,W06,Hyderabad,South,P022,P022-13-W06,2024-02-01,2025-08-01,880,888,1117,15,636,556,0,0,49455.36
I002795,2025-01-31,W06,Hyderabad,South,P023,P023-13-W06,2024-08-01,2027-02-01,1144,698,1678,16,148,747,0,0,13843.92
I002796,2025-01-31,W06,Hyderabad,South,P024,P024-13-W06,2024-05-01,2026-05-01,1511,1456,1593,1,1373,779,0,0,297336.88
I002797,2025-01-31,W06,Hyderabad,South,P025,P025-13-W06,2024-05-01,2025-11-01,1133,300,1433,0,0,539,4,0,0
I002798,2025-01-31,W06,Hyderabad,South,P026,P026-13-W06,2024-02-01,2025-08-01,432,782,942,1,271,946,0,0,6932.18
I002799,2025-01-31,W06,Hyderabad,South,P027,P027-13-W06,2024-08-01,2026-02-01,1034,259,1142,11,140,575,0,0,4814.6
I002800,2025-01-31,W06,Hyderabad,South,P028,P028-13-W06,2024-08-01,2027-02-01,949,1019,1804,15,149,849,0,0,6639.44
I002801,2025-01-31,W06,Hyderabad,South,P029,P029-13-W06,2024-02-01,2027-02-01,953,1095,604,2,1442,974,0,0,92936.9
I002802,2025-01-31,W06,Hyderabad,South,P030,P030-13-W06,2024-08-01,2027-08-01,873,1169,1271,1,770,656,0,0,48032.6
I002803,2025-01-31,W06,Hyderabad,South,P031,P031-13-W06,2024-08-01,2027-08-01,1522,761,1706,15,562,945,0,0,32860.14
I002804,2025-01-31,W06,Hyderabad,South,P032,P032-13-W06,2023-11-01,2026-05-01,2425,1141,490,12,3064,685,0,0,158255.6
I002805,2025-01-31,W06,Hyderabad,South,P033,P033-13-W06,2024-08-01,2027-02-01,2552,887,1887,15,1537,807,0,0,107943.51
I002806,2025-01-31,W06,Hyderabad,South,P034,P034-13-W06,2024-08-01,2026-02-01,552,425,977,0,0,532,9,0,0
I002807,2025-01-31,W06,Hyderabad,South,P035,P035-13-W06,2023-11-01,2026-05-01,1364,1360,1702,2,1020,602,0,0,90800.4
I002808,2025-01-31,W06,Hyderabad,South,P036,P036-13-W06,2024-05-01,2025-11-01,2034,1441,1538,11,1926,779,0,0,436990.14
I002809,2025-02-28,W01,Delhi,North,P001,P001-14-W01,2023-12-01,2026-12-01,752,699,525,10,916,917,0,0,19171.88
I002810,2025-02-28,W01,Delhi,North,P002,P002-14-W01,2023-12-01,2026-12-01,1262,258,871,0,649,971,0,0,15764.21
I002811,2025-02-28,W01,Delhi,North,P003,P003-14-W01,2024-09-01,2026-09-01,1978,532,1189,13,1308,786,0,0,50698.08
I002812,2025-02-28,W01,Delhi,North,P004,P004-14-W01,2023-12-01,2025-06-01,952,287,1239,0,0,528,5,0,0
I002813,2025-02-28,W01,Delhi,North,P005,P005-14-W01,2024-03-01,2026-09-01,557,910,1467,0,0,559,2,0,0
I002814,2025-02-28,W01,Delhi,North,P006,P006-14-W01,2024-09-01,2026-03-01,1481,1117,1731,16,851,823,0,0,49383.53
I002815,2025-02-28,W01,Delhi,North,P007,P007-14-W01,2024-06-01,2025-12-01,1493,499,504,9,1479,522,0,0,93029.1
I002816,2025-02-28,W01,Delhi,North,P008,P008-14-W01,2023-12-01,2026-06-01,2298,27,948,12,1365,731,0,0,87469.2
I002817,2025-02-28,W01,Delhi,North,P009,P009-14-W01,2024-03-01,2025-09-01,2562,1384,1184,0,2762,571,0,0,178618.54
I002818,2025-02-28,W01,Delhi,North,P010,P010-14-W01,2024-09-01,2027-09-01,1098,986,956,5,1123,526,0,0,83090.77
I002819,2025-02-28,W01,Delhi,North,P011,P011-14-W01,2024-03-01,2026-09-01,1464,21,1485,0,0,658,2,0,0
I002820,2025-02-28,W01,Delhi,North,P012,P012-14-W01,2023-12-01,2026-12-01,599,1116,1715,0,0,872,2,0,0
I002821,2025-02-28,W01,Delhi,North,P013,P013-14-W01,2024-03-01,2025-09-01,2302,1091,1826,10,1557,812,0,0,42412.68
I002822,2025-02-28,W01,Delhi,North,P014,P014-14-W01,2023-12-01,2025-06-01,1833,1438,1683,12,1576,967,0,0,39935.84
I002823,2025-02-28,W01,Delhi,North,P015,P015-14-W01,2024-06-01,2027-06-01,2223,738,535,12,2414,598,0,0,68557.6
I002824,2025-02-28,W01,Delhi,North,P016,P016-14-W01,2023-12-01,2026-06-01,1601,1233,1927,10,897,734,0,0,43450.68
I002825,2025-02-28,W01,Delhi,North,P017,P017-14-W01,2024-03-01,2026-09-01,1209,637,1638,2,206,818,0,0,10139.32
I002826,2025-02-28,W01,Delhi,North,P018,P018-14-W01,2023-12-01,2026-06-01,1677,1463,458,6,2676,504,0,0,182958.12
I002827,2025-02-28,W01,Delhi,North,P019,P019-14-W01,2024-09-01,2026-09-01,2290,1173,1178,15,2270,660,0,0,157583.4
I002828,2025-02-28,W01,Delhi,North,P020,P020-14-W01,2024-06-01,2025-12-01,1297,316,893,6,714,639,0,0,40183.92
I002829,2025-02-28,W01,Delhi,North,P021,P021-14-W01,2023-12-01,2025-12-01,1230,553,796,8,979,624,0,0,71192.88
I002830,2025-02-28,W01,Delhi,North,P022,P022-14-W01,2024-09-01,2026-03-01,909,88,997,0,0,721,11,0,0
I002831,2025-02-28,W01,Delhi,North,P023,P023-14-W01,2023-12-01,2026-06-01,2570,807,1314,9,2054,985,0,0,192131.16
I002832,2025-02-28,W01,Delhi,North,P024,P024-14-W01,2023-12-01,2025-12-01,1666,349,1266,10,739,558,0,0,160037.84
I002833,2025-02-28,W01,Delhi,North,P025,P025-14-W01,2023-12-01,2025-06-01,1337,1029,1484,15,867,980,0,0,13403.82
I002834,2025-02-28,W01,Delhi,North,P026,P026-14-W01,2024-09-01,2026-03-01,1940,229,1190,8,971,624,0,0,24838.18
I002835,2025-02-28,W01,Delhi,North,P027,P027-14-W01,2024-03-01,2025-09-01,1228,633,1484,12,365,597,0,0,12552.35
I002836,2025-02-28,W01,Delhi,North,P028,P028-14-W01,2023-12-01,2026-06-01,1887,1243,492,10,2628,803,0,0,117103.68
I002837,2025-02-28,W01,Delhi,North,P029,P029-14-W01,2024-09-01,2027-09-01,2277,1393,1526,1,2143,685,0,0,138116.35
I002838,2025-02-28,W01,Delhi,North,P030,P030-14-W01,2024-03-01,2027-03-01,981,1188,1769,0,400,734,0,0,24952
I002839,2025-02-28,W01,Delhi,North,P031,P031-14-W01,2023-12-01,2026-12-01,410,342,752,0,0,675,10,0,0
I002840,2025-02-28,W01,Delhi,North,P032,P032-14-W01,2024-06-01,2026-12-01,524,638,1162,0,0,526,6,0,0
I002841,2025-02-28,W01,Delhi,North,P033,P033-14-W01,2024-06-01,2026-12-01,1918,295,1315,1,897,932,0,0,62996.31
I002842,2025-02-28,W01,Delhi,North,P034,P034-14-W01,2024-03-01,2025-09-01,1465,716,1758,16,407,610,0,0,26923.05
I002843,2025-02-28,W01,Delhi,North,P035,P035-14-W01,2024-09-01,2027-03-01,2105,64,916,13,1240,727,0,0,110384.8
I002844,2025-02-28,W01,Delhi,North,P036,P036-14-W01,2023-12-01,2025-06-01,655,1405,1245,13,802,885,0,0,181965.78
I002845,2025-02-28,W02,Mumbai,West,P001,P001-14-W02,2023-12-01,2026-12-01,2291,444,482,13,2240,523,0,0,46883.2
I002846,2025-02-28,W02,Mumbai,West,P002,P002-14-W02,2024-03-01,2027-03-01,1580,157,1462,5,270,746,0,0,6558.3
I002847,2025-02-28,W02,Mumbai,West,P003,P003-14-W02,2023-12-01,2025-12-01,903,268,1171,0,0,939,7,0,0
I002848,2025-02-28,W02,Mumbai,West,P004,P004-14-W02,2024-06-01,2025-12-01,824,913,472,4,1261,828,0,0,45118.58
I002849,2025-02-28,W02,Mumbai,West,P005,P005-14-W02,2023-12-01,2026-06-01,628,1324,606,5,1341,921,0,0,61042.32
I002850,2025-02-28,W02,Mumbai,West,P006,P006-14-W02,2024-09-01,2026-03-01,756,1323,1949,9,121,523,0,0,7021.63
I002851,2025-02-28,W02,Mumbai,West,P007,P007-14-W02,2024-03-01,2025-09-01,2484,1087,1906,0,1665,637,0,0,104728.5
I002852,2025-02-28,W02,Mumbai,West,P008,P008-14-W02,2023-12-01,2026-06-01,2596,983,1671,15,1893,674,0,0,121303.44
I002853,2025-02-28,W02,Mumbai,West,P009,P009-14-W02,2023-12-01,2025-06-01,2039,130,1106,5,1058,818,0,0,68420.86
I002854,2025-02-28,W02,Mumbai,West,P010,P010-14-W02,2024-09-01,2027-09-01,761,1221,1333,14,635,598,0,0,46983.65
I002855,2025-02-28,W02,Mumbai,West,P011,P011-14-W02,2023-12-01,2026-06-01,2321,964,884,6,2395,839,0,0,226614.9
I002856,2025-02-28,W02,Mumbai,West,P012,P012-14-W02,2023-12-01,2026-12-01,2357,833,1779,13,1398,773,0,0,310635.6
I002857,2025-02-28,W02,Mumbai,West,P013,P013-14-W02,2024-03-01,2025-09-01,2595,951,1795,3,1748,808,0,0,47615.52
I002858,2025-02-28,W02,Mumbai,West,P014,P014-14-W02,2023-12-01,2025-06-01,907,677,613,5,966,958,0,0,24478.44
I002859,2025-02-28,W02,Mumbai,West,P015,P015-14-W02,2024-06-01,2027-06-01,1167,674,731,2,1108,843,0,0,31467.2
I002860,2025-02-28,W02,Mumbai,West,P016,P016-14-W02,2024-06-01,2026-12-01,555,304,859,0,0,728,2,0,0
I002861,2025-02-28,W02,Mumbai,West,P017,P017-14-W02,2024-06-01,2026-12-01,930,880,895,9,906,696,0,0,44593.32
I002862,2025-02-28,W02,Mumbai,West,P018,P018-14-W02,2023-12-01,2026-06-01,1689,200,973,0,916,954,0,0,62626.92
I002863,2025-02-28,W02,Mumbai,West,P019,P019-14-W02,2024-09-01,2026-09-01,825,1280,959,9,1137,938,0,0,78930.54
I002864,2025-02-28,W02,Mumbai,West,P020,P020-14-W02,2024-09-01,2026-03-01,1085,170,879,11,365,794,0,0,20542.2
I002865,2025-02-28,W02,Mumbai,West,P021,P021-14-W02,2024-06-01,2026-06-01,1030,1460,582,7,1901,914,0,0,138240.72
I002866,2025-02-28,W02,Mumbai,West,P022,P022-14-W02,2024-03-01,2025-09-01,2138,508,1110,5,1531,573,0,0,119050.56
I002867,2025-02-28,W02,Mumbai,West,P023,P023-14-W02,2024-03-01,2026-09-01,1901,817,1539,2,1177,703,0,0,110096.58
I002868,2025-02-28,W02,Mumbai,West,P024,P024-14-W02,2024-09-01,2026-09-01,482,468,950,0,0,861,2,0,0
I002869,2025-02-28,W02,Mumbai,West,P025,P025-14-W02,2024-09-01,2026-03-01,1089,889,1057,14,907,887,0,0,14022.22
I002870,2025-02-28,W02,Mumbai,West,P026,P026-14-W02,2024-03-01,2025-09-01,1801,918,1264,14,1441,627,0,0,36860.78
I002871,2025-02-28,W02,Mumbai,West,P027,P027-14-W02,2024-06-01,2025-12-01,2148,754,1457,11,1434,531,0,0,49315.26
I002872,2025-02-28,W02,Mumbai,West,P028,P028-14-W02,2024-06-01,2026-12-01,1787,985,1463,2,1307,545,0,0,58239.92
I002873,2025-02-28,W02,Mumbai,West,P029,P029-14-W02,2024-09-01,2027-09-01,711,1247,505,7,1446,743,0,0,93194.7
I002874,2025-02-28,W02,Mumbai,West,P030,P030-14-W02,2024-09-01,2027-09-01,2307,857,1692,11,1461,606,0,0,91137.18
I002875,2025-02-28,W02,Mumbai,West,P031,P031-14-W02,2024-03-01,2027-03-01,1909,1262,1000,13,2158,904,0,0,126178.26
I002876,2025-02-28,W02,Mumbai,West,P032,P032-14-W02,2024-03-01,2026-09-01,1936,440,1217,5,1154,842,0,0,59604.1
I002877,2025-02-28,W02,Mumbai,West,P033,P033-14-W02,2024-06-01,2026-12-01,2219,1491,1145,16,2549,968,0,0,179016.27
I002878,2025-02-28,W02,Mumbai,West,P034,P034-14-W02,2023-12-01,2025-06-01,512,10,522,0,0,796,3,0,0
I002879,2025-02-28,W02,Mumbai,West,P035,P035-14-W02,2024-09-01,2027-03-01,901,470,1177,12,182,980,0,0,16201.64
I002880,2025-02-28,W02,Mumbai,West,P036,P036-14-W02,2024-09-01,2026-03-01,828,1219,795,7,1245,619,0,0,282478.05
I002881,2025-02-28,W03,Bengaluru,South,P001,P001-14-W03,2024-09-01,2027-09-01,1354,675,461,6,1562,711,0,0,32692.66
I002882,2025-02-28,W03,Bengaluru,South,P002,P002-14-W03,2024-03-01,2027-03-01,894,628,973,0,549,508,0,0,13335.21
I002883,2025-02-28,W03,Bengaluru,South,P003,P003-14-W03,2024-06-01,2026-06-01,1759,1058,1444,9,1364,941,0,0,52868.64
I002884,2025-02-28,W03,Bengaluru,South,P004,P004-14-W03,2024-09-01,2026-03-01,580,1487,895,3,1169,701,0,0,41826.82
I002885,2025-02-28,W03,Bengaluru,South,P005,P005-14-W03,2023-12-01,2026-06-01,1458,1375,721,11,2101,947,0,0,95637.52
I002886,2025-02-28,W03,Bengaluru,South,P006,P006-14-W03,2024-03-01,2025-09-01,631,732,1296,4,63,626,0,0,3655.89
I002887,2025-02-28,W03,Bengaluru,South,P007,P007-14-W03,2023-12-01,2025-06-01,1287,555,809,9,1024,763,0,0,64409.6
I002888,2025-02-28,W03,Bengaluru,South,P008,P008-14-W03,2024-03-01,2026-09-01,2246,1209,897,9,2549,943,0,0,163339.92
I002889,2025-02-28,W03,Bengaluru,South,P009,P009-14-W03,2024-06-01,2025-12-01,543,58,601,0,0,877,5,0,0
I002890,2025-02-28,W03,Bengaluru,South,P010,P010-14-W03,2024-09-01,2027-09-01,2416,1221,1009,6,2622,978,0,0,194001.78
I002891,2025-02-28,W03,Bengaluru,South,P011,P011-14-W03,2024-03-01,2026-09-01,2386,959,1821,5,1519,872,0,0,143727.78
I002892,2025-02-28,W03,Bengaluru,South,P012,P012-14-W03,2024-09-01,2027-09-01,1666,193,1233,10,616,926,0,0,136875.2
I002893,2025-02-28,W03,Bengaluru,South,P013,P013-14-W03,2024-09-01,2026-03-01,2398,329,827,6,1894,897,0,0,51592.56
I002894,2025-02-28,W03,Bengaluru,South,P014,P014-14-W03,2024-06-01,2025-12-01,2135,1152,1778,12,1497,680,0,0,37933.98
I002895,2025-02-28,W03,Bengaluru,South,P015,P015-14-W03,2024-03-01,2027-03-01,1181,1275,1716,2,738,731,0,0,20959.2
I002896,2025-02-28,W03,Bengaluru,South,P016,P016-14-W03,2023-12-01,2026-06-01,1383,465,832,0,1016,528,0,0,49215.04
I002897,2025-02-28,W03,Bengaluru,South,P017,P017-14-W03,2023-12-01,2026-06-01,2071,256,1376,13,938,653,0,0,46168.36
I002898,2025-02-28,W03,Bengaluru,South,P018,P018-14-W03,2024-03-01,2026-09-01,2171,628,1734,10,1055,747,0,0,72130.35
I002899,2025-02-28,W03,Bengaluru,South,P019,P019-14-W03,2024-06-01,2026-06-01,1491,1119,1655,10,945,739,0,0,65601.9
I002900,2025-02-28,W03,Bengaluru,South,P020,P020-14-W03,2024-09-01,2026-03-01,2010,504,1124,13,1377,820,0,0,77497.56
I002901,2025-02-28,W03,Bengaluru,South,P021,P021-14-W03,2024-06-01,2026-06-01,2061,889,602,4,2344,984,0,0,170455.68
I002902,2025-02-28,W03,Bengaluru,South,P022,P022-14-W03,2023-12-01,2025-06-01,2366,121,493,12,1982,564,0,0,154120.32
I002903,2025-02-28,W03,Bengaluru,South,P023,P023-14-W03,2024-06-01,2026-12-01,1777,1092,1662,2,1205,867,0,0,112715.7
I002904,2025-02-28,W03,Bengaluru,South,P024,P024-14-W03,2024-06-01,2026-06-01,1064,1238,1082,2,1218,763,0,0,263770.08
I002905,2025-02-28,W03,Bengaluru,South,P025,P025-14-W03,2024-03-01,2025-09-01,1139,564,1703,0,0,753,12,0,0
I002906,2025-02-28,W03,Bengaluru,South,P026,P026-14-W03,2023-12-01,2025-06-01,838,502,1159,0,181,955,0,0,4629.98
I002907,2025-02-28,W03,Bengaluru,South,P027,P027-14-W03,2024-09-01,2026-03-01,1880,1200,632,5,2443,883,0,0,84014.77
I002908,2025-02-28,W03,Bengaluru,South,P028,P028-14-W03,2024-09-01,2027-03-01,1474,973,1606,2,839,800,0,0,37385.84
I002909,2025-02-28,W03,Bengaluru,South,P029,P029-14-W03,2024-06-01,2027-06-01,2564,877,1095,2,2344,768,0,0,151070.8
I002910,2025-02-28,W03,Bengaluru,South,P030,P030-14-W03,2024-03-01,2027-03-01,2547,1487,1702,11,2321,631,0,0,144783.98
I002911,2025-02-28,W03,Bengaluru,South,P031,P031-14-W03,2024-06-01,2027-06-01,840,109,730,13,206,639,0,0,12044.82
I002912,2025-02-28,W03,Bengaluru,South,P032,P032-14-W03,2024-06-01,2026-12-01,2395,1363,550,9,3199,852,0,0,165228.35
I002913,2025-02-28,W03,Bengaluru,South,P033,P033-14-W03,2023-12-01,2026-06-01,1755,1423,1273,13,1892,876,0,0,132875.16
I002914,2025-02-28,W03,Bengaluru,South,P034,P034-14-W03,2023-12-01,2025-06-01,2168,246,1032,6,1376,894,0,0,91022.4
I002915,2025-02-28,W03,Bengaluru,South,P035,P035-14-W03,2023-12-01,2026-06-01,941,1140,643,16,1422,545,0,0,126586.44
I002916,2025-02-28,W03,Bengaluru,South,P036,P036-14-W03,2024-06-01,2025-12-01,680,1453,1612,9,512,790,0,0,116167.68
I002917,2025-02-28,W04,Kolkata,East,P001,P001-14-W04,2024-06-01,2027-06-01,1935,963,1590,4,1304,744,0,0,27292.72
I002918,2025-02-28,W04,Kolkata,East,P002,P002-14-W04,2023-12-01,2026-12-01,1528,286,453,1,1360,836,0,0,33034.4
I002919,2025-02-28,W04,Kolkata,East,P003,P003-14-W04,2023-12-01,2025-12-01,2495,591,816,7,2263,881,0,0,87713.88
I002920,2025-02-28,W04,Kolkata,East,P004,P004-14-W04,2023-12-01,2025-06-01,537,1261,1133,1,664,938,0,0,23757.92
I002921,2025-02-28,W04,Kolkata,East,P005,P005-14-W04,2024-03-01,2026-09-01,1873,1232,548,4,2553,563,0,0,116212.56
I002922,2025-02-28,W04,Kolkata,East,P006,P006-14-W04,2024-09-01,2026-03-01,1355,556,629,4,1278,899,0,0,74162.34
I002923,2025-02-28,W04,Kolkata,East,P007,P007-14-W04,2024-09-01,2026-03-01,2310,771,910,6,2165,901,0,0,136178.5
I002924,2025-02-28,W04,Kolkata,East,P008,P008-14-W04,2024-09-01,2027-03-01,1959,904,603,5,2255,506,0,0,144500.4
I002925,2025-02-28,W04,Kolkata,East,P009,P009-14-W04,2024-03-01,2025-09-01,617,731,820,13,515,661,0,0,33305.05
I002926,2025-02-28,W04,Kolkata,East,P010,P010-14-W04,2024-06-01,2027-06-01,993,467,905,5,550,919,0,0,40694.5
I002927,2025-02-28,W04,Kolkata,East,P011,P011-14-W04,2023-12-01,2026-06-01,1420,526,1018,4,924,819,0,0,87428.88
I002928,2025-02-28,W04,Kolkata,East,P012,P012-14-W04,2023-12-01,2026-12-01,790,1166,587,4,1365,962,0,0,303303
I002929,2025-02-28,W04,Kolkata,East,P013,P013-14-W04,2024-03-01,2025-09-01,611,1408,1700,7,312,693,0,0,8498.88
I002930,2025-02-28,W04,Kolkata,East,P014,P014-14-W04,2024-06-01,2025-12-01,2116,1264,588,9,2783,581,0,0,70521.22
I002931,2025-02-28,W04,Kolkata,East,P015,P015-14-W04,2024-09-01,2027-09-01,2501,840,1102,13,2226,962,0,0,63218.4
I002932,2025-02-28,W04,Kolkata,East,P016,P016-14-W04,2024-03-01,2026-09-01,1576,415,1123,14,854,812,0,0,41367.76
I002933,2025-02-28,W04,Kolkata,East,P017,P017-14-W04,2024-03-01,2026-09-01,508,447,955,0,0,998,4,0,0
I002934,2025-02-28,W04,Kolkata,East,P018,P018-14-W04,2024-06-01,2026-12-01,1480,256,991,9,736,895,0,0,50320.32
I002935,2025-02-28,W04,Kolkata,East,P019,P019-14-W04,2024-06-01,2026-06-01,467,1192,1620,2,37,898,0,0,2568.54
I002936,2025-02-28,W04,Kolkata,East,P020,P020-14-W04,2024-03-01,2025-09-01,2395,631,1764,9,1253,997,0,0,70518.84
I002937,2025-02-28,W04,Kolkata,East,P021,P021-14-W04,2023-12-01,2025-12-01,602,862,1146,3,315,517,0,0,22906.8
I002938,2025-02-28,W04,Kolkata,East,P022,P022-14-W04,2024-06-01,2025-12-01,1535,1279,1149,12,1653,695,0,0,128537.28
I002939,2025-02-28,W04,Kolkata,East,P023,P023-14-W04,2024-03-01,2026-09-01,2042,563,637,8,1960,631,0,0,183338.4
I002940,2025-02-28,W04,Kolkata,East,P024,P024-14-W04,2024-06-01,2026-06-01,1361,550,695,14,1202,810,0,0,260305.12
I002941,2025-02-28,W04,Kolkata,East,P025,P025-14-W04,2023-12-01,2025-06-01,2380,911,1339,12,1940,663,0,0,29992.4
I002942,2025-02-28,W04,Kolkata,East,P026,P026-14-W04,2024-06-01,2025-12-01,1522,1314,1046,11,1779,774,0,0,45506.82
I002943,2025-02-28,W04,Kolkata,East,P027,P027-14-W04,2024-06-01,2025-12-01,1976,1121,1607,4,1486,724,0,0,51103.54
I002944,2025-02-28,W04,Kolkata,East,P028,P028-14-W04,2023-12-01,2026-06-01,906,1441,1003,4,1340,827,0,0,59710.4
I002945,2025-02-28,W04,Kolkata,East,P029,P029-14-W04,2024-06-01,2027-06-01,540,635,1053,11,111,771,0,0,7153.95
I002946,2025-02-28,W04,Kolkata,East,P030,P030-14-W04,2023-12-01,2026-12-01,1635,763,1622,15,761,658,0,0,47471.18
I002947,2025-02-28,W04,Kolkata,East,P031,P031-14-W04,2023-12-01,2026-12-01,2518,18,1942,1,593,715,0,0,34672.71
I002948,2025-02-28,W04,Kolkata,East,P032,P032-14-W04,2024-09-01,2027-03-01,1360,1054,1369,15,1030,774,0,0,53199.5
I002949,2025-02-28,W04,Kolkata,East,P033,P033-14-W04,2024-09-01,2027-03-01,1405,351,785,7,964,550,0,0,67701.72
I002950,2025-02-28,W04,Kolkata,East,P034,P034-14-W04,2024-06-01,2025-12-01,2551,1455,1691,4,2311,989,0,0,152872.65
I002951,2025-02-28,W04,Kolkata,East,P035,P035-14-W04,2024-03-01,2026-09-01,1667,723,936,2,1452,738,0,0,129257.04
I002952,2025-02-28,W04,Kolkata,East,P036,P036-14-W04,2024-09-01,2026-03-01,2047,1118,793,2,2370,553,0,0,537729.3
I002953,2025-02-28,W05,Indore,Central,P001,P001-14-W05,2024-09-01,2027-09-01,1103,1293,910,15,1471,663,0,0,30788.03
I002954,2025-02-28,W05,Indore,Central,P002,P002-14-W05,2024-03-01,2027-03-01,1661,245,1721,11,174,587,0,0,4226.46
I002955,2025-02-28,W05,Indore,Central,P003,P003-14-W05,2023-12-01,2025-12-01,2219,278,471,1,2025,628,0,0,78489
I002956,2025-02-28,W05,Indore,Central,P004,P004-14-W05,2024-06-01,2025-12-01,1989,51,1290,9,741,570,0,0,26512.98
I002957,2025-02-28,W05,Indore,Central,P005,P005-14-W05,2023-12-01,2026-06-01,743,595,943,4,391,978,0,0,17798.32
I002958,2025-02-28,W05,Indore,Central,P006,P006-14-W05,2023-12-01,2025-06-01,1542,1079,1711,0,910,800,0,0,52807.3
I002959,2025-02-28,W05,Indore,Central,P007,P007-14-W05,2023-12-01,2025-06-01,1164,256,577,10,833,558,0,0,52395.7
I002960,2025-02-28,W05,Indore,Central,P008,P008-14-W05,2024-06-01,2026-12-01,1837,1135,1694,12,1266,847,0,0,81125.28
I002961,2025-02-28,W05,Indore,Central,P009,P009-14-W05,2023-12-01,2025-06-01,1921,989,1141,6,1763,842,0,0,114013.21
I002962,2025-02-28,W05,Indore,Central,P010,P010-14-W05,2024-09-01,2027-09-01,2061,532,658,5,1930,630,0,0,142800.7
I002963,2025-02-28,W05,Indore,Central,P011,P011-14-W05,2024-03-01,2026-09-01,1213,949,1833,4,325,703,0,0,30751.5
I002964,2025-02-28,W05,Indore,Central,P012,P012-14-W05,2024-06-01,2027-06-01,454,161,544,16,55,920,0,0,12221
I002965,2025-02-28,W05,Indore,Central,P013,P013-14-W05,2024-09-01,2026-03-01,2372,726,1945,11,1142,888,0,0,31108.08
I002966,2025-02-28,W05,Indore,Central,P014,P014-14-W05,2023-12-01,2025-06-01,2521,814,627,14,2694,641,0,0,68265.96
I002967,2025-02-28,W05,Indore,Central,P015,P015-14-W05,2023-12-01,2026-12-01,463,1273,1104,7,625,940,0,0,17750
I002968,2025-02-28,W05,Indore,Central,P016,P016-14-W05,2023-12-01,2026-06-01,1522,546,575,5,1488,510,0,0,72078.72
I002969,2025-02-28,W05,Indore,Central,P017,P017-14-W05,2023-12-01,2026-06-01,549,1212,1278,3,480,873,0,0,23625.6
I002970,2025-02-28,W05,Indore,Central,P018,P018-14-W05,2023-12-01,2026-06-01,641,741,1382,0,0,653,10,0,0
I002971,2025-02-28,W05,Indore,Central,P019,P019-14-W05,2024-03-01,2026-03-01,2431,1183,622,3,2989,731,0,0,207496.38
I002972,2025-02-28,W05,Indore,Central,P020,P020-14-W05,2023-12-01,2025-06-01,1007,842,630,15,1204,554,0,0,67761.12
I002973,2025-02-28,W05,Indore,Central,P021,P021-14-W05,2024-03-01,2026-03-01,1668,1221,1214,2,1673,825,0,0,121660.56
I002974,2025-02-28,W05,Indore,Central,P022,P022-14-W05,2024-03-01,2025-09-01,1393,784,1250,7,920,790,0,0,71539.2
I002975,2025-02-28,W05,Indore,Central,P023,P023-14-W05,2024-06-01,2026-12-01,1178,1022,597,4,1599,887,0,0,149570.46
I002976,2025-02-28,W05,Indore,Central,P024,P024-14-W05,2024-09-01,2026-09-01,2080,197,1318,2,957,529,0,0,207247.92
I002977,2025-02-28,W05,Indore,Central,P025,P025-14-W05,2024-03-01,2025-09-01,1413,1297,1761,2,947,721,0,0,14640.62
I002978,2025-02-28,W05,Indore,Central,P026,P026-14-W05,2023-12-01,2025-06-01,1060,251,1311,0,0,656,6,0,0
I002979,2025-02-28,W05,Indore,Central,P027,P027-14-W05,2023-12-01,2025-06-01,844,703,607,12,928,567,0,0,31913.92
I002980,2025-02-28,W05,Indore,Central,P028,P028-14-W05,2024-06-01,2026-12-01,1650,194,1738,6,100,892,0,0,4456
I002981,2025-02-28,W05,Indore,Central,P029,P029-14-W05,2024-06-01,2027-06-01,527,1121,1648,0,0,515,10,0,0
I002982,2025-02-28,W05,Indore,Central,P030,P030-14-W05,2024-09-01,2027-09-01,1188,200,1022,8,358,632,0,0,22332.04
I002983,2025-02-28,W05,Indore,Central,P031,P031-14-W05,2024-09-01,2027-09-01,2096,493,764,6,1819,706,0,0,106356.93
I002984,2025-02-28,W05,Indore,Central,P032,P032-14-W05,2024-06-01,2026-12-01,1478,1161,1916,13,710,935,0,0,36671.5
I002985,2025-02-28,W05,Indore,Central,P033,P033-14-W05,2023-12-01,2026-06-01,1455,1063,598,7,1913,620,0,0,134349.99
I002986,2025-02-28,W05,Indore,Central,P034,P034-14-W05,2024-06-01,2025-12-01,1982,797,764,1,2014,552,0,0,133226.1
I002987,2025-02-28,W05,Indore,Central,P035,P035-14-W05,2024-06-01,2026-12-01,1963,1235,1862,8,1328,983,0,0,118218.56
I002988,2025-02-28,W05,Indore,Central,P036,P036-14-W05,2023-12-01,2025-06-01,1755,191,1874,8,64,593,0,0,14520.96
I002989,2025-02-28,W06,Hyderabad,South,P001,P001-14-W06,2024-09-01,2027-09-01,1300,1349,1821,0,828,573,0,0,17330.04
I002990,2025-02-28,W06,Hyderabad,South,P002,P002-14-W06,2023-12-01,2026-12-01,1613,667,1734,13,533,915,0,0,12946.57
I002991,2025-02-28,W06,Hyderabad,South,P003,P003-14-W06,2024-06-01,2026-06-01,703,892,1595,0,0,735,6,0,0
I002992,2025-02-28,W06,Hyderabad,South,P004,P004-14-W06,2024-06-01,2025-12-01,1356,384,1018,5,717,694,0,0,25654.26
I002993,2025-02-28,W06,Hyderabad,South,P005,P005-14-W06,2024-06-01,2026-12-01,739,162,652,15,234,889,0,0,10651.68
I002994,2025-02-28,W06,Hyderabad,South,P006,P006-14-W06,2024-06-01,2025-12-01,524,1272,452,12,1332,860,0,0,77295.96
I002995,2025-02-28,W06,Hyderabad,South,P007,P007-14-W06,2024-06-01,2025-12-01,1667,1256,1014,3,1906,817,0,0,119887.4
I002996,2025-02-28,W06,Hyderabad,South,P008,P008-14-W06,2023-12-01,2026-06-01,2121,495,1472,12,1132,748,0,0,72538.56
I002997,2025-02-28,W06,Hyderabad,South,P009,P009-14-W06,2023-12-01,2025-06-01,2534,938,482,13,2977,639,0,0,192522.59
I002998,2025-02-28,W06,Hyderabad,South,P010,P010-14-W06,2024-03-01,2027-03-01,1444,473,979,15,923,809,0,0,68292.77
I002999,2025-02-28,W06,Hyderabad,South,P011,P011-14-W06,2024-09-01,2027-03-01,1558,380,1117,4,817,646,0,0,77304.54
I003000,2025-02-28,W06,Hyderabad,South,P012,P012-14-W06,2023-12-01,2026-12-01,1886,216,1696,1,405,913,0,0,89991
I003001,2025-02-28,W06,Hyderabad,South,P013,P013-14-W06,2024-09-01,2026-03-01,2084,1124,1531,12,1665,835,0,0,45354.6
I003002,2025-02-28,W06,Hyderabad,South,P014,P014-14-W06,2024-06-01,2025-12-01,1743,667,558,9,1843,634,0,0,46701.62
I003003,2025-02-28,W06,Hyderabad,South,P015,P015-14-W06,2023-12-01,2026-12-01,2581,869,1519,11,1920,631,0,0,54528
I003004,2025-02-28,W06,Hyderabad,South,P016,P016-14-W06,2024-09-01,2027-03-01,1390,854,696,6,1542,686,0,0,74694.48
I003005,2025-02-28,W06,Hyderabad,South,P017,P017-14-W06,2023-12-01,2026-06-01,670,329,999,0,0,749,8,0,0
I003006,2025-02-28,W06,Hyderabad,South,P018,P018-14-W06,2024-06-01,2026-12-01,930,1086,1897,8,111,525,0,0,7589.07
I003007,2025-02-28,W06,Hyderabad,South,P019,P019-14-W06,2024-09-01,2026-09-01,1723,1262,1301,9,1675,645,0,0,116278.5
I003008,2025-02-28,W06,Hyderabad,South,P020,P020-14-W06,2024-09-01,2026-03-01,499,939,934,5,499,670,0,0,28083.72
I003009,2025-02-28,W06,Hyderabad,South,P021,P021-14-W06,2023-12-01,2025-12-01,771,29,800,0,0,927,8,0,0
I003010,2025-02-28,W06,Hyderabad,South,P022,P022-14-W06,2024-03-01,2025-09-01,907,604,1388,14,109,878,0,0,8475.84
I003011,2025-02-28,W06,Hyderabad,South,P023,P023-14-W06,2024-03-01,2026-09-01,2319,709,1813,16,1199,777,0,0,112154.46
I003012,2025-02-28,W06,Hyderabad,South,P024,P024-14-W06,2023-12-01,2025-12-01,1578,796,1071,5,1298,769,0,0,281094.88
I003013,2025-02-28,W06,Hyderabad,South,P025,P025-14-W06,2024-03-01,2025-09-01,505,181,686,0,0,884,12,0,0
I003014,2025-02-28,W06,Hyderabad,South,P026,P026-14-W06,2023-12-01,2025-06-01,2290,346,1497,9,1130,928,0,0,28905.4
I003015,2025-02-28,W06,Hyderabad,South,P027,P027-14-W06,2024-06-01,2025-12-01,1198,1118,486,5,1825,977,0,0,62761.75
I003016,2025-02-28,W06,Hyderabad,South,P028,P028-14-W06,2023-12-01,2026-06-01,538,1396,1298,10,626,657,0,0,27894.56
I003017,2025-02-28,W06,Hyderabad,South,P029,P029-14-W06,2024-03-01,2027-03-01,1138,534,708,5,959,878,0,0,61807.55
I003018,2025-02-28,W06,Hyderabad,South,P030,P030-14-W06,2023-12-01,2026-12-01,1479,1158,687,5,1945,585,0,0,121329.1
I003019,2025-02-28,W06,Hyderabad,South,P031,P031-14-W06,2023-12-01,2026-12-01,1962,1133,1051,8,2036,756,0,0,119044.92
I003020,2025-02-28,W06,Hyderabad,South,P032,P032-14-W06,2024-03-01,2026-09-01,943,230,1173,0,0,770,13,0,0
I003021,2025-02-28,W06,Hyderabad,South,P033,P033-14-W06,2023-12-01,2026-06-01,2518,408,1095,14,1817,505,0,0,127607.91
I003022,2025-02-28,W06,Hyderabad,South,P034,P034-14-W06,2023-12-01,2025-06-01,1616,181,1797,0,0,660,11,0,0
I003023,2025-02-28,W06,Hyderabad,South,P035,P035-14-W06,2024-06-01,2026-12-01,1243,810,1793,12,248,556,0,0,22076.96
I003024,2025-02-28,W06,Hyderabad,South,P036,P036-14-W06,2024-06-01,2025-12-01,1837,689,1754,12,760,863,0,0,172436.4
I003025,2025-03-31,W01,Delhi,North,P001,P001-15-W01,2024-07-01,2027-07-01,2059,1248,1339,8,1960,742,0,0,41022.8
I003026,2025-03-31,W01,Delhi,North,P002,P002-15-W01,2024-10-01,2027-10-01,1516,709,664,4,1557,622,0,0,37819.53
I003027,2025-03-31,W01,Delhi,North,P003,P003-15-W01,2024-01-01,2026-01-01,1519,1322,1006,11,1824,835,0,0,70698.24
I003028,2025-03-31,W01,Delhi,North,P004,P004-15-W01,2024-01-01,2025-07-01,2346,786,1762,8,1362,636,0,0,48732.36
I003029,2025-03-31,W01,Delhi,North,P005,P005-15-W01,2024-07-01,2027-01-01,2242,1480,965,13,2744,960,0,0,124906.88
I003030,2025-03-31,W01,Delhi,North,P006,P006-15-W01,2024-01-01,2025-07-01,1268,1434,1850,3,849,776,0,0,49267.47
I003031,2025-03-31,W01,Delhi,North,P007,P007-15-W01,2024-04-01,2025-10-01,1428,706,984,11,1139,501,0,0,71643.1
I003032,2025-03-31,W01,Delhi,North,P008,P008-15-W01,2024-01-01,2026-07-01,2422,118,750,3,1787,621,0,0,114510.96
I003033,2025-03-31,W01,Delhi,North,P009,P009-15-W01,2024-01-01,2025-07-01,698,682,1210,6,164,683,0,0,10605.88
I003034,2025-03-31,W01,Delhi,North,P010,P010-15-W01,2024-07-01,2027-07-01,1357,393,578,15,1157,514,0,0,85606.43
I003035,2025-03-31,W01,Delhi,North,P011,P011-15-W01,2024-10-01,2027-04-01,2134,945,863,1,2215,584,0,0,209583.3
I003036,2025-03-31,W01,Delhi,North,P012,P012-15-W01,2024-10-01,2027-10-01,1841,234,721,14,1340,756,0,0,297748
I003037,2025-03-31,W01,Delhi,North,P013,P013-15-W01,2024-07-01,2026-01-01,1498,1264,1399,9,1354,895,0,0,36882.96
I003038,2025-03-31,W01,Delhi,North,P014,P014-15-W01,2024-04-01,2025-10-01,1700,695,1252,15,1128,858,0,0,28583.52
I003039,2025-03-31,W01,Delhi,North,P015,P015-15-W01,2024-10-01,2027-10-01,1142,797,1545,9,385,961,0,0,10934
I003040,2025-03-31,W01,Delhi,North,P016,P016-15-W01,2024-10-01,2027-04-01,1300,1385,874,11,1800,914,0,0,87192
I003041,2025-03-31,W01,Delhi,North,P017,P017-15-W01,2024-04-01,2026-10-01,1872,461,491,5,1837,696,0,0,90417.14
I003042,2025-03-31,W01,Delhi,North,P018,P018-15-W01,2024-07-01,2027-01-01,789,669,1378,11,69,781,0,0,4717.53
I003043,2025-03-31,W01,Delhi,North,P019,P019-15-W01,2024-10-01,2026-10-01,1784,358,1923,14,205,621,0,0,14231.1
I003044,2025-03-31,W01,Delhi,North,P020,P020-15-W01,2024-04-01,2025-10-01,1203,829,967,16,1049,853,0,0,59037.72
I003045,2025-03-31,W01,Delhi,North,P021,P021-15-W01,2024-04-01,2026-04-01,2039,936,1409,11,1555,896,0,0,113079.6
I003046,2025-03-31,W01,Delhi,North,P022,P022-15-W01,2024-01-01,2025-07-01,879,833,1166,4,542,875,0,0,42145.92
I003047,2025-03-31,W01,Delhi,North,P023,P023-15-W01,2024-10-01,2027-04-01,2487,458,1574,11,1360,834,0,0,127214.4
I003048,2025-03-31,W01,Delhi,North,P024,P024-15-W01,2024-10-01,2026-10-01,1146,217,1363,0,0,840,7,0,0
I003049,2025-03-31,W01,Delhi,North,P025,P025-15-W01,2024-10-01,2026-04-01,2204,393,973,0,1624,650,0,0,25107.04
I003050,2025-03-31,W01,Delhi,North,P026,P026-15-W01,2024-07-01,2026-01-01,1065,412,1477,0,0,533,12,0,0
I003051,2025-03-31,W01,Delhi,North,P027,P027-15-W01,2024-04-01,2025-10-01,1082,338,1140,2,278,927,0,0,9560.42
I003052,2025-03-31,W01,Delhi,North,P028,P028-15-W01,2024-07-01,2027-01-01,2101,284,1704,15,666,643,0,0,29676.96
I003053,2025-03-31,W01,Delhi,North,P029,P029-15-W01,2024-10-01,2027-10-01,500,602,970,10,122,827,0,0,7862.9
I003054,2025-03-31,W01,Delhi,North,P030,P030-15-W01,2024-04-01,2027-04-01,895,246,696,4,441,544,0,0,27509.58
I003055,2025-03-31,W01,Delhi,North,P031,P031-15-W01,2024-07-01,2027-07-01,2438,1225,1296,3,2364,765,0,0,138223.08
I003056,2025-03-31,W01,Delhi,North,P032,P032-15-W01,2024-01-01,2026-07-01,1080,1073,1464,15,674,656,0,0,34812.1
I003057,2025-03-31,W01,Delhi,North,P033,P033-15-W01,2024-07-01,2027-01-01,1119,79,1198,0,0,623,6,0,0
I003058,2025-03-31,W01,Delhi,North,P034,P034-15-W01,2024-04-01,2025-10-01,2314,328,1289,13,1340,933,0,0,88641
I003059,2025-03-31,W01,Delhi,North,P035,P035-15-W01,2024-07-01,2027-01-01,835,588,964,13,446,947,0,0,39702.92
I003060,2025-03-31,W01,Delhi,North,P036,P036-15-W01,2024-01-01,2025-07-01,1349,427,1307,16,453,844,0,0,102781.17
I003061,2025-03-31,W02,Mumbai,West,P001,P001-15-W02,2024-04-01,2027-04-01,1339,1477,1171,9,1636,820,0,0,34241.48
I003062,2025-03-31,W02,Mumbai,West,P002,P002-15-W02,2024-01-01,2027-01-01,1309,160,1261,5,203,584,0,0,4930.87
I003063,2025-03-31,W02,Mumbai,West,P003,P003-15-W02,2024-04-01,2026-04-01,899,618,1067,14,436,962,0,0,16899.36
I003064,2025-03-31,W02,Mumbai,West,P004,P004-15-W02,2024-01-01,2025-07-01,1855,1222,1306,10,1761,620,0,0,63008.58
I003065,2025-03-31,W02,Mumbai,West,P005,P005-15-W02,2024-07-01,2027-01-01,1352,928,1523,9,748,862,0,0,34048.96
I003066,2025-03-31,W02,Mumbai,West,P006,P006-15-W02,2024-10-01,2026-04-01,1438,1493,1233,0,1698,646,0,0,98534.94
I003067,2025-03-31,W02,Mumbai,West,P007,P007-15-W02,2024-07-01,2026-01-01,1503,831,599,1,1734,610,0,0,109068.6
I003068,2025-03-31,W02,Mumbai,West,P008,P008-15-W02,2024-07-01,2027-01-01,950,417,461,13,893,503,0,0,57223.44
I003069,2025-03-31,W02,Mumbai,West,P009,P009-15-W02,2024-04-01,2025-10-01,1918,435,601,7,1745,853,0,0,112849.15
I003070,2025-03-31,W02,Mumbai,West,P010,P010-15-W02,2024-07-01,2027-07-01,1509,1200,944,14,1751,910,0,0,129556.49
I003071,2025-03-31,W02,Mumbai,West,P011,P011-15-W02,2024-04-01,2026-10-01,547,636,1183,0,0,726,10,0,0
I003072,2025-03-31,W02,Mumbai,West,P012,P012-15-W02,2024-04-01,2027-04-01,1845,1163,1162,4,1842,556,0,0,409292.4
I003073,2025-03-31,W02,Mumbai,West,P013,P013-15-W02,2024-01-01,2025-07-01,2565,620,1252,8,1925,830,0,0,52437
I003074,2025-03-31,W02,Mumbai,West,P014,P014-15-W02,2024-10-01,2026-04-01,1950,1420,982,12,2376,638,0,0,60207.84
I003075,2025-03-31,W02,Mumbai,West,P015,P015-15-W02,2024-10-01,2027-10-01,1145,823,1026,7,935,603,0,0,26554
I003076,2025-03-31,W02,Mumbai,West,P016,P016-15-W02,2024-01-01,2026-07-01,1105,60,1165,0,0,789,11,0,0
I003077,2025-03-31,W02,Mumbai,West,P017,P017-15-W02,2024-01-01,2026-07-01,2315,1315,1759,5,1866,976,0,0,91844.52
I003078,2025-03-31,W02,Mumbai,West,P018,P018-15-W02,2024-10-01,2027-04-01,963,1131,1486,6,602,596,0,0,41158.74
I003079,2025-03-31,W02,Mumbai,West,P019,P019-15-W02,2024-01-01,2026-01-01,2093,263,1457,5,894,882,0,0,62061.48
I003080,2025-03-31,W02,Mumbai,West,P020,P020-15-W02,2024-04-01,2025-10-01,2061,425,1281,1,1204,536,0,0,67761.12
I003081,2025-03-31,W02,Mumbai,West,P021,P021-15-W02,2024-10-01,2026-10-01,1732,824,1529,3,1024,873,0,0,74465.28
I003082,2025-03-31,W02,Mumbai,West,P022,P022-15-W02,2024-01-01,2025-07-01,2239,1383,957,12,2653,671,0,0,206297.28
I003083,2025-03-31,W02,Mumbai,West,P023,P023-15-W02,2024-04-01,2026-10-01,2555,664,1404,16,1799,566,0,0,168278.46
I003084,2025-03-31,W02,Mumbai,West,P024,P024-15-W02,2024-10-01,2026-10-01,950,1413,906,9,1448,866,0,0,313578.88
I003085,2025-03-31,W02,Mumbai,West,P025,P025-15-W02,2024-07-01,2026-01-01,1946,142,856,6,1226,733,0,0,18953.96
I003086,2025-03-31,W02,Mumbai,West,P026,P026-15-W02,2024-07-01,2026-01-01,2234,554,1778,3,1007,912,0,0,25759.06
I003087,2025-03-31,W02,Mumbai,West,P027,P027-15-W02,2024-10-01,2026-04-01,967,107,1074,0,0,625,11,0,0
I003088,2025-03-31,W02,Mumbai,West,P028,P028-15-W02,2024-01-01,2026-07-01,448,1384,758,4,1070,567,0,0,47679.2
I003089,2025-03-31,W02,Mumbai,West,P029,P029-15-W02,2024-01-01,2027-01-01,1105,686,1791,0,0,607,5,0,0
I003090,2025-03-31,W02,Mumbai,West,P030,P030-15-W02,2024-04-01,2027-04-01,1976,256,1571,6,655,997,0,0,40858.9
I003091,2025-03-31,W02,Mumbai,West,P031,P031-15-W02,2024-10-01,2027-10-01,2127,1007,721,9,2404,855,0,0,140561.88
I003092,2025-03-31,W02,Mumbai,West,P032,P032-15-W02,2024-07-01,2027-01-01,1938,961,1241,8,1650,623,0,0,85222.5
I003093,2025-03-31,W02,Mumbai,West,P033,P033-15-W02,2024-01-01,2026-07-01,1064,23,638,15,434,558,0,0,30479.82
I003094,2025-03-31,W02,Mumbai,West,P034,P034-15-W02,2024-04-01,2025-10-01,2105,1017,812,7,2303,544,0,0,152343.45
I003095,2025-03-31,W02,Mumbai,West,P035,P035-15-W02,2024-10-01,2027-04-01,2129,205,1126,9,1199,668,0,0,106734.98
I003096,2025-03-31,W02,Mumbai,West,P036,P036-15-W02,2024-07-01,2026-01-01,1759,401,991,14,1155,915,0,0,262057.95
I003097,2025-03-31,W03,Bengaluru,South,P001,P001-15-W03,2024-01-01,2027-01-01,1232,995,1652,8,567,590,0,0,11867.31
I003098,2025-03-31,W03,Bengaluru,South,P002,P002-15-W03,2024-10-01,2027-10-01,1451,1280,1343,4,1384,849,0,0,33617.36
I003099,2025-03-31,W03,Bengaluru,South,P003,P003-15-W03,2024-01-01,2026-01-01,1689,747,682,2,1752,836,0,0,67907.52
I003100,2025-03-31,W03,Bengaluru,South,P004,P004-15-W03,2024-04-01,2025-10-01,1060,529,1589,0,0,534,5,0,0
I003101,2025-03-31,W03,Bengaluru,South,P005,P005-15-W03,2024-10-01,2027-04-01,2043,865,1447,6,1455,706,0,0,66231.6
I003102,2025-03-31,W03,Bengaluru,South,P006,P006-15-W03,2024-04-01,2025-10-01,950,703,810,9,834,925,0,0,48397.02
I003103,2025-03-31,W03,Bengaluru,South,P007,P007-15-W03,2024-04-01,2025-10-01,1516,927,959,14,1470,951,0,0,92463
I003104,2025-03-31,W03,Bengaluru,South,P008,P008-15-W03,2024-07-01,2027-01-01,1800,658,514,1,1943,666,0,0,124507.44
I003105,2025-03-31,W03,Bengaluru,South,P009,P009-15-W03,2024-10-01,2026-04-01,1494,212,1420,14,272,880,0,0,17590.24
I003106,2025-03-31,W03,Bengaluru,South,P010,P010-15-W03,2024-10-01,2027-10-01,1056,244,1300,0,0,542,10,0,0
I003107,2025-03-31,W03,Bengaluru,South,P011,P011-15-W03,2024-10-01,2027-04-01,1763,431,841,2,1351,620,0,0,127831.62
I003108,2025-03-31,W03,Bengaluru,South,P012,P012-15-W03,2024-01-01,2027-01-01,1009,19,1028,0,0,685,4,0,0
I003109,2025-03-31,W03,Bengaluru,South,P013,P013-15-W03,2024-01-01,2025-07-01,1957,1254,722,9,2480,551,0,0,67555.2
I003110,2025-03-31,W03,Bengaluru,South,P014,P014-15-W03,2024-10-01,2026-04-01,985,1136,1496,13,612,878,0,0,15508.08
I003111,2025-03-31,W03,Bengaluru,South,P015,P015-15-W03,2024-10-01,2027-10-01,1072,608,1321,5,354,884,0,0,10053.6
I003112,2025-03-31,W03,Bengaluru,South,P016,P016-15-W03,2024-07-01,2027-01-01,1495,772,1421,11,835,507,0,0,40447.4
I003113,2025-03-31,W03,Bengaluru,South,P017,P017-15-W03,2024-07-01,2027-01-01,1884,1296,756,14,2410,774,0,0,118620.2
I003114,2025-03-31,W03,Bengaluru,South,P018,P018-15-W03,2024-01-01,2026-07-01,669,314,983,0,0,888,7,0,0
I003115,2025-03-31,W03,Bengaluru,South,P019,P019-15-W03,2024-04-01,2026-04-01,731,1265,1287,0,709,994,0,0,49218.78
I003116,2025-03-31,W03,Bengaluru,South,P020,P020-15-W03,2024-01-01,2025-07-01,1667,78,1609,13,123,689,0,0,6922.44
I003117,2025-03-31,W03,Bengaluru,South,P021,P021-15-W03,2024-01-01,2026-01-01,988,416,857,12,535,638,0,0,38905.2
I003118,2025-03-31,W03,Bengaluru,South,P022,P022-15-W03,2024-04-01,2025-10-01,2002,1068,1035,9,2026,960,0,0,157541.76
I003119,2025-03-31,W03,Bengaluru,South,P023,P023-15-W03,2024-01-01,2026-07-01,2135,208,1449,10,884,931,0,0,82689.36
I003120,2025-03-31,W03,Bengaluru,South,P024,P024-15-W03,2024-04-01,2026-04-01,781,1122,1464,2,437,609,0,0,94636.72
I003121,2025-03-31,W03,Bengaluru,South,P025,P025-15-W03,2024-07-01,2026-01-01,1553,504,1441,10,606,560,0,0,9368.76
I003122,2025-03-31,W03,Bengaluru,South,P026,P026-15-W03,2024-10-01,2026-04-01,1318,1015,682,13,1638,653,0,0,41900.04
I003123,2025-03-31,W03,Bengaluru,South,P027,P027-15-W03,2024-10-01,2026-04-01,979,1494,1036,5,1432,826,0,0,49246.48
I003124,2025-03-31,W03,Bengaluru,South,P028,P028-15-W03,2024-07-01,2027-01-01,1949,429,1818,7,553,762,0,0,24641.68
I003125,2025-03-31,W03,Bengaluru,South,P029,P029-15-W03,2024-07-01,2027-07-01,2090,256,1283,5,1058,902,0,0,68188.1
I003126,2025-03-31,W03,Bengaluru,South,P030,P030-15-W03,2024-01-01,2027-01-01,1901,1293,1057,9,2128,587,0,0,132744.64
I003127,2025-03-31,W03,Bengaluru,South,P031,P031-15-W03,2024-01-01,2027-01-01,1372,1192,1183,2,1379,739,0,0,80630.13
I003128,2025-03-31,W03,Bengaluru,South,P032,P032-15-W03,2024-01-01,2026-07-01,515,927,1170,1,271,838,0,0,13997.15
I003129,2025-03-31,W03,Bengaluru,South,P033,P033-15-W03,2024-07-01,2027-01-01,1149,924,1170,1,902,843,0,0,63347.46
I003130,2025-03-31,W03,Bengaluru,South,P034,P034-15-W03,2024-01-01,2025-07-01,1471,292,1604,1,158,622,0,0,10451.7
I003131,2025-03-31,W03,Bengaluru,South,P035,P035-15-W03,2024-07-01,2027-01-01,1389,154,682,11,850,757,0,0,75667
I003132,2025-03-31,W03,Bengaluru,South,P036,P036-15-W03,2024-07-01,2026-01-01,1221,501,1722,0,0,714,6,0,0
I003133,2025-03-31,W04,Kolkata,East,P001,P001-15-W04,2024-10-01,2027-10-01,1597,1432,810,7,2212,517,0,0,46297.16
I003134,2025-03-31,W04,Kolkata,East,P002,P002-15-W04,2024-10-01,2027-10-01,609,49,658,0,0,524,11,0,0
I003135,2025-03-31,W04,Kolkata,East,P003,P003-15-W04,2024-10-01,2026-10-01,450,948,1398,0,0,723,3,0,0
I003136,2025-03-31,W04,Kolkata,East,P004,P004-15-W04,2024-10-01,2026-04-01,903,164,1034,10,23,840,0,0,822.94
I003137,2025-03-31,W04,Kolkata,East,P005,P005-15-W04,2024-07-01,2027-01-01,753,1041,767,13,1014,716,0,0,46157.28
I003138,2025-03-31,W04,Kolkata,East,P006,P006-15-W04,2024-04-01,2025-10-01,1633,717,729,3,1618,606,0,0,93892.54
I003139,2025-03-31,W04,Kolkata,East,P007,P007-15-W04,2024-10-01,2026-04-01,1507,299,1340,9,457,522,0,0,28745.3
I003140,2025-03-31,W04,Kolkata,East,P008,P008-15-W04,2024-07-01,2027-01-01,416,550,966,0,0,611,6,0,0
I003141,2025-03-31,W04,Kolkata,East,P009,P009-15-W04,2024-04-01,2025-10-01,721,1440,876,12,1273,703,0,0,82324.91
I003142,2025-03-31,W04,Kolkata,East,P010,P010-15-W04,2024-10-01,2027-10-01,1337,453,927,9,854,542,0,0,63187.46
I003143,2025-03-31,W04,Kolkata,East,P011,P011-15-W04,2024-10-01,2027-04-01,1942,67,600,14,1395,775,0,0,131994.9
I003144,2025-03-31,W04,Kolkata,East,P012,P012-15-W04,2024-04-01,2027-04-01,1482,1169,751,4,1896,989,0,0,421291.2
I003145,2025-03-31,W04,Kolkata,East,P013,P013-15-W04,2024-10-01,2026-04-01,776,878,1227,0,427,723,0,0,11631.48
I003146,2025-03-31,W04,Kolkata,East,P014,P014-15-W04,2024-10-01,2026-04-01,1019,1221,789,13,1438,842,0,0,36438.92
I003147,2025-03-31,W04,Kolkata,East,P015,P015-15-W04,2024-04-01,2027-04-01,1301,577,1006,6,866,652,0,0,24594.4
I003148,2025-03-31,W04,Kolkata,East,P016,P016-15-W04,2024-01-01,2026-07-01,1063,959,992,2,1028,658,0,0,49796.32
I003149,2025-03-31,W04,Kolkata,East,P017,P017-15-W04,2024-10-01,2027-04-01,2441,49,1684,2,804,644,0,0,39572.88
I003150,2025-03-31,W04,Kolkata,East,P018,P018-15-W04,2024-07-01,2027-01-01,1539,1326,1219,3,1643,622,0,0,112331.91
I003151,2025-03-31,W04,Kolkata,East,P019,P019-15-W04,2024-04-01,2026-04-01,2337,765,1058,13,2031,941,0,0,140992.02
I003152,2025-03-31,W04,Kolkata,East,P020,P020-15-W04,2024-04-01,2025-10-01,1670,18,576,3,1109,590,0,0,62414.52
I003153,2025-03-31,W04,Kolkata,East,P021,P021-15-W04,2024-01-01,2026-01-01,1170,250,1030,10,380,604,0,0,27633.6
I003154,2025-03-31,W04,Kolkata,East,P022,P022-15-W04,2024-07-01,2026-01-01,1794,127,990,15,916,691,0,0,71228.16
I003155,2025-03-31,W04,Kolkata,East,P023,P023-15-W04,2024-10-01,2027-04-01,1726,1210,487,14,2435,846,0,0,227769.9
I003156,2025-03-31,W04,Kolkata,East,P024,P024-15-W04,2024-10-01,2026-10-01,562,1091,1653,0,0,509,4,0,0
I003157,2025-03-31,W04,Kolkata,East,P025,P025-15-W04,2024-04-01,2025-10-01,2295,750,1489,12,1544,635,0,0,23870.24
I003158,2025-03-31,W04,Kolkata,East,P026,P026-15-W04,2024-07-01,2026-01-01,1245,444,1665,0,24,957,0,0,613.92
I003159,2025-03-31,W04,Kolkata,East,P027,P027-15-W04,2024-10-01,2026-04-01,2367,871,1137,9,2092,750,0,0,71943.88
I003160,2025-03-31,W04,Kolkata,East,P028,P028-15-W04,2024-07-01,2027-01-01,939,266,877,13,315,605,0,0,14036.4
I003161,2025-03-31,W04,Kolkata,East,P029,P029-15-W04,2024-07-01,2027-07-01,2391,459,1096,9,1745,766,0,0,112465.25
I003162,2025-03-31,W04,Kolkata,East,P030,P030-15-W04,2024-04-01,2027-04-01,1365,42,1407,0,0,866,3,0,0
I003163,2025-03-31,W04,Kolkata,East,P031,P031-15-W04,2024-07-01,2027-07-01,940,100,630,15,395,793,0,0,23095.65
I003164,2025-03-31,W04,Kolkata,East,P032,P032-15-W04,2024-04-01,2026-10-01,1155,344,1497,2,0,886,2,0,0
I003165,2025-03-31,W04,Kolkata,East,P033,P033-15-W04,2024-07-01,2027-01-01,1915,1403,893,13,2412,601,0,0,169394.76
I003166,2025-03-31,W04,Kolkata,East,P034,P034-15-W04,2024-01-01,2025-07-01,1285,5,1020,5,265,639,0,0,17529.75
I003167,2025-03-31,W04,Kolkata,East,P035,P035-15-W04,2024-01-01,2026-07-01,509,1008,758,14,745,591,0,0,66319.9
I003168,2025-03-31,W04,Kolkata,East,P036,P036-15-W04,2024-07-01,2026-01-01,841,1075,779,15,1122,938,0,0,254570.58
I003169,2025-03-31,W05,Indore,Central,P001,P001-15-W05,2024-10-01,2027-10-01,1819,70,1068,9,812,922,0,0,16995.16
I003170,2025-03-31,W05,Indore,Central,P002,P002-15-W05,2024-07-01,2027-07-01,2245,1409,1371,11,2272,551,0,0,55186.88
I003171,2025-03-31,W05,Indore,Central,P003,P003-15-W05,2024-01-01,2026-01-01,2369,823,1343,16,1833,764,0,0,71047.08
I003172,2025-03-31,W05,Indore,Central,P004,P004-15-W05,2024-01-01,2025-07-01,661,1054,682,3,1030,734,0,0,36853.4
I003173,2025-03-31,W05,Indore,Central,P005,P005-15-W05,2024-10-01,2027-04-01,1602,880,611,8,1863,991,0,0,84803.76
I003174,2025-03-31,W05,Indore,Central,P006,P006-15-W05,2024-04-01,2025-10-01,1785,275,1158,12,890,977,0,0,51646.7
I003175,2025-03-31,W05,Indore,Central,P007,P007-15-W05,2024-10-01,2026-04-01,2400,1452,1146,4,2702,751,0,0,169955.8
I003176,2025-03-31,W05,Indore,Central,P008,P008-15-W05,2024-01-01,2026-07-01,1604,449,499,1,1553,614,0,0,99516.24
I003177,2025-03-31,W05,Indore,Central,P009,P009-15-W05,2024-07-01,2026-01-01,2129,1314,1728,4,1711,617,0,0,110650.37
I003178,2025-03-31,W05,Indore,Central,P010,P010-15-W05,2024-07-01,2027-07-01,469,733,1202,0,0,645,3,0,0
I003179,2025-03-31,W05,Indore,Central,P011,P011-15-W05,2024-07-01,2027-01-01,2100,192,1781,7,504,598,0,0,47688.48
I003180,2025-03-31,W05,Indore,Central,P012,P012-15-W05,2024-07-01,2027-07-01,1970,398,1621,8,739,518,0,0,164205.8
I003181,2025-03-31,W05,Indore,Central,P013,P013-15-W05,2024-01-01,2025-07-01,2370,79,577,1,1871,572,0,0,50966.04
I003182,2025-03-31,W05,Indore,Central,P014,P014-15-W05,2024-01-01,2025-07-01,2585,17,1321,6,1275,941,0,0,32308.5
I003183,2025-03-31,W05,Indore,Central,P015,P015-15-W05,2024-04-01,2027-04-01,989,1105,1777,5,312,714,0,0,8860.8
I003184,2025-03-31,W05,Indore,Central,P016,P016-15-W05,2024-10-01,2027-04-01,406,626,1032,0,0,965,6,0,0
I003185,2025-03-31,W05,Indore,Central,P017,P017-15-W05,2024-04-01,2026-10-01,1597,351,1870,6,72,630,0,0,3543.84
I003186,2025-03-31,W05,Indore,Central,P018,P018-15-W05,2024-10-01,2027-04-01,1201,641,1373,10,459,562,0,0,31381.83
I003187,2025-03-31,W05,Indore,Central,P019,P019-15-W05,2024-01-01,2026-01-01,2428,732,481,2,2677,793,0,0,185837.34
I003188,2025-03-31,W05,Indore,Central,P020,P020-15-W05,2024-10-01,2026-04-01,948,129,1077,0,0,994,12,0,0
I003189,2025-03-31,W05,Indore,Central,P021,P021-15-W05,2024-07-01,2026-07-01,612,1328,1286,2,652,784,0,0,47413.44
I003190,2025-03-31,W05,Indore,Central,P022,P022-15-W05,2024-07-01,2026-01-01,2279,6,1746,3,536,643,0,0,41679.36
I003191,2025-03-31,W05,Indore,Central,P023,P023-15-W05,2024-10-01,2027-04-01,1024,850,624,13,1237,676,0,0,115708.98
I003192,2025-03-31,W05,Indore,Central,P024,P024-15-W05,2024-04-01,2026-04-01,1475,914,817,9,1563,958,0,0,338483.28
I003193,2025-03-31,W05,Indore,Central,P025,P025-15-W05,2024-10-01,2026-04-01,2093,243,973,9,1354,764,0,0,20932.84
I003194,2025-03-31,W05,Indore,Central,P026,P026-15-W05,2024-04-01,2025-10-01,602,1482,698,9,1377,551,0,0,35223.66
I003195,2025-03-31,W05,Indore,Central,P027,P027-15-W05,2024-07-01,2026-01-01,2218,169,1061,10,1316,619,0,0,45257.24
I003196,2025-03-31,W05,Indore,Central,P028,P028-15-W05,2024-01-01,2026-07-01,1897,681,503,3,2072,615,0,0,92328.32
I003197,2025-03-31,W05,Indore,Central,P029,P029-15-W05,2024-07-01,2027-07-01,884,708,1592,0,0,960,10,0,0
I003198,2025-03-31,W05,Indore,Central,P030,P030-15-W05,2024-01-01,2027-01-01,1362,1210,451,5,2116,514,0,0,131996.08
I003199,2025-03-31,W05,Indore,Central,P031,P031-15-W05,2024-07-01,2027-07-01,1545,1263,1434,3,1371,542,0,0,80162.37
I003200,2025-03-31,W05,Indore,Central,P032,P032-15-W05,2024-10-01,2027-04-01,1950,739,738,5,1946,684,0,0,100510.9
I003201,2025-03-31,W05,Indore,Central,P033,P033-15-W05,2024-01-01,2026-07-01,1138,556,536,13,1145,994,0,0,80413.35
I003202,2025-03-31,W05,Indore,Central,P034,P034-15-W05,2024-01-01,2025-07-01,1083,1043,1302,3,821,971,0,0,54309.15
I003203,2025-03-31,W05,Indore,Central,P035,P035-15-W05,2024-01-01,2026-07-01,802,1274,991,7,1078,630,0,0,95963.56
I003204,2025-03-31,W05,Indore,Central,P036,P036-15-W05,2024-04-01,2025-10-01,984,1403,1007,11,1369,590,0,0,310612.41
I003205,2025-03-31,W06,Hyderabad,South,P001,P001-15-W06,2024-10-01,2027-10-01,2228,477,1230,2,1473,955,0,0,30829.89
I003206,2025-03-31,W06,Hyderabad,South,P002,P002-15-W06,2024-10-01,2027-10-01,737,1261,1541,13,444,822,0,0,10784.76
I003207,2025-03-31,W06,Hyderabad,South,P003,P003-15-W06,2024-10-01,2026-10-01,745,370,1115,0,0,662,3,0,0
I003208,2025-03-31,W06,Hyderabad,South,P004,P004-15-W06,2024-04-01,2025-10-01,1455,790,1598,10,637,555,0,0,22791.86
I003209,2025-03-31,W06,Hyderabad,South,P005,P005-15-W06,2024-07-01,2027-01-01,1312,1154,495,6,1965,971,0,0,89446.8
I003210,2025-03-31,W06,Hyderabad,South,P006,P006-15-W06,2024-04-01,2025-10-01,1262,1286,958,15,1575,519,0,0,91397.25
I003211,2025-03-31,W06,Hyderabad,South,P007,P007-15-W06,2024-10-01,2026-04-01,628,84,712,0,0,544,2,0,0
I003212,2025-03-31,W06,Hyderabad,South,P008,P008-15-W06,2024-10-01,2027-04-01,1170,207,1377,0,0,703,4,0,0
I003213,2025-03-31,W06,Hyderabad,South,P009,P009-15-W06,2024-10-01,2026-04-01,1511,32,1173,9,361,619,0,0,23345.87
I003214,2025-03-31,W06,Hyderabad,South,P010,P010-15-W06,2024-01-01,2027-01-01,998,521,1310,10,199,835,0,0,14724.01
I003215,2025-03-31,W06,Hyderabad,South,P011,P011-15-W06,2024-04-01,2026-10-01,639,1393,1604,9,419,661,0,0,39645.78
I003216,2025-03-31,W06,Hyderabad,South,P012,P012-15-W06,2024-04-01,2027-04-01,1374,320,1096,6,592,972,0,0,131542.4
I003217,2025-03-31,W06,Hyderabad,South,P013,P013-15-W06,2024-10-01,2026-04-01,2588,1013,1090,16,2495,584,0,0,67963.8
I003218,2025-03-31,W06,Hyderabad,South,P014,P014-15-W06,2024-04-01,2025-10-01,2377,765,1546,3,1593,682,0,0,40366.62
I003219,2025-03-31,W06,Hyderabad,South,P015,P015-15-W06,2024-04-01,2027-04-01,1031,858,729,2,1158,644,0,0,32887.2
I003220,2025-03-31,W06,Hyderabad,South,P016,P016-15-W06,2024-10-01,2027-04-01,2418,420,1579,8,1251,568,0,0,60598.44
I003221,2025-03-31,W06,Hyderabad,South,P017,P017-15-W06,2024-07-01,2027-01-01,2224,284,489,13,2006,800,0,0,98735.32
I003222,2025-03-31,W06,Hyderabad,South,P018,P018-15-W06,2024-07-01,2027-01-01,2043,1353,1588,11,1797,916,0,0,122860.89
I003223,2025-03-31,W06,Hyderabad,South,P019,P019-15-W06,2024-04-01,2026-04-01,520,1069,669,3,917,820,0,0,63658.14
I003224,2025-03-31,W06,Hyderabad,South,P020,P020-15-W06,2024-04-01,2025-10-01,767,315,1082,0,0,801,3,0,0
I003225,2025-03-31,W06,Hyderabad,South,P021,P021-15-W06,2024-10-01,2026-10-01,2075,902,1217,14,1746,892,0,0,126969.12
I003226,2025-03-31,W06,Hyderabad,South,P022,P022-15-W06,2024-04-01,2025-10-01,2027,262,1234,1,1054,611,0,0,81959.04
I003227,2025-03-31,W06,Hyderabad,South,P023,P023-15-W06,2024-01-01,2026-07-01,1067,771,1437,12,389,709,0,0,36387.06
I003228,2025-03-31,W06,Hyderabad,South,P024,P024-15-W06,2024-07-01,2026-07-01,2217,925,1621,4,1517,612,0,0,328521.52
I003229,2025-03-31,W06,Hyderabad,South,P025,P025-15-W06,2024-04-01,2025-10-01,1501,54,493,1,1061,724,0,0,16403.06
I003230,2025-03-31,W06,Hyderabad,South,P026,P026-15-W06,2024-07-01,2026-01-01,1601,678,686,8,1585,816,0,0,40544.3
I003231,2025-03-31,W06,Hyderabad,South,P027,P027-15-W06,2024-10-01,2026-04-01,1749,727,1595,12,869,896,0,0,29884.91
I003232,2025-03-31,W06,Hyderabad,South,P028,P028-15-W06,2024-04-01,2026-10-01,2013,493,1936,14,556,578,0,0,24775.36
I003233,2025-03-31,W06,Hyderabad,South,P029,P029-15-W06,2024-01-01,2027-01-01,1092,488,811,7,762,930,0,0,49110.9
I003234,2025-03-31,W06,Hyderabad,South,P030,P030-15-W06,2024-04-01,2027-04-01,1621,423,1133,8,903,845,0,0,56329.14
I003235,2025-03-31,W06,Hyderabad,South,P031,P031-15-W06,2024-07-01,2027-07-01,449,1374,567,11,1245,939,0,0,72795.15
I003236,2025-03-31,W06,Hyderabad,South,P032,P032-15-W06,2024-04-01,2026-10-01,1236,296,1320,4,208,582,0,0,10743.2
I003237,2025-03-31,W06,Hyderabad,South,P033,P033-15-W06,2024-10-01,2027-04-01,650,293,943,0,0,762,12,0,0
I003238,2025-03-31,W06,Hyderabad,South,P034,P034-15-W06,2024-10-01,2026-04-01,1251,454,910,8,787,764,0,0,52060.05
I003239,2025-03-31,W06,Hyderabad,South,P035,P035-15-W06,2024-01-01,2026-07-01,2000,1247,1665,12,1570,753,0,0,139761.4
I003240,2025-03-31,W06,Hyderabad,South,P036,P036-15-W06,2024-07-01,2026-01-01,1137,261,1398,0,0,808,10,0,0
I003241,2025-04-30,W01,Delhi,North,P001,P001-16-W01,2024-02-01,2027-02-01,570,116,686,0,0,894,8,0,0
I003242,2025-04-30,W01,Delhi,North,P002,P002-16-W01,2024-02-01,2027-02-01,1862,20,1378,3,501,677,0,0,12169.29
I003243,2025-04-30,W01,Delhi,North,P003,P003-16-W01,2024-08-01,2026-08-01,508,1134,736,15,891,773,0,0,34535.16
I003244,2025-04-30,W01,Delhi,North,P004,P004-16-W01,2024-05-01,2025-11-01,2078,845,1375,11,1537,677,0,0,54993.86
I003245,2025-04-30,W01,Delhi,North,P005,P005-16-W01,2024-08-01,2027-02-01,1191,39,1230,0,0,664,3,0,0
I003246,2025-04-30,W01,Delhi,North,P006,P006-16-W01,2024-11-01,2026-05-01,1763,1091,1579,4,1271,653,0,0,73756.13
I003247,2025-04-30,W01,Delhi,North,P007,P007-16-W01,2024-02-01,2025-08-01,753,428,1181,0,0,701,2,0,0
I003248,2025-04-30,W01,Delhi,North,P008,P008-16-W01,2024-08-01,2027-02-01,635,749,675,9,700,788,0,0,44856
I003249,2025-04-30,W01,Delhi,North,P009,P009-16-W01,2024-08-01,2026-02-01,441,129,473,9,88,878,0,0,5690.96
I003250,2025-04-30,W01,Delhi,North,P010,P010-16-W01,2024-11-01,2027-11-01,1200,1352,1343,6,1203,562,0,0,89009.97
I003251,2025-04-30,W01,Delhi,North,P011,P011-16-W01,2024-11-01,2027-05-01,2450,724,843,10,2321,595,0,0,219613.02
I003252,2025-04-30,W01,Delhi,North,P012,P012-16-W01,2024-02-01,2027-02-01,1916,1332,767,3,2478,868,0,0,550611.6
I003253,2025-04-30,W01,Delhi,North,P013,P013-16-W01,2024-02-01,2025-08-01,764,286,837,13,200,624,0,0,5448
I003254,2025-04-30,W01,Delhi,North,P014,P014-16-W01,2024-08-01,2026-02-01,932,621,1478,9,66,542,0,0,1672.44
I003255,2025-04-30,W01,Delhi,North,P015,P015-16-W01,2024-11-01,2027-11-01,2183,1014,1817,5,1375,613,0,0,39050
I003256,2025-04-30,W01,Delhi,North,P016,P016-16-W01,2024-02-01,2026-08-01,1698,1105,936,12,1855,656,0,0,89856.2
I003257,2025-04-30,W01,Delhi,North,P017,P017-16-W01,2024-05-01,2026-11-01,1856,1282,1812,11,1315,993,0,0,64724.3
I003258,2025-04-30,W01,Delhi,North,P018,P018-16-W01,2024-08-01,2027-02-01,967,795,1762,0,0,734,6,0,0
I003259,2025-04-30,W01,Delhi,North,P019,P019-16-W01,2024-05-01,2026-05-01,2094,1023,897,2,2218,996,0,0,153973.56
I003260,2025-04-30,W01,Delhi,North,P020,P020-16-W01,2024-08-01,2026-02-01,1905,13,703,9,1206,517,0,0,67873.68
I003261,2025-04-30,W01,Delhi,North,P021,P021-16-W01,2024-11-01,2026-11-01,2295,858,585,8,2560,981,0,0,186163.2
I003262,2025-04-30,W01,Delhi,North,P022,P022-16-W01,2024-05-01,2025-11-01,2412,516,1008,12,1908,705,0,0,148366.08
I003263,2025-04-30,W01,Delhi,North,P023,P023-16-W01,2024-02-01,2026-08-01,532,298,830,0,0,835,7,0,0
I003264,2025-04-30,W01,Delhi,North,P024,P024-16-W01,2024-11-01,2026-11-01,1654,250,1277,13,614,859,0,0,132967.84
I003265,2025-04-30,W01,Delhi,North,P025,P025-16-W01,2024-02-01,2025-08-01,1217,379,795,2,799,988,0,0,12352.54
I003266,2025-04-30,W01,Delhi,North,P026,P026-16-W01,2024-08-01,2026-02-01,1959,1323,726,15,2541,743,0,0,64998.78
I003267,2025-04-30,W01,Delhi,North,P027,P027-16-W01,2024-02-01,2025-08-01,539,320,494,12,353,941,0,0,12139.67
I003268,2025-04-30,W01,Delhi,North,P028,P028-16-W01,2024-05-01,2026-11-01,873,583,1071,12,373,761,0,0,16620.88
I003269,2025-04-30,W01,Delhi,North,P029,P029-16-W01,2024-08-01,2027-08-01,962,1129,1011,4,1076,510,0,0,69348.2
I003270,2025-04-30,W01,Delhi,North,P030,P030-16-W01,2024-05-01,2027-05-01,766,1209,1313,4,658,872,0,0,41046.04
I003271,2025-04-30,W01,Delhi,North,P031,P031-16-W01,2024-08-01,2027-08-01,1940,338,958,9,1311,902,0,0,76654.17
I003272,2025-04-30,W01,Delhi,North,P032,P032-16-W01,2024-02-01,2026-08-01,902,1317,1354,6,859,825,0,0,44367.35
I003273,2025-04-30,W01,Delhi,North,P033,P033-16-W01,2024-11-01,2027-05-01,2349,18,1514,10,843,886,0,0,59203.89
I003274,2025-04-30,W01,Delhi,North,P034,P034-16-W01,2024-02-01,2025-08-01,1127,9,585,3,548,739,0,0,36250.2
I003275,2025-04-30,W01,Delhi,North,P035,P035-16-W01,2024-05-01,2026-11-01,2101,69,742,5,1423,709,0,0,126675.46
I003276,2025-04-30,W01,Delhi,North,P036,P036-16-W01,2024-05-01,2025-11-01,870,249,1024,3,92,574,0,0,20873.88
I003277,2025-04-30,W02,Mumbai,West,P001,P001-16-W02,2024-05-01,2027-05-01,571,83,654,0,0,669,4,0,0
I003278,2025-04-30,W02,Mumbai,West,P002,P002-16-W02,2024-11-01,2027-11-01,840,18,858,0,0,909,3,0,0
I003279,2025-04-30,W02,Mumbai,West,P003,P003-16-W02,2024-11-01,2026-11-01,1466,985,1199,6,1246,699,0,0,48294.96
I003280,2025-04-30,W02,Mumbai,West,P004,P004-16-W02,2024-05-01,2025-11-01,428,996,1424,0,0,903,9,0,0
I003281,2025-04-30,W02,Mumbai,West,P005,P005-16-W02,2024-02-01,2026-08-01,2493,999,1017,10,2465,526,0,0,112206.8
I003282,2025-04-30,W02,Mumbai,West,P006,P006-16-W02,2024-11-01,2026-05-01,2394,208,1720,8,874,919,0,0,50718.22
I003283,2025-04-30,W02,Mumbai,West,P007,P007-16-W02,2024-08-01,2026-02-01,1217,449,1666,0,0,570,10,0,0
I003284,2025-04-30,W02,Mumbai,West,P008,P008-16-W02,2024-05-01,2026-11-01,501,258,759,0,0,771,6,0,0
I003285,2025-04-30,W02,Mumbai,West,P009,P009-16-W02,2024-05-01,2025-11-01,2000,1057,569,7,2481,900,0,0,160446.27
I003286,2025-04-30,W02,Mumbai,West,P010,P010-16-W02,2024-08-01,2027-08-01,1422,314,1273,15,448,697,0,0,33147.52
I003287,2025-04-30,W02,Mumbai,West,P011,P011-16-W02,2024-05-01,2026-11-01,1356,934,1683,12,595,822,0,0,56298.9
I003288,2025-04-30,W02,Mumbai,West,P012,P012-16-W02,2024-05-01,2027-05-01,1786,828,1825,3,786,908,0,0,174649.2
I003289,2025-04-30,W02,Mumbai,West,P013,P013-16-W02,2024-11-01,2026-05-01,556,1075,1002,8,621,765,0,0,16916.04
I003290,2025-04-30,W02,Mumbai,West,P014,P014-16-W02,2024-05-01,2025-11-01,1015,499,1117,6,391,712,0,0,9907.94
I003291,2025-04-30,W02,Mumbai,West,P015,P015-16-W02,2024-02-01,2027-02-01,928,1235,785,11,1367,823,0,0,38822.8
I003292,2025-04-30,W02,Mumbai,West,P016,P016-16-W02,2024-08-01,2027-02-01,1114,374,1301,8,179,866,0,0,8670.76
I003293,2025-04-30,W02,Mumbai,West,P017,P017-16-W02,2024-02-01,2026-08-01,1163,88,602,5,644,632,0,0,31697.68
I003294,2025-04-30,W02,Mumbai,West,P018,P018-16-W02,2024-08-01,2027-02-01,735,852,972,13,602,695,0,0,41158.74
I003295,2025-04-30,W02,Mumbai,West,P019,P019-16-W02,2024-11-01,2026-11-01,2189,874,1364,6,1693,866,0,0,117528.06
I003296,2025-04-30,W02,Mumbai,West,P020,P020-16-W02,2024-02-01,2025-08-01,2279,1189,1545,9,1914,913,0,0,107719.92
I003297,2025-04-30,W02,Mumbai,West,P021,P021-16-W02,2024-11-01,2026-11-01,2210,942,1803,14,1335,843,0,0,97081.2
I003298,2025-04-30,W02,Mumbai,West,P022,P022-16-W02,2024-11-01,2026-05-01,960,236,1196,0,0,869,6,0,0
I003299,2025-04-30,W02,Mumbai,West,P023,P023-16-W02,2024-05-01,2026-11-01,2520,799,791,2,2526,700,0,0,236282.04
I003300,2025-04-30,W02,Mumbai,West,P024,P024-16-W02,2024-11-01,2026-11-01,2018,852,1573,4,1293,951,0,0,280012.08
I003301,2025-04-30,W02,Mumbai,West,P025,P025-16-W02,2024-02-01,2025-08-01,898,1482,1559,1,820,686,0,0,12677.2
I003302,2025-04-30,W02,Mumbai,West,P026,P026-16-W02,2024-05-01,2025-11-01,873,649,1232,8,282,701,0,0,7213.56
I003303,2025-04-30,W02,Mumbai,West,P027,P027-16-W02,2024-08-01,2026-02-01,2113,971,933,3,2148,981,0,0,73869.72
I003304,2025-04-30,W02,Mumbai,West,P028,P028-16-W02,2024-11-01,2027-05-01,1800,1409,930,7,2272,787,0,0,101240.32
I003305,2025-04-30,W02,Mumbai,West,P029,P029-16-W02,2024-08-01,2027-08-01,444,206,650,0,0,837,9,0,0
I003306,2025-04-30,W02,Mumbai,West,P030,P030-16-W02,2024-08-01,2027-08-01,798,630,857,4,567,973,0,0,35369.46
I003307,2025-04-30,W02,Mumbai,West,P031,P031-16-W02,2024-11-01,2027-11-01,1129,1039,503,2,1663,938,0,0,97235.61
I003308,2025-04-30,W02,Mumbai,West,P032,P032-16-W02,2024-11-01,2027-05-01,1862,971,1566,11,1256,759,0,0,64872.4
I003309,2025-04-30,W02,Mumbai,West,P033,P033-16-W02,2024-05-01,2026-11-01,1429,168,807,7,783,680,0,0,54990.09
I003310,2025-04-30,W02,Mumbai,West,P034,P034-16-W02,2024-11-01,2026-05-01,609,1448,1637,1,419,591,0,0,27716.85
I003311,2025-04-30,W02,Mumbai,West,P035,P035-16-W02,2024-02-01,2026-08-01,672,1344,1480,6,530,989,0,0,47180.6
I003312,2025-04-30,W02,Mumbai,West,P036,P036-16-W02,2024-02-01,2025-08-01,616,1218,1679,15,140,696,0,0,31764.6
I003313,2025-04-30,W03,Bengaluru,South,P001,P001-16-W03,2024-05-01,2027-05-01,467,326,793,0,0,979,1,0,0
I003314,2025-04-30,W03,Bengaluru,South,P002,P002-16-W03,2024-02-01,2027-02-01,1748,912,543,12,2105,599,0,0,51130.45
I003315,2025-04-30,W03,Bengaluru,South,P003,P003-16-W03,2024-11-01,2026-11-01,965,523,661,2,825,780,0,0,31977
I003316,2025-04-30,W03,Bengaluru,South,P004,P004-16-W03,2024-11-01,2026-05-01,697,1073,1179,7,584,525,0,0,20895.52
I003317,2025-04-30,W03,Bengaluru,South,P005,P005-16-W03,2024-08-01,2027-02-01,1974,226,1350,5,845,878,0,0,38464.4
I003318,2025-04-30,W03,Bengaluru,South,P006,P006-16-W03,2024-08-01,2026-02-01,1739,526,1650,8,607,554,0,0,35224.21
I003319,2025-04-30,W03,Bengaluru,South,P007,P007-16-W03,2024-02-01,2025-08-01,1834,737,1690,0,881,942,0,0,55414.9
I003320,2025-04-30,W03,Bengaluru,South,P008,P008-16-W03,2024-02-01,2026-08-01,2139,1416,1347,2,2206,546,0,0,141360.48
I003321,2025-04-30,W03,Bengaluru,South,P009,P009-16-W03,2024-02-01,2025-08-01,1357,433,546,4,1240,868,0,0,80190.8
I003322,2025-04-30,W03,Bengaluru,South,P010,P010-16-W03,2024-02-01,2027-02-01,1240,1351,1908,11,672,936,0,0,49721.28
I003323,2025-04-30,W03,Bengaluru,South,P011,P011-16-W03,2024-11-01,2027-05-01,2298,637,488,9,2438,895,0,0,230683.56
I003324,2025-04-30,W03,Bengaluru,South,P012,P012-16-W03,2024-02-01,2027-02-01,1467,415,1104,8,770,518,0,0,171094
I003325,2025-04-30,W03,Bengaluru,South,P013,P013-16-W03,2024-02-01,2025-08-01,2035,1237,1729,1,1542,817,0,0,42004.08
I003326,2025-04-30,W03,Bengaluru,South,P014,P014-16-W03,2024-08-01,2026-02-01,416,533,578,10,361,769,0,0,9147.74
I003327,2025-04-30,W03,Bengaluru,South,P015,P015-16-W03,2024-08-01,2027-08-01,1467,230,1288,13,396,692,0,0,11246.4
I003328,2025-04-30,W03,Bengaluru,South,P016,P016-16-W03,2024-05-01,2026-11-01,833,545,536,10,832,682,0,0,40302.08
I003329,2025-04-30,W03,Bengaluru,South,P017,P017-16-W03,2024-08-01,2027-02-01,1480,725,1397,2,806,855,0,0,39671.32
I003330,2025-04-30,W03,Bengaluru,South,P018,P018-16-W03,2024-11-01,2027-05-01,1993,1212,1304,16,1885,699,0,0,128877.45
I003331,2025-04-30,W03,Bengaluru,South,P019,P019-16-W03,2024-11-01,2026-11-01,1294,821,1519,13,583,598,0,0,40471.86
I003332,2025-04-30,W03,Bengaluru,South,P020,P020-16-W03,2024-05-01,2025-11-01,2556,256,590,1,2221,940,0,0,124997.88
I003333,2025-04-30,W03,Bengaluru,South,P021,P021-16-W03,2024-05-01,2026-05-01,1535,647,1247,2,933,570,0,0,67847.76
I003334,2025-04-30,W03,Bengaluru,South,P022,P022-16-W03,2024-08-01,2026-02-01,1548,1412,1150,3,1807,583,0,0,140512.32
I003335,2025-04-30,W03,Bengaluru,South,P023,P023-16-W03,2024-05-01,2026-11-01,2246,1234,1212,14,2254,528,0,0,210839.16
I003336,2025-04-30,W03,Bengaluru,South,P024,P024-16-W03,2024-11-01,2026-11-01,2219,343,1907,13,642,838,0,0,139031.52
I003337,2025-04-30,W03,Bengaluru,South,P025,P025-16-W03,2024-11-01,2026-05-01,1971,249,1506,8,706,717,0,0,10914.76
I003338,2025-04-30,W03,Bengaluru,South,P026,P026-16-W03,2024-08-01,2026-02-01,2128,645,1491,9,1273,612,0,0,32563.34
I003339,2025-04-30,W03,Bengaluru,South,P027,P027-16-W03,2024-08-01,2026-02-01,2435,510,505,3,2437,775,0,0,83808.43
I003340,2025-04-30,W03,Bengaluru,South,P028,P028-16-W03,2024-05-01,2026-11-01,1717,1038,1508,11,1236,575,0,0,55076.16
I003341,2025-04-30,W03,Bengaluru,South,P029,P029-16-W03,2024-02-01,2027-02-01,1868,1075,1854,3,1086,701,0,0,69992.7
I003342,2025-04-30,W03,Bengaluru,South,P030,P030-16-W03,2024-05-01,2027-05-01,414,236,650,0,0,957,12,0,0
I003343,2025-04-30,W03,Bengaluru,South,P031,P031-16-W03,2024-11-01,2027-11-01,1956,1286,1663,0,1579,560,0,0,92324.13
I003344,2025-04-30,W03,Bengaluru,South,P032,P032-16-W03,2024-02-01,2026-08-01,868,364,1232,0,0,704,3,0,0
I003345,2025-04-30,W03,Bengaluru,South,P033,P033-16-W03,2024-11-01,2027-05-01,1122,974,1506,4,586,775,0,0,41154.78
I003346,2025-04-30,W03,Bengaluru,South,P034,P034-16-W03,2024-11-01,2026-05-01,1781,889,1815,4,851,893,0,0,56293.65
I003347,2025-04-30,W03,Bengaluru,South,P035,P035-16-W03,2024-05-01,2026-11-01,1395,922,604,12,1701,852,0,0,151423.02
I003348,2025-04-30,W03,Bengaluru,South,P036,P036-16-W03,2024-08-01,2026-02-01,1231,932,1675,11,477,666,0,0,108226.53
I003349,2025-04-30,W04,Kolkata,East,P001,P001-16-W04,2024-02-01,2027-02-01,474,336,810,0,0,748,9,0,0
I003350,2025-04-30,W04,Kolkata,East,P002,P002-16-W04,2024-02-01,2027-02-01,2034,968,1650,12,1340,756,0,0,32548.6
I003351,2025-04-30,W04,Kolkata,East,P003,P003-16-W04,2024-11-01,2026-11-01,817,1395,864,5,1343,723,0,0,52054.68
I003352,2025-04-30,W04,Kolkata,East,P004,P004-16-W04,2024-11-01,2026-05-01,741,606,678,3,666,758,0,0,23829.48
I003353,2025-04-30,W04,Kolkata,East,P005,P005-16-W04,2024-08-01,2027-02-01,2237,461,1292,8,1398,527,0,0,63636.96
I003354,2025-04-30,W04,Kolkata,East,P006,P006-16-W04,2024-05-01,2025-11-01,2251,1202,1639,14,1800,880,0,0,104454
I003355,2025-04-30,W04,Kolkata,East,P007,P007-16-W04,2024-08-01,2026-02-01,1161,1132,1056,12,1225,591,0,0,77052.5
I003356,2025-04-30,W04,Kolkata,East,P008,P008-16-W04,2024-11-01,2027-05-01,1031,1408,1119,5,1315,904,0,0,84265.2
I003357,2025-04-30,W04,Kolkata,East,P009,P009-16-W04,2024-11-01,2026-05-01,617,1267,1247,14,623,925,0,0,40289.41
I003358,2025-04-30,W04,Kolkata,East,P010,P010-16-W04,2024-02-01,2027-02-01,1726,1290,1030,10,1976,939,0,0,146204.24
I003359,2025-04-30,W04,Kolkata,East,P011,P011-16-W04,2024-02-01,2026-08-01,1605,355,1342,4,614,727,0,0,58096.68
I003360,2025-04-30,W04,Kolkata,East,P012,P012-16-W04,2024-05-01,2027-05-01,1881,1287,1566,14,1588,980,0,0,352853.6
I003361,2025-04-30,W04,Kolkata,East,P013,P013-16-W04,2024-08-01,2026-02-01,1302,300,454,7,1141,954,0,0,31080.84
I003362,2025-04-30,W04,Kolkata,East,P014,P014-16-W04,2024-05-01,2025-11-01,799,1083,1222,12,648,637,0,0,16420.32
I003363,2025-04-30,W04,Kolkata,East,P015,P015-16-W04,2024-02-01,2027-02-01,670,385,1055,0,0,967,9,0,0
I003364,2025-04-30,W04,Kolkata,East,P016,P016-16-W04,2024-02-01,2026-08-01,1165,1127,1004,15,1273,809,0,0,61664.12
I003365,2025-04-30,W04,Kolkata,East,P017,P017-16-W04,2024-05-01,2026-11-01,2571,189,1433,7,1320,653,0,0,64970.4
I003366,2025-04-30,W04,Kolkata,East,P018,P018-16-W04,2024-08-01,2027-02-01,1235,1019,464,13,1777,849,0,0,121493.49
I003367,2025-04-30,W04,Kolkata,East,P019,P019-16-W04,2024-05-01,2026-05-01,1055,516,1571,0,0,582,11,0,0
I003368,2025-04-30,W04,Kolkata,East,P020,P020-16-W04,2024-05-01,2025-11-01,1953,57,932,12,1066,856,0,0,59994.48
I003369,2025-04-30,W04,Kolkata,East,P021,P021-16-W04,2024-05-01,2026-05-01,1635,1333,525,10,2433,994,0,0,176927.76
I003370,2025-04-30,W04,Kolkata,East,P022,P022-16-W04,2024-08-01,2026-02-01,1669,1449,621,8,2489,510,0,0,193544.64
I003371,2025-04-30,W04,Kolkata,East,P023,P023-16-W04,2024-08-01,2027-02-01,1047,1138,1593,11,581,792,0,0,54346.74
I003372,2025-04-30,W04,Kolkata,East,P024,P024-16-W04,2024-11-01,2026-11-01,733,306,743,9,287,659,0,0,62152.72
I003373,2025-04-30,W04,Kolkata,East,P025,P025-16-W04,2024-11-01,2026-05-01,1816,729,1451,5,1089,951,0,0,16835.94
I003374,2025-04-30,W04,Kolkata,East,P026,P026-16-W04,2024-05-01,2025-11-01,1568,1381,670,1,2278,827,0,0,58271.24
I003375,2025-04-30,W04,Kolkata,East,P027,P027-16-W04,2024-08-01,2026-02-01,2444,663,1197,13,1897,918,0,0,65237.83
I003376,2025-04-30,W04,Kolkata,East,P028,P028-16-W04,2024-05-01,2026-11-01,1574,1260,1911,9,914,504,0,0,40727.84
I003377,2025-04-30,W04,Kolkata,East,P029,P029-16-W04,2024-08-01,2027-08-01,2315,151,1734,14,718,795,0,0,46275.1
I003378,2025-04-30,W04,Kolkata,East,P030,P030-16-W04,2024-11-01,2027-11-01,2031,15,700,4,1342,702,0,0,83713.96
I003379,2025-04-30,W04,Kolkata,East,P031,P031-16-W04,2024-08-01,2027-08-01,1901,261,1620,7,535,772,0,0,31281.45
I003380,2025-04-30,W04,Kolkata,East,P032,P032-16-W04,2024-08-01,2027-02-01,1730,1276,1682,7,1317,714,0,0,68023.05
I003381,2025-04-30,W04,Kolkata,East,P033,P033-16-W04,2024-08-01,2027-02-01,1922,25,849,10,1088,676,0,0,76410.24
I003382,2025-04-30,W04,Kolkata,East,P034,P034-16-W04,2024-02-01,2025-08-01,1159,28,1187,0,0,806,5,0,0
I003383,2025-04-30,W04,Kolkata,East,P035,P035-16-W04,2024-05-01,2026-11-01,1428,2,1430,0,0,640,12,0,0
I003384,2025-04-30,W04,Kolkata,East,P036,P036-16-W04,2024-05-01,2025-11-01,997,747,1089,11,644,811,0,0,146117.16
I003385,2025-04-30,W05,Indore,Central,P001,P001-16-W05,2024-05-01,2027-05-01,2089,824,1495,8,1410,645,0,0,29511.3
I003386,2025-04-30,W05,Indore,Central,P002,P002-16-W05,2024-05-01,2027-05-01,1036,1007,1733,15,295,755,0,0,7165.55
I003387,2025-04-30,W05,Indore,Central,P003,P003-16-W05,2024-02-01,2026-02-01,1018,352,1370,0,0,725,3,0,0
I003388,2025-04-30,W05,Indore,Central,P004,P004-16-W05,2024-08-01,2026-02-01,2332,1215,1799,11,1737,749,0,0,62149.86
I003389,2025-04-30,W05,Indore,Central,P005,P005-16-W05,2024-02-01,2026-08-01,730,1094,787,0,1037,916,0,0,47204.24
I003390,2025-04-30,W05,Indore,Central,P006,P006-16-W05,2024-11-01,2026-05-01,1433,1261,1480,9,1205,950,0,0,69926.15
I003391,2025-04-30,W05,Indore,Central,P007,P007-16-W05,2024-02-01,2025-08-01,2106,653,900,4,1855,659,0,0,116679.5
I003392,2025-04-30,W05,Indore,Central,P008,P008-16-W05,2024-11-01,2027-05-01,495,1348,985,0,858,838,0,0,54980.64
I003393,2025-04-30,W05,Indore,Central,P009,P009-16-W05,2024-05-01,2025-11-01,1275,1276,1040,15,1496,701,0,0,96746.32
I003394,2025-04-30,W05,Indore,Central,P010,P010-16-W05,2024-05-01,2027-05-01,1286,188,1474,0,0,732,5,0,0
I003395,2025-04-30,W05,Indore,Central,P011,P011-16-W05,2024-08-01,2027-02-01,2159,153,971,0,1341,648,0,0,126885.42
I003396,2025-04-30,W05,Indore,Central,P012,P012-16-W05,2024-08-01,2027-08-01,2382,773,662,8,2485,897,0,0,552167
I003397,2025-04-30,W05,Indore,Central,P013,P013-16-W05,2024-11-01,2026-05-01,2105,982,1744,15,1328,525,0,0,36174.72
I003398,2025-04-30,W05,Indore,Central,P014,P014-16-W05,2024-05-01,2025-11-01,1819,1141,460,2,2498,661,0,0,63299.32
I003399,2025-04-30,W05,Indore,Central,P015,P015-16-W05,2024-11-01,2027-11-01,1427,223,1154,15,481,878,0,0,13660.4
I003400,2025-04-30,W05,Indore,Central,P016,P016-16-W05,2024-11-01,2027-05-01,613,343,672,9,275,820,0,0,13321
I003401,2025-04-30,W05,Indore,Central,P017,P017-16-W05,2024-08-01,2027-02-01,2276,991,1784,15,1468,811,0,0,72254.96
I003402,2025-04-30,W05,Indore,Central,P018,P018-16-W05,2024-11-01,2027-05-01,528,679,919,12,276,706,0,0,18870.12
I003403,2025-04-30,W05,Indore,Central,P019,P019-16-W05,2024-08-01,2026-08-01,2529,987,758,8,2750,634,0,0,190905
I003404,2025-04-30,W05,Indore,Central,P020,P020-16-W05,2024-11-01,2026-05-01,2250,1122,1051,9,2312,743,0,0,130119.36
I003405,2025-04-30,W05,Indore,Central,P021,P021-16-W05,2024-11-01,2026-11-01,1964,561,1305,2,1218,838,0,0,88572.96
I003406,2025-04-30,W05,Indore,Central,P022,P022-16-W05,2024-11-01,2026-05-01,2373,91,532,8,1924,645,0,0,149610.24
I003407,2025-04-30,W05,Indore,Central,P023,P023-16-W05,2024-08-01,2027-02-01,1050,124,465,8,701,749,0,0,65571.54
I003408,2025-04-30,W05,Indore,Central,P024,P024-16-W05,2024-11-01,2026-11-01,1209,394,1264,11,328,628,0,0,71031.68
I003409,2025-04-30,W05,Indore,Central,P025,P025-16-W05,2024-02-01,2025-08-01,850,645,1268,2,225,656,0,0,3478.5
I003410,2025-04-30,W05,Indore,Central,P026,P026-16-W05,2024-11-01,2026-05-01,1580,1044,910,12,1702,975,0,0,43537.16
I003411,2025-04-30,W05,Indore,Central,P027,P027-16-W05,2024-05-01,2025-11-01,2078,383,643,2,1816,851,0,0,62452.24
I003412,2025-04-30,W05,Indore,Central,P028,P028-16-W05,2024-11-01,2027-05-01,1319,1497,1622,14,1180,963,0,0,52580.8
I003413,2025-04-30,W05,Indore,Central,P029,P029-16-W05,2024-02-01,2027-02-01,1893,851,637,11,2096,629,0,0,135087.2
I003414,2025-04-30,W05,Indore,Central,P030,P030-16-W05,2024-11-01,2027-11-01,2539,780,965,3,2351,769,0,0,146655.38
I003415,2025-04-30,W05,Indore,Central,P031,P031-16-W05,2024-02-01,2027-02-01,780,900,921,14,745,934,0,0,43560.15
I003416,2025-04-30,W05,Indore,Central,P032,P032-16-W05,2024-11-01,2027-05-01,1880,1315,1195,7,1993,586,0,0,102938.45
I003417,2025-04-30,W05,Indore,Central,P033,P033-16-W05,2024-02-01,2026-08-01,1601,177,1448,11,319,952,0,0,22403.37
I003418,2025-04-30,W05,Indore,Central,P034,P034-16-W05,2024-02-01,2025-08-01,1313,646,1439,3,517,830,0,0,34199.55
I003419,2025-04-30,W05,Indore,Central,P035,P035-16-W05,2024-08-01,2027-02-01,1063,598,979,15,667,581,0,0,59376.34
I003420,2025-04-30,W05,Indore,Central,P036,P036-16-W05,2024-02-01,2025-08-01,405,1118,688,1,834,920,0,0,189226.26
I003421,2025-04-30,W06,Hyderabad,South,P001,P001-16-W06,2024-08-01,2027-08-01,785,834,1578,7,34,833,0,0,711.62
I003422,2025-04-30,W06,Hyderabad,South,P002,P002-16-W06,2024-11-01,2027-11-01,1919,486,887,12,1506,752,0,0,36580.74
I003423,2025-04-30,W06,Hyderabad,South,P003,P003-16-W06,2024-02-01,2026-02-01,1921,195,1063,3,1050,847,0,0,40698
I003424,2025-04-30,W06,Hyderabad,South,P004,P004-16-W06,2024-02-01,2025-08-01,1557,240,1293,16,488,613,0,0,17460.64
I003425,2025-04-30,W06,Hyderabad,South,P005,P005-16-W06,2024-02-01,2026-08-01,602,178,747,10,23,824,0,0,1046.96
I003426,2025-04-30,W06,Hyderabad,South,P006,P006-16-W06,2024-08-01,2026-02-01,1414,1367,1139,1,1641,890,0,0,95227.23
I003427,2025-04-30,W06,Hyderabad,South,P007,P007-16-W06,2024-08-01,2026-02-01,2073,1297,716,7,2647,798,0,0,166496.3
I003428,2025-04-30,W06,Hyderabad,South,P008,P008-16-W06,2024-02-01,2026-08-01,1467,1106,1008,13,1552,585,0,0,99452.16
I003429,2025-04-30,W06,Hyderabad,South,P009,P009-16-W06,2024-02-01,2025-08-01,1483,720,1731,16,456,817,0,0,29489.52
I003430,2025-04-30,W06,Hyderabad,South,P010,P010-16-W06,2024-02-01,2027-02-01,951,147,1098,0,0,732,4,0,0
I003431,2025-04-30,W06,Hyderabad,South,P011,P011-16-W06,2024-02-01,2026-08-01,1986,1281,1852,6,1409,899,0,0,133319.58
I003432,2025-04-30,W06,Hyderabad,South,P012,P012-16-W06,2024-11-01,2027-11-01,540,1466,1862,15,129,687,0,0,28663.8
I003433,2025-04-30,W06,Hyderabad,South,P013,P013-16-W06,2024-08-01,2026-02-01,1482,350,851,6,975,564,0,0,26559
I003434,2025-04-30,W06,Hyderabad,South,P014,P014-16-W06,2024-02-01,2025-08-01,2441,323,1055,6,1703,780,0,0,43154.02
I003435,2025-04-30,W06,Hyderabad,South,P015,P015-16-W06,2024-11-01,2027-11-01,1263,1365,1316,12,1300,613,0,0,36920
I003436,2025-04-30,W06,Hyderabad,South,P016,P016-16-W06,2024-11-01,2027-05-01,783,999,1234,0,548,937,0,0,26545.12
I003437,2025-04-30,W06,Hyderabad,South,P017,P017-16-W06,2024-11-01,2027-05-01,2575,1420,1928,3,2064,846,0,0,101590.08
I003438,2025-04-30,W06,Hyderabad,South,P018,P018-16-W06,2024-08-01,2027-02-01,599,417,1016,0,0,973,10,0,0
I003439,2025-04-30,W06,Hyderabad,South,P019,P019-16-W06,2024-05-01,2026-05-01,1909,678,1167,2,1418,657,0,0,98437.56
I003440,2025-04-30,W06,Hyderabad,South,P020,P020-16-W06,2024-05-01,2025-11-01,624,1388,1226,7,779,578,0,0,43842.12
I003441,2025-04-30,W06,Hyderabad,South,P021,P021-16-W06,2024-02-01,2026-02-01,2487,873,1902,8,1450,651,0,0,105444
I003442,2025-04-30,W06,Hyderabad,South,P022,P022-16-W06,2024-08-01,2026-02-01,1042,1147,689,6,1494,536,0,0,116173.44
I003443,2025-04-30,W06,Hyderabad,South,P023,P023-16-W06,2024-02-01,2026-08-01,2156,300,1557,7,892,969,0,0,83437.68
I003444,2025-04-30,W06,Hyderabad,South,P024,P024-16-W06,2024-02-01,2026-02-01,675,1463,1359,8,771,674,0,0,166967.76
I003445,2025-04-30,W06,Hyderabad,South,P025,P025-16-W06,2024-08-01,2026-02-01,1718,373,750,1,1340,607,0,0,20716.4
I003446,2025-04-30,W06,Hyderabad,South,P026,P026-16-W06,2024-08-01,2026-02-01,2393,998,804,9,2578,659,0,0,65945.24
I003447,2025-04-30,W06,Hyderabad,South,P027,P027-16-W06,2024-02-01,2025-08-01,1173,1211,1751,2,631,736,0,0,21700.09
I003448,2025-04-30,W06,Hyderabad,South,P028,P028-16-W06,2024-11-01,2027-05-01,2281,554,1423,2,1410,960,0,0,62829.6
I003449,2025-04-30,W06,Hyderabad,South,P029,P029-16-W06,2024-05-01,2027-05-01,1583,403,1567,14,405,812,0,0,26102.25
I003450,2025-04-30,W06,Hyderabad,South,P030,P030-16-W06,2024-05-01,2027-05-01,1164,95,1259,0,0,757,13,0,0
I003451,2025-04-30,W06,Hyderabad,South,P031,P031-16-W06,2024-11-01,2027-11-01,2573,329,856,12,2034,791,0,0,118927.98
I003452,2025-04-30,W06,Hyderabad,South,P032,P032-16-W06,2024-08-01,2027-02-01,701,238,635,6,298,515,0,0,15391.7
I003453,2025-04-30,W06,Hyderabad,South,P033,P033-16-W06,2024-11-01,2027-05-01,2442,856,784,6,2508,994,0,0,176136.84
I003454,2025-04-30,W06,Hyderabad,South,P034,P034-16-W06,2024-05-01,2025-11-01,1469,298,773,7,987,520,0,0,65290.05
I003455,2025-04-30,W06,Hyderabad,South,P035,P035-16-W06,2024-11-01,2027-05-01,674,675,1349,0,0,920,3,0,0
I003456,2025-04-30,W06,Hyderabad,South,P036,P036-16-W06,2024-02-01,2025-08-01,1684,868,821,14,1717,578,0,0,389570.13
I003457,2025-05-31,W01,Delhi,North,P001,P001-17-W01,2024-12-01,2027-12-01,2483,925,513,16,2879,886,0,0,60257.47
I003458,2025-05-31,W01,Delhi,North,P002,P002-17-W01,2024-03-01,2027-03-01,2399,37,1844,10,582,687,0,0,14136.78
I003459,2025-05-31,W01,Delhi,North,P003,P003-17-W01,2024-03-01,2026-03-01,607,182,789,0,0,853,12,0,0
I003460,2025-05-31,W01,Delhi,North,P004,P004-17-W01,2024-03-01,2025-09-01,1063,124,1187,0,0,866,13,0,0
I003461,2025-05-31,W01,Delhi,North,P005,P005-17-W01,2024-12-01,2027-06-01,1893,315,589,3,1616,662,0,0,73560.32
I003462,2025-05-31,W01,Delhi,North,P006,P006-17-W01,2024-09-01,2026-03-01,1767,1158,1420,12,1493,728,0,0,86638.79
I003463,2025-05-31,W01,Delhi,North,P007,P007-17-W01,2024-12-01,2026-06-01,2012,744,968,5,1783,500,0,0,112150.7
I003464,2025-05-31,W01,Delhi,North,P008,P008-17-W01,2024-03-01,2026-09-01,2147,1009,1726,9,1421,575,0,0,91057.68
I003465,2025-05-31,W01,Delhi,North,P009,P009-17-W01,2024-12-01,2026-06-01,2469,369,639,14,2185,773,0,0,141303.95
I003466,2025-05-31,W01,Delhi,North,P010,P010-17-W01,2024-09-01,2027-09-01,1185,114,1299,0,0,906,2,0,0
I003467,2025-05-31,W01,Delhi,North,P011,P011-17-W01,2024-09-01,2027-03-01,2121,211,578,15,1739,985,0,0,164544.18
I003468,2025-05-31,W01,Delhi,North,P012,P012-17-W01,2024-09-01,2027-09-01,788,87,610,15,250,683,0,0,55550
I003469,2025-05-31,W01,Delhi,North,P013,P013-17-W01,2024-06-01,2025-12-01,1852,942,832,2,1960,665,0,0,53390.4
I003470,2025-05-31,W01,Delhi,North,P014,P014-17-W01,2024-06-01,2025-12-01,700,995,1095,15,585,603,0,0,14823.9
I003471,2025-05-31,W01,Delhi,North,P015,P015-17-W01,2024-09-01,2027-09-01,2582,984,1604,15,1947,851,0,0,55294.8
I003472,2025-05-31,W01,Delhi,North,P016,P016-17-W01,2024-12-01,2027-06-01,840,758,565,11,1022,841,0,0,49505.68
I003473,2025-05-31,W01,Delhi,North,P017,P017-17-W01,2024-06-01,2026-12-01,1543,861,1927,11,466,568,0,0,22936.52
I003474,2025-05-31,W01,Delhi,North,P018,P018-17-W01,2024-03-01,2026-09-01,2149,553,1137,13,1552,686,0,0,106110.24
I003475,2025-05-31,W01,Delhi,North,P019,P019-17-W01,2024-12-01,2026-12-01,1447,355,1265,4,533,796,0,0,37000.86
I003476,2025-05-31,W01,Delhi,North,P020,P020-17-W01,2024-06-01,2025-12-01,1035,716,1076,12,663,731,0,0,37313.64
I003477,2025-05-31,W01,Delhi,North,P021,P021-17-W01,2024-06-01,2026-06-01,1569,1292,1022,8,1831,802,0,0,133150.32
I003478,2025-05-31,W01,Delhi,North,P022,P022-17-W01,2024-03-01,2025-09-01,1119,239,1223,1,134,599,0,0,10419.84
I003479,2025-05-31,W01,Delhi,North,P023,P023-17-W01,2024-06-01,2026-12-01,1230,927,1740,13,404,786,0,0,37790.16
I003480,2025-05-31,W01,Delhi,North,P024,P024-17-W01,2024-09-01,2026-09-01,2428,1158,787,3,2796,998,0,0,605501.76
I003481,2025-05-31,W01,Delhi,North,P025,P025-17-W01,2024-09-01,2026-03-01,2021,487,1448,14,1046,636,0,0,16171.16
I003482,2025-05-31,W01,Delhi,North,P026,P026-17-W01,2024-09-01,2026-03-01,1966,563,959,1,1569,669,0,0,40135.02
I003483,2025-05-31,W01,Delhi,North,P027,P027-17-W01,2024-12-01,2026-06-01,2283,1270,1087,11,2455,673,0,0,84427.45
I003484,2025-05-31,W01,Delhi,North,P028,P028-17-W01,2024-09-01,2027-03-01,551,1329,665,7,1208,969,0,0,53828.48
I003485,2025-05-31,W01,Delhi,North,P029,P029-17-W01,2024-03-01,2027-03-01,2087,93,733,15,1432,914,0,0,92292.4
I003486,2025-05-31,W01,Delhi,North,P030,P030-17-W01,2024-09-01,2027-09-01,2531,1051,650,14,2918,891,0,0,182024.84
I003487,2025-05-31,W01,Delhi,North,P031,P031-17-W01,2024-03-01,2027-03-01,2325,766,777,4,2310,512,0,0,135065.7
I003488,2025-05-31,W01,Delhi,North,P032,P032-17-W01,2024-12-01,2027-06-01,2166,18,966,13,1205,511,0,0,62238.25
I003489,2025-05-31,W01,Delhi,North,P033,P033-17-W01,2024-03-01,2026-09-01,1854,106,1555,15,390,630,0,0,27389.7
I003490,2025-05-31,W01,Delhi,North,P034,P034-17-W01,2024-03-01,2025-09-01,1609,480,1312,5,772,925,0,0,51067.8
I003491,2025-05-31,W01,Delhi,North,P035,P035-17-W01,2024-12-01,2027-06-01,1613,430,1318,9,716,659,0,0,63738.32
I003492,2025-05-31,W01,Delhi,North,P036,P036-17-W01,2024-06-01,2025-12-01,2552,1276,539,9,3280,909,0,0,744199.2
I003493,2025-05-31,W02,Mumbai,West,P001,P001-17-W02,2024-06-01,2027-06-01,946,301,1247,0,0,797,11,0,0
I003494,2025-05-31,W02,Mumbai,West,P002,P002-17-W02,2024-12-01,2027-12-01,2350,572,970,4,1948,639,0,0,47316.92
I003495,2025-05-31,W02,Mumbai,West,P003,P003-17-W02,2024-03-01,2026-03-01,2153,529,505,5,2172,716,0,0,84186.72
I003496,2025-05-31,W02,Mumbai,West,P004,P004-17-W02,2024-12-01,2026-06-01,909,1022,1874,9,48,743,0,0,1717.44
I003497,2025-05-31,W02,Mumbai,West,P005,P005-17-W02,2024-09-01,2027-03-01,1324,718,750,3,1289,539,0,0,58675.28
I003498,2025-05-31,W02,Mumbai,West,P006,P006-17-W02,2024-12-01,2026-06-01,1056,665,1529,2,190,741,0,0,11025.7
I003499,2025-05-31,W02,Mumbai,West,P007,P007-17-W02,2024-09-01,2026-03-01,2112,148,696,11,1553,713,0,0,97683.7
I003500,2025-05-31,W02,Mumbai,West,P008,P008-17-W02,2024-03-01,2026-09-01,1612,639,836,2,1413,787,0,0,90545.04
I003501,2025-05-31,W02,Mumbai,West,P009,P009-17-W02,2024-09-01,2026-03-01,1250,23,1273,0,0,528,5,0,0
I003502,2025-05-31,W02,Mumbai,West,P010,P010-17-W02,2024-06-01,2027-06-01,1534,85,1055,9,555,544,0,0,41064.45
I003503,2025-05-31,W02,Mumbai,West,P011,P011-17-W02,2024-12-01,2027-06-01,1196,220,1416,0,0,706,8,0,0
I003504,2025-05-31,W02,Mumbai,West,P012,P012-17-W02,2024-09-01,2027-09-01,1211,1313,655,1,1868,670,0,0,415069.6
I003505,2025-05-31,W02,Mumbai,West,P013,P013-17-W02,2024-09-01,2026-03-01,474,1061,1045,14,476,924,0,0,12966.24
I003506,2025-05-31,W02,Mumbai,West,P014,P014-17-W02,2024-12-01,2026-06-01,714,1240,1615,6,333,941,0,0,8438.22
I003507,2025-05-31,W02,Mumbai,West,P015,P015-17-W02,2024-12-01,2027-12-01,785,1393,1141,12,1025,860,0,0,29110
I003508,2025-05-31,W02,Mumbai,West,P016,P016-17-W02,2024-12-01,2027-06-01,701,1030,1010,5,716,651,0,0,34683.04
I003509,2025-05-31,W02,Mumbai,West,P017,P017-17-W02,2024-12-01,2027-06-01,572,604,667,12,497,701,0,0,24462.34
I003510,2025-05-31,W02,Mumbai,West,P018,P018-17-W02,2024-06-01,2026-12-01,1650,592,1304,13,925,979,0,0,63242.25
I003511,2025-05-31,W02,Mumbai,West,P019,P019-17-W02,2024-06-01,2026-06-01,1715,540,1363,10,882,742,0,0,61228.44
I003512,2025-05-31,W02,Mumbai,West,P020,P020-17-W02,2024-09-01,2026-03-01,2399,214,1422,15,1176,795,0,0,66185.28
I003513,2025-05-31,W02,Mumbai,West,P021,P021-17-W02,2024-06-01,2026-06-01,566,515,1081,0,0,942,9,0,0
I003514,2025-05-31,W02,Mumbai,West,P022,P022-17-W02,2024-03-01,2025-09-01,1893,373,849,15,1402,973,0,0,109019.52
I003515,2025-05-31,W02,Mumbai,West,P023,P023-17-W02,2024-09-01,2027-03-01,2527,70,975,9,1613,555,0,0,150880.02
I003516,2025-05-31,W02,Mumbai,West,P024,P024-17-W02,2024-06-01,2026-06-01,1703,597,1949,10,341,552,0,0,73846.96
I003517,2025-05-31,W02,Mumbai,West,P025,P025-17-W02,2024-03-01,2025-09-01,1421,1229,610,9,2031,686,0,0,31399.26
I003518,2025-05-31,W02,Mumbai,West,P026,P026-17-W02,2024-09-01,2026-03-01,975,872,1847,0,0,724,5,0,0
I003519,2025-05-31,W02,Mumbai,West,P027,P027-17-W02,2024-09-01,2026-03-01,2428,636,745,12,2307,891,0,0,79337.73
I003520,2025-05-31,W02,Mumbai,West,P028,P028-17-W02,2024-06-01,2026-12-01,2260,1167,696,11,2720,530,0,0,121203.2
I003521,2025-05-31,W02,Mumbai,West,P029,P029-17-W02,2024-12-01,2027-12-01,2212,249,1419,8,1034,533,0,0,66641.3
I003522,2025-05-31,W02,Mumbai,West,P030,P030-17-W02,2024-09-01,2027-09-01,753,624,1201,14,162,527,0,0,10105.56
I003523,2025-05-31,W02,Mumbai,West,P031,P031-17-W02,2024-12-01,2027-12-01,684,1314,1613,1,384,663,0,0,22452.48
I003524,2025-05-31,W02,Mumbai,West,P032,P032-17-W02,2024-09-01,2027-03-01,1569,921,1290,12,1188,833,0,0,61360.2
I003525,2025-05-31,W02,Mumbai,West,P033,P033-17-W02,2024-06-01,2026-12-01,2414,854,1741,1,1526,880,0,0,107170.98
I003526,2025-05-31,W02,Mumbai,West,P034,P034-17-W02,2024-03-01,2025-09-01,1697,857,643,13,1898,785,0,0,125552.7
I003527,2025-05-31,W02,Mumbai,West,P035,P035-17-W02,2024-12-01,2027-06-01,1803,613,626,13,1777,520,0,0,158188.54
I003528,2025-05-31,W02,Mumbai,West,P036,P036-17-W02,2024-03-01,2025-09-01,1837,585,1530,14,878,887,0,0,199209.42
I003529,2025-05-31,W03,Bengaluru,South,P001,P001-17-W03,2024-09-01,2027-09-01,1967,1016,1381,9,1593,545,0,0,33341.49
I003530,2025-05-31,W03,Bengaluru,South,P002,P002-17-W03,2024-06-01,2027-06-01,1461,136,1597,0,0,921,3,0,0
I003531,2025-05-31,W03,Bengaluru,South,P003,P003-17-W03,2024-12-01,2026-12-01,1983,485,617,14,1837,630,0,0,71202.12
I003532,2025-05-31,W03,Bengaluru,South,P004,P004-17-W03,2024-06-01,2025-12-01,1551,124,1151,10,514,506,0,0,18390.92
I003533,2025-05-31,W03,Bengaluru,South,P005,P005-17-W03,2024-09-01,2027-03-01,2101,259,475,6,1879,846,0,0,85532.08
I003534,2025-05-31,W03,Bengaluru,South,P006,P006-17-W03,2024-03-01,2025-09-01,1999,650,620,14,2015,935,0,0,116930.45
I003535,2025-05-31,W03,Bengaluru,South,P007,P007-17-W03,2024-12-01,2026-06-01,2311,815,789,0,2337,776,0,0,146997.3
I003536,2025-05-31,W03,Bengaluru,South,P008,P008-17-W03,2024-09-01,2027-03-01,1573,39,1612,0,0,821,3,0,0
I003537,2025-05-31,W03,Bengaluru,South,P009,P009-17-W03,2024-09-01,2026-03-01,1480,130,559,9,1042,915,0,0,67386.14
I003538,2025-05-31,W03,Bengaluru,South,P010,P010-17-W03,2024-06-01,2027-06-01,563,87,650,0,0,701,7,0,0
I003539,2025-05-31,W03,Bengaluru,South,P011,P011-17-W03,2024-06-01,2026-12-01,2072,1274,1235,7,2104,588,0,0,199080.48
I003540,2025-05-31,W03,Bengaluru,South,P012,P012-17-W03,2024-03-01,2027-03-01,1671,1246,1284,8,1625,804,0,0,361075
I003541,2025-05-31,W03,Bengaluru,South,P013,P013-17-W03,2024-09-01,2026-03-01,480,965,869,15,561,572,0,0,15281.64
I003542,2025-05-31,W03,Bengaluru,South,P014,P014-17-W03,2024-12-01,2026-06-01,1742,126,1479,4,385,681,0,0,9755.9
I003543,2025-05-31,W03,Bengaluru,South,P015,P015-17-W03,2024-09-01,2027-09-01,1633,1142,1017,15,1743,567,0,0,49501.2
I003544,2025-05-31,W03,Bengaluru,South,P016,P016-17-W03,2024-12-01,2027-06-01,739,635,564,0,810,576,0,0,39236.4
I003545,2025-05-31,W03,Bengaluru,South,P017,P017-17-W03,2024-12-01,2027-06-01,2106,412,1384,6,1128,881,0,0,55520.16
I003546,2025-05-31,W03,Bengaluru,South,P018,P018-17-W03,2024-03-01,2026-09-01,2494,933,1551,10,1866,898,0,0,127578.42
I003547,2025-05-31,W03,Bengaluru,South,P019,P019-17-W03,2024-12-01,2026-12-01,659,950,1246,9,354,638,0,0,24574.68
I003548,2025-05-31,W03,Bengaluru,South,P020,P020-17-W03,2024-09-01,2026-03-01,2058,893,1593,11,1347,948,0,0,75809.16
I003549,2025-05-31,W03,Bengaluru,South,P021,P021-17-W03,2024-06-01,2026-06-01,1005,765,702,6,1062,590,0,0,77228.64
I003550,2025-05-31,W03,Bengaluru,South,P022,P022-17-W03,2024-09-01,2026-03-01,1248,795,1579,6,458,711,0,0,35614.08
I003551,2025-05-31,W03,Bengaluru,South,P023,P023-17-W03,2024-12-01,2027-06-01,1589,707,922,2,1372,733,0,0,128336.88
I003552,2025-05-31,W03,Bengaluru,South,P024,P024-17-W03,2024-12-01,2026-12-01,1021,942,1314,10,639,589,0,0,138381.84
I003553,2025-05-31,W03,Bengaluru,South,P025,P025-17-W03,2024-03-01,2025-09-01,1659,522,648,15,1518,758,0,0,23468.28
I003554,2025-05-31,W03,Bengaluru,South,P026,P026-17-W03,2024-09-01,2026-03-01,1315,656,967,5,999,886,0,0,25554.42
I003555,2025-05-31,W03,Bengaluru,South,P027,P027-17-W03,2024-12-01,2026-06-01,605,596,1201,0,0,980,10,0,0
I003556,2025-05-31,W03,Bengaluru,South,P028,P028-17-W03,2024-09-01,2027-03-01,414,909,1323,0,0,554,9,0,0
I003557,2025-05-31,W03,Bengaluru,South,P029,P029-17-W03,2024-09-01,2027-09-01,1400,1408,522,6,2280,948,0,0,146946
I003558,2025-05-31,W03,Bengaluru,South,P030,P030-17-W03,2024-03-01,2027-03-01,536,477,826,8,179,647,0,0,11166.02
I003559,2025-05-31,W03,Bengaluru,South,P031,P031-17-W03,2024-03-01,2027-03-01,1241,624,948,14,903,942,0,0,52798.41
I003560,2025-05-31,W03,Bengaluru,South,P032,P032-17-W03,2024-03-01,2026-09-01,1178,364,1542,0,0,506,12,0,0
I003561,2025-05-31,W03,Bengaluru,South,P033,P033-17-W03,2024-06-01,2026-12-01,1606,1030,1346,4,1286,697,0,0,90315.78
I003562,2025-05-31,W03,Bengaluru,South,P034,P034-17-W03,2024-12-01,2026-06-01,875,1387,1234,9,1019,822,0,0,67406.85
I003563,2025-05-31,W03,Bengaluru,South,P035,P035-17-W03,2024-06-01,2026-12-01,2441,1491,1195,4,2733,967,0,0,243291.66
I003564,2025-05-31,W03,Bengaluru,South,P036,P036-17-W03,2024-09-01,2026-03-01,544,1321,684,8,1173,851,0,0,266141.97
I003565,2025-05-31,W04,Kolkata,East,P001,P001-17-W04,2024-09-01,2027-09-01,1305,21,635,11,680,649,0,0,14232.4
I003566,2025-05-31,W04,Kolkata,East,P002,P002-17-W04,2024-09-01,2027-09-01,1364,598,1024,8,930,993,0,0,22589.7
I003567,2025-05-31,W04,Kolkata,East,P003,P003-17-W04,2024-06-01,2026-06-01,864,383,929,3,315,791,0,0,12209.4
I003568,2025-05-31,W04,Kolkata,East,P004,P004-17-W04,2024-06-01,2025-12-01,2351,960,1659,6,1646,639,0,0,58893.88
I003569,2025-05-31,W04,Kolkata,East,P005,P005-17-W04,2024-09-01,2027-03-01,2325,1323,569,10,3069,889,0,0,139700.88
I003570,2025-05-31,W04,Kolkata,East,P006,P006-17-W04,2024-12-01,2026-06-01,1898,1108,1031,10,1965,809,0,0,114028.95
I003571,2025-05-31,W04,Kolkata,East,P007,P007-17-W04,2024-03-01,2025-09-01,1812,1438,843,4,2403,979,0,0,151148.7
I003572,2025-05-31,W04,Kolkata,East,P008,P008-17-W04,2024-06-01,2026-12-01,2485,89,590,13,1971,933,0,0,126301.68
I003573,2025-05-31,W04,Kolkata,East,P009,P009-17-W04,2024-12-01,2026-06-01,2376,865,896,1,2344,835,0,0,151586.48
I003574,2025-05-31,W04,Kolkata,East,P010,P010-17-W04,2024-12-01,2027-12-01,415,690,540,11,554,949,0,0,40990.46
I003575,2025-05-31,W04,Kolkata,East,P011,P011-17-W04,2024-09-01,2027-03-01,2007,1003,799,12,2199,613,0,0,208069.38
I003576,2025-05-31,W04,Kolkata,East,P012,P012-17-W04,2024-03-01,2027-03-01,418,1461,1570,15,294,657,0,0,65326.8
I003577,2025-05-31,W04,Kolkata,East,P013,P013-17-W04,2024-06-01,2025-12-01,2161,809,1573,15,1382,953,0,0,37645.68
I003578,2025-05-31,W04,Kolkata,East,P014,P014-17-W04,2024-09-01,2026-03-01,905,878,1690,11,82,878,0,0,2077.88
I003579,2025-05-31,W04,Kolkata,East,P015,P015-17-W04,2024-06-01,2027-06-01,461,649,1110,0,0,652,9,0,0
I003580,2025-05-31,W04,Kolkata,East,P016,P016-17-W04,2024-03-01,2026-09-01,455,1190,1235,3,407,932,0,0,19715.08
I003581,2025-05-31,W04,Kolkata,East,P017,P017-17-W04,2024-06-01,2026-12-01,1847,415,1671,5,586,920,0,0,28842.92
I003582,2025-05-31,W04,Kolkata,East,P018,P018-17-W04,2024-03-01,2026-09-01,2059,770,869,14,1946,855,0,0,133048.02
I003583,2025-05-31,W04,Kolkata,East,P019,P019-17-W04,2024-03-01,2026-03-01,612,352,695,5,264,621,0,0,18326.88
I003584,2025-05-31,W04,Kolkata,East,P020,P020-17-W04,2024-06-01,2025-12-01,1620,324,1874,7,63,862,0,0,3545.64
I003585,2025-05-31,W04,Kolkata,East,P021,P021-17-W04,2024-03-01,2026-03-01,647,958,920,1,684,611,0,0,49740.48
I003586,2025-05-31,W04,Kolkata,East,P022,P022-17-W04,2024-03-01,2025-09-01,1293,982,1589,2,684,949,0,0,53187.84
I003587,2025-05-31,W04,Kolkata,East,P023,P023-17-W04,2024-03-01,2026-09-01,807,228,1024,11,0,956,8,0,0
I003588,2025-05-31,W04,Kolkata,East,P024,P024-17-W04,2024-03-01,2026-03-01,1314,1355,690,7,1972,924,0,0,427056.32
I003589,2025-05-31,W04,Kolkata,East,P025,P025-17-W04,2024-12-01,2026-06-01,2306,1297,1049,10,2544,813,0,0,39330.24
I003590,2025-05-31,W04,Kolkata,East,P026,P026-17-W04,2024-09-01,2026-03-01,1764,1193,1067,3,1887,501,0,0,48269.46
I003591,2025-05-31,W04,Kolkata,East,P027,P027-17-W04,2024-06-01,2025-12-01,589,971,1560,0,0,951,7,0,0
I003592,2025-05-31,W04,Kolkata,East,P028,P028-17-W04,2024-03-01,2026-09-01,749,1272,722,6,1293,629,0,0,57616.08
I003593,2025-05-31,W04,Kolkata,East,P029,P029-17-W04,2024-06-01,2027-06-01,1212,723,490,12,1433,701,0,0,92356.85
I003594,2025-05-31,W04,Kolkata,East,P030,P030-17-W04,2024-06-01,2027-06-01,1492,1197,1368,9,1312,680,0,0,81842.56
I003595,2025-05-31,W04,Kolkata,East,P031,P031-17-W04,2024-09-01,2027-09-01,1000,1069,803,11,1255,759,0,0,73379.85
I003596,2025-05-31,W04,Kolkata,East,P032,P032-17-W04,2024-06-01,2026-12-01,2041,1431,1557,13,1902,652,0,0,98238.3
I003597,2025-05-31,W04,Kolkata,East,P033,P033-17-W04,2024-12-01,2027-06-01,2554,974,1557,9,1962,542,0,0,137791.26
I003598,2025-05-31,W04,Kolkata,East,P034,P034-17-W04,2024-12-01,2026-06-01,750,1277,1387,3,637,849,0,0,42137.55
I003599,2025-05-31,W04,Kolkata,East,P035,P035-17-W04,2024-06-01,2026-12-01,2295,109,471,5,1928,634,0,0,171630.56
I003600,2025-05-31,W04,Kolkata,East,P036,P036-17-W04,2024-09-01,2026-03-01,1955,997,1008,14,1930,514,0,0,437897.7
I003601,2025-05-31,W05,Indore,Central,P001,P001-17-W05,2024-03-01,2027-03-01,2450,280,1249,3,1478,860,0,0,30934.54
I003602,2025-05-31,W05,Indore,Central,P002,P002-17-W05,2024-12-01,2027-12-01,1623,643,1081,3,1182,833,0,0,28710.78
I003603,2025-05-31,W05,Indore,Central,P003,P003-17-W05,2024-12-01,2026-12-01,1317,1335,1149,0,1503,735,0,0,58256.28
I003604,2025-05-31,W05,Indore,Central,P004,P004-17-W05,2024-03-01,2025-09-01,1309,74,1298,11,74,757,0,0,2647.72
I003605,2025-05-31,W05,Indore,Central,P005,P005-17-W05,2024-09-01,2027-03-01,1382,1482,540,11,2313,793,0,0,105287.76
I003606,2025-05-31,W05,Indore,Central,P006,P006-17-W05,2024-03-01,2025-09-01,2127,1062,1381,15,1793,543,0,0,104047.79
I003607,2025-05-31,W05,Indore,Central,P007,P007-17-W05,2024-03-01,2025-09-01,1546,100,740,7,899,996,0,0,56547.1
I003608,2025-05-31,W05,Indore,Central,P008,P008-17-W05,2024-03-01,2026-09-01,1387,776,1793,12,358,524,0,0,22940.64
I003609,2025-05-31,W05,Indore,Central,P009,P009-17-W05,2024-12-01,2026-06-01,1905,38,1851,8,84,569,0,0,5432.28
I003610,2025-05-31,W05,Indore,Central,P010,P010-17-W05,2024-03-01,2027-03-01,1899,822,1799,6,916,780,0,0,67774.84
I003611,2025-05-31,W05,Indore,Central,P011,P011-17-W05,2024-09-01,2027-03-01,1663,741,650,15,1739,718,0,0,164544.18
I003612,2025-05-31,W05,Indore,Central,P012,P012-17-W05,2024-12-01,2027-12-01,509,863,1372,0,0,955,10,0,0
I003613,2025-05-31,W05,Indore,Central,P013,P013-17-W05,2024-03-01,2025-09-01,1775,542,804,10,1503,876,0,0,40941.72
I003614,2025-05-31,W05,Indore,Central,P014,P014-17-W05,2024-12-01,2026-06-01,747,1035,596,5,1181,542,0,0,29926.54
I003615,2025-05-31,W05,Indore,Central,P015,P015-17-W05,2024-12-01,2027-12-01,2575,1077,631,8,3013,987,0,0,85569.2
I003616,2025-05-31,W05,Indore,Central,P016,P016-17-W05,2024-03-01,2026-09-01,2400,585,1253,11,1721,796,0,0,83365.24
I003617,2025-05-31,W05,Indore,Central,P017,P017-17-W05,2024-03-01,2026-09-01,1635,502,972,12,1153,514,0,0,56750.66
I003618,2025-05-31,W05,Indore,Central,P018,P018-17-W05,2024-12-01,2027-06-01,567,1442,1337,7,665,535,0,0,45466.05
I003619,2025-05-31,W05,Indore,Central,P019,P019-17-W05,2024-03-01,2026-03-01,487,896,1383,0,0,911,10,0,0
I003620,2025-05-31,W05,Indore,Central,P020,P020-17-W05,2024-03-01,2025-09-01,2279,135,960,2,1452,672,0,0,81718.56
I003621,2025-05-31,W05,Indore,Central,P021,P021-17-W05,2024-09-01,2026-09-01,1264,1454,1162,15,1541,596,0,0,112061.52
I003622,2025-05-31,W05,Indore,Central,P022,P022-17-W05,2024-09-01,2026-03-01,504,1326,626,10,1194,759,0,0,92845.44
I003623,2025-05-31,W05,Indore,Central,P023,P023-17-W05,2024-06-01,2026-12-01,2448,261,1842,3,864,748,0,0,80818.56
I003624,2025-05-31,W05,Indore,Central,P024,P024-17-W05,2024-12-01,2026-12-01,891,1264,1020,12,1123,981,0,0,243196.88
I003625,2025-05-31,W05,Indore,Central,P025,P025-17-W05,2024-06-01,2025-12-01,2452,19,1501,1,969,890,0,0,14980.74
I003626,2025-05-31,W05,Indore,Central,P026,P026-17-W05,2024-09-01,2026-03-01,1599,425,1701,14,309,831,0,0,7904.22
I003627,2025-05-31,W05,Indore,Central,P027,P027-17-W05,2024-09-01,2026-03-01,912,749,1574,1,86,920,0,0,2957.54
I003628,2025-05-31,W05,Indore,Central,P028,P028-17-W05,2024-06-01,2026-12-01,1989,843,751,10,2071,581,0,0,92283.76
I003629,2025-05-31,W05,Indore,Central,P029,P029-17-W05,2024-09-01,2027-09-01,609,954,834,8,721,536,0,0,46468.45
I003630,2025-05-31,W05,Indore,Central,P030,P030-17-W05,2024-03-01,2027-03-01,1004,1244,1360,12,876,914,0,0,54644.88
I003631,2025-05-31,W05,Indore,Central,P031,P031-17-W05,2024-09-01,2027-09-01,2131,1363,1109,12,2373,821,0,0,138749.31
I003632,2025-05-31,W05,Indore,Central,P032,P032-17-W05,2024-12-01,2027-06-01,789,243,1032,0,0,693,3,0,0
I003633,2025-05-31,W05,Indore,Central,P033,P033-17-W05,2024-09-01,2027-03-01,404,1141,871,8,666,756,0,0,46773.18
I003634,2025-05-31,W05,Indore,Central,P034,P034-17-W05,2024-06-01,2025-12-01,1666,860,1242,14,1270,653,0,0,84010.5
I003635,2025-05-31,W05,Indore,Central,P035,P035-17-W05,2024-09-01,2027-03-01,1158,701,1544,14,301,627,0,0,26795.02
I003636,2025-05-31,W05,Indore,Central,P036,P036-17-W05,2024-03-01,2025-09-01,1802,936,812,8,1918,960,0,0,435175.02
I003637,2025-05-31,W06,Hyderabad,South,P001,P001-17-W06,2024-12-01,2027-12-01,1184,948,739,13,1380,915,0,0,28883.4
I003638,2025-05-31,W06,Hyderabad,South,P002,P002-17-W06,2024-12-01,2027-12-01,1889,290,850,15,1314,891,0,0,31917.06
I003639,2025-05-31,W06,Hyderabad,South,P003,P003-17-W06,2024-12-01,2026-12-01,1469,175,617,1,1026,927,0,0,39767.76
I003640,2025-05-31,W06,Hyderabad,South,P004,P004-17-W06,2024-12-01,2026-06-01,2189,1481,696,3,2971,760,0,0,106302.38
I003641,2025-05-31,W06,Hyderabad,South,P005,P005-17-W06,2024-09-01,2027-03-01,1318,200,889,1,628,528,0,0,28586.56
I003642,2025-05-31,W06,Hyderabad,South,P006,P006-17-W06,2024-06-01,2025-12-01,1057,1496,1196,1,1356,579,0,0,78688.68
I003643,2025-05-31,W06,Hyderabad,South,P007,P007-17-W06,2024-09-01,2026-03-01,499,476,712,1,262,744,0,0,16479.8
I003644,2025-05-31,W06,Hyderabad,South,P008,P008-17-W06,2024-09-01,2027-03-01,2387,997,1935,9,1440,872,0,0,92275.2
I003645,2025-05-31,W06,Hyderabad,South,P009,P009-17-W06,2024-06-01,2025-12-01,566,739,1253,2,50,904,0,0,3233.5
I003646,2025-05-31,W06,Hyderabad,South,P010,P010-17-W06,2024-09-01,2027-09-01,1125,1367,1165,2,1325,913,0,0,98036.75
I003647,2025-05-31,W06,Hyderabad,South,P011,P011-17-W06,2024-03-01,2026-09-01,1224,818,660,12,1370,749,0,0,129629.4
I003648,2025-05-31,W06,Hyderabad,South,P012,P012-17-W06,2024-12-01,2027-12-01,2349,132,809,10,1662,877,0,0,369296.4
I003649,2025-05-31,W06,Hyderabad,South,P013,P013-17-W06,2024-06-01,2025-12-01,1296,120,532,11,873,575,0,0,23780.52
I003650,2025-05-31,W06,Hyderabad,South,P014,P014-17-W06,2024-12-01,2026-06-01,2409,199,1365,13,1230,546,0,0,31168.2
I003651,2025-05-31,W06,Hyderabad,South,P015,P015-17-W06,2024-12-01,2027-12-01,1254,1170,1375,3,1046,574,0,0,29706.4
I003652,2025-05-31,W06,Hyderabad,South,P016,P016-17-W06,2024-09-01,2027-03-01,1911,733,1838,3,803,773,0,0,38897.32
I003653,2025-05-31,W06,Hyderabad,South,P017,P017-17-W06,2024-03-01,2026-09-01,403,967,881,10,479,689,0,0,23576.38
I003654,2025-05-31,W06,Hyderabad,South,P018,P018-17-W06,2024-03-01,2026-09-01,2136,865,774,2,2225,614,0,0,152123.25
I003655,2025-05-31,W06,Hyderabad,South,P019,P019-17-W06,2024-12-01,2026-12-01,2143,786,1775,13,1141,912,0,0,79208.22
I003656,2025-05-31,W06,Hyderabad,South,P020,P020-17-W06,2024-12-01,2026-06-01,794,1309,783,2,1318,583,0,0,74177.04
I003657,2025-05-31,W06,Hyderabad,South,P021,P021-17-W06,2024-12-01,2026-12-01,1718,933,1811,10,830,568,0,0,60357.6
I003658,2025-05-31,W06,Hyderabad,South,P022,P022-17-W06,2024-12-01,2026-06-01,1384,1322,1354,13,1339,675,0,0,104120.64
I003659,2025-05-31,W06,Hyderabad,South,P023,P023-17-W06,2024-12-01,2027-06-01,1786,1337,1916,1,1206,780,0,0,112809.24
I003660,2025-05-31,W06,Hyderabad,South,P024,P024-17-W06,2024-06-01,2026-06-01,2582,838,1123,10,2287,875,0,0,495272.72
I003661,2025-05-31,W06,Hyderabad,South,P025,P025-17-W06,2024-03-01,2025-09-01,494,743,1237,0,0,914,2,0,0
I003662,2025-05-31,W06,Hyderabad,South,P026,P026-17-W06,2024-12-01,2026-06-01,2546,683,854,2,2373,795,0,0,60701.34
I003663,2025-05-31,W06,Hyderabad,South,P027,P027-17-W06,2024-12-01,2026-06-01,2049,903,494,14,2444,933,0,0,84049.16
I003664,2025-05-31,W06,Hyderabad,South,P028,P028-17-W06,2024-06-01,2026-12-01,1003,546,1481,6,62,524,0,0,2762.72
I003665,2025-05-31,W06,Hyderabad,South,P029,P029-17-W06,2024-09-01,2027-09-01,897,740,1412,6,219,713,0,0,14114.55
I003666,2025-05-31,W06,Hyderabad,South,P030,P030-17-W06,2024-03-01,2027-03-01,861,808,1270,2,397,960,0,0,24764.86
I003667,2025-05-31,W06,Hyderabad,South,P031,P031-17-W06,2024-09-01,2027-09-01,2449,1261,1362,13,2335,728,0,0,136527.45
I003668,2025-05-31,W06,Hyderabad,South,P032,P032-17-W06,2024-12-01,2027-06-01,2210,1160,665,10,2695,702,0,0,139196.75
I003669,2025-05-31,W06,Hyderabad,South,P033,P033-17-W06,2024-09-01,2027-03-01,2033,1186,1926,2,1291,624,0,0,90666.93
I003670,2025-05-31,W06,Hyderabad,South,P034,P034-17-W06,2024-09-01,2026-03-01,509,1063,1447,7,118,731,0,0,7805.7
I003671,2025-05-31,W06,Hyderabad,South,P035,P035-17-W06,2024-03-01,2026-09-01,1513,1030,1304,9,1230,902,0,0,109494.6
I003672,2025-05-31,W06,Hyderabad,South,P036,P036-17-W06,2024-12-01,2026-06-01,1068,671,1418,3,318,953,0,0,72151.02
I003673,2025-06-30,W01,Delhi,North,P001,P001-18-W01,2024-04-01,2027-04-01,1485,1042,705,9,1813,909,0,0,37946.09
I003674,2025-06-30,W01,Delhi,North,P002,P002-18-W01,2024-04-01,2027-04-01,1133,363,1496,0,0,514,2,0,0
I003675,2025-06-30,W01,Delhi,North,P003,P003-18-W01,2024-04-01,2026-04-01,1252,1376,555,1,2072,595,0,0,80310.72
I003676,2025-06-30,W01,Delhi,North,P004,P004-18-W01,2025-01-01,2026-07-01,1187,958,582,1,1562,614,0,0,55888.36
I003677,2025-06-30,W01,Delhi,North,P005,P005-18-W01,2025-01-01,2027-07-01,1585,1028,1224,3,1386,600,0,0,63090.72
I003678,2025-06-30,W01,Delhi,North,P006,P006-18-W01,2024-10-01,2026-04-01,1438,881,769,0,1550,891,0,0,89946.5
I003679,2025-06-30,W01,Delhi,North,P007,P007-18-W01,2025-01-01,2026-07-01,1709,1366,825,12,2238,834,0,0,140770.2
I003680,2025-06-30,W01,Delhi,North,P008,P008-18-W01,2024-04-01,2026-10-01,881,684,1565,0,0,541,8,0,0
I003681,2025-06-30,W01,Delhi,North,P009,P009-18-W01,2024-07-01,2026-01-01,1188,662,1538,1,311,954,0,0,20112.37
I003682,2025-06-30,W01,Delhi,North,P010,P010-18-W01,2024-10-01,2027-10-01,1508,731,680,7,1552,630,0,0,114832.48
I003683,2025-06-30,W01,Delhi,North,P011,P011-18-W01,2024-10-01,2027-04-01,1784,350,1698,15,421,640,0,0,39835.02
I003684,2025-06-30,W01,Delhi,North,P012,P012-18-W01,2024-07-01,2027-07-01,1435,1367,1945,10,847,897,0,0,188203.4
I003685,2025-06-30,W01,Delhi,North,P013,P013-18-W01,2024-07-01,2026-01-01,1411,981,603,11,1778,954,0,0,48432.72
I003686,2025-06-30,W01,Delhi,North,P014,P014-18-W01,2024-04-01,2025-10-01,1009,83,1092,0,0,904,2,0,0
I003687,2025-06-30,W01,Delhi,North,P015,P015-18-W01,2024-10-01,2027-10-01,749,1058,1644,13,150,914,0,0,4260
I003688,2025-06-30,W01,Delhi,North,P016,P016-18-W01,2024-10-01,2027-04-01,1150,419,914,3,652,645,0,0,31582.88
I003689,2025-06-30,W01,Delhi,North,P017,P017-18-W01,2024-10-01,2027-04-01,2405,51,1492,3,961,846,0,0,47300.42
I003690,2025-06-30,W01,Delhi,North,P018,P018-18-W01,2025-01-01,2027-07-01,1917,830,1160,8,1579,939,0,0,107956.23
I003691,2025-06-30,W01,Delhi,North,P019,P019-18-W01,2025-01-01,2027-01-01,760,820,1481,8,91,502,0,0,6317.22
I003692,2025-06-30,W01,Delhi,North,P020,P020-18-W01,2024-04-01,2025-10-01,1251,618,1242,10,617,854,0,0,34724.76
I003693,2025-06-30,W01,Delhi,North,P021,P021-18-W01,2024-07-01,2026-07-01,1155,476,895,1,735,521,0,0,53449.2
I003694,2025-06-30,W01,Delhi,North,P022,P022-18-W01,2024-04-01,2025-10-01,1331,321,1652,0,0,837,10,0,0
I003695,2025-06-30,W01,Delhi,North,P023,P023-18-W01,2024-10-01,2027-04-01,1405,851,1044,4,1208,889,0,0,112996.32
I003696,2025-06-30,W01,Delhi,North,P024,P024-18-W01,2024-07-01,2026-07-01,2570,622,1539,1,1652,761,0,0,357757.12
I003697,2025-06-30,W01,Delhi,North,P025,P025-18-W01,2024-07-01,2026-01-01,2242,1093,974,13,2348,821,0,0,36300.08
I003698,2025-06-30,W01,Delhi,North,P026,P026-18-W01,2025-01-01,2026-07-01,818,1429,1934,10,303,609,0,0,7750.74
I003699,2025-06-30,W01,Delhi,North,P027,P027-18-W01,2024-10-01,2026-04-01,2121,1451,866,3,2703,825,0,0,92956.17
I003700,2025-06-30,W01,Delhi,North,P028,P028-18-W01,2024-04-01,2026-10-01,1237,1349,916,13,1657,941,0,0,73835.92
I003701,2025-06-30,W01,Delhi,North,P029,P029-18-W01,2024-10-01,2027-10-01,1831,437,1893,11,364,889,0,0,23459.8
I003702,2025-06-30,W01,Delhi,North,P030,P030-18-W01,2025-01-01,2028-01-01,1104,1410,1305,9,1200,604,0,0,74856
I003703,2025-06-30,W01,Delhi,North,P031,P031-18-W01,2025-01-01,2028-01-01,1460,1075,743,13,1779,813,0,0,104018.13
I003704,2025-06-30,W01,Delhi,North,P032,P032-18-W01,2024-07-01,2027-01-01,1119,155,1039,2,233,761,0,0,12034.45
I003705,2025-06-30,W01,Delhi,North,P033,P033-18-W01,2025-01-01,2027-07-01,687,397,1059,7,18,819,0,0,1264.14
I003706,2025-06-30,W01,Delhi,North,P034,P034-18-W01,2024-07-01,2026-01-01,2419,211,1211,8,1411,687,0,0,93337.65
I003707,2025-06-30,W01,Delhi,North,P035,P035-18-W01,2024-10-01,2027-04-01,1617,755,1727,10,635,937,0,0,56527.7
I003708,2025-06-30,W01,Delhi,North,P036,P036-18-W01,2025-01-01,2026-07-01,488,58,546,0,0,981,3,0,0
I003709,2025-06-30,W02,Mumbai,West,P001,P001-18-W02,2024-10-01,2027-10-01,1763,277,1023,16,1001,899,0,0,20950.93
I003710,2025-06-30,W02,Mumbai,West,P002,P002-18-W02,2024-07-01,2027-07-01,2084,1368,1157,12,2283,722,0,0,55454.07
I003711,2025-06-30,W02,Mumbai,West,P003,P003-18-W02,2024-04-01,2026-04-01,944,643,1079,6,502,953,0,0,19457.52
I003712,2025-06-30,W02,Mumbai,West,P004,P004-18-W02,2024-10-01,2026-04-01,1771,1195,1434,10,1522,655,0,0,54457.16
I003713,2025-06-30,W02,Mumbai,West,P005,P005-18-W02,2024-07-01,2027-01-01,1614,1004,1464,9,1145,516,0,0,52120.4
I003714,2025-06-30,W02,Mumbai,West,P006,P006-18-W02,2025-01-01,2026-07-01,2165,360,1602,14,909,607,0,0,52749.27
I003715,2025-06-30,W02,Mumbai,West,P007,P007-18-W02,2024-04-01,2025-10-01,1030,4,1034,0,0,532,1,0,0
I003716,2025-06-30,W02,Mumbai,West,P008,P008-18-W02,2024-04-01,2026-10-01,1372,75,980,1,466,954,0,0,29861.28
I003717,2025-06-30,W02,Mumbai,West,P009,P009-18-W02,2024-10-01,2026-04-01,1591,154,662,13,1070,796,0,0,69196.9
I003718,2025-06-30,W02,Mumbai,West,P010,P010-18-W02,2024-10-01,2027-10-01,1096,516,1470,12,130,654,0,0,9618.7
I003719,2025-06-30,W02,Mumbai,West,P011,P011-18-W02,2025-01-01,2027-07-01,1542,390,517,3,1412,856,0,0,133603.44
I003720,2025-06-30,W02,Mumbai,West,P012,P012-18-W02,2024-04-01,2027-04-01,2111,878,1575,4,1410,891,0,0,313302
I003721,2025-06-30,W02,Mumbai,West,P013,P013-18-W02,2024-07-01,2026-01-01,2158,229,833,7,1547,824,0,0,42140.28
I003722,2025-06-30,W02,Mumbai,West,P014,P014-18-W02,2024-10-01,2026-04-01,1321,1324,1163,3,1479,556,0,0,37477.86
I003723,2025-06-30,W02,Mumbai,West,P015,P015-18-W02,2025-01-01,2028-01-01,1119,631,1002,12,736,712,0,0,20902.4
I003724,2025-06-30,W02,Mumbai,West,P016,P016-18-W02,2024-04-01,2026-10-01,2049,639,1530,9,1149,733,0,0,55657.56
I003725,2025-06-30,W02,Mumbai,West,P017,P017-18-W02,2025-01-01,2027-07-01,1116,624,1232,4,504,851,0,0,24806.88
I003726,2025-06-30,W02,Mumbai,West,P018,P018-18-W02,2024-10-01,2027-04-01,1334,1051,1599,14,772,610,0,0,52781.64
I003727,2025-06-30,W02,Mumbai,West,P019,P019-18-W02,2024-10-01,2026-10-01,1020,77,1097,0,0,603,2,0,0
I003728,2025-06-30,W02,Mumbai,West,P020,P020-18-W02,2025-01-01,2026-07-01,2052,1277,1186,13,2130,827,0,0,119876.4
I003729,2025-06-30,W02,Mumbai,West,P021,P021-18-W02,2025-01-01,2027-01-01,1014,925,1927,8,4,936,0,0,290.88
I003730,2025-06-30,W02,Mumbai,West,P022,P022-18-W02,2024-10-01,2026-04-01,1423,871,991,6,1297,689,0,0,100854.72
I003731,2025-06-30,W02,Mumbai,West,P023,P023-18-W02,2024-04-01,2026-10-01,1087,711,1798,0,0,550,3,0,0
I003732,2025-06-30,W02,Mumbai,West,P024,P024-18-W02,2024-04-01,2026-04-01,934,332,1266,0,0,744,7,0,0
I003733,2025-06-30,W02,Mumbai,West,P025,P025-18-W02,2024-10-01,2026-04-01,1010,1075,1703,15,367,861,0,0,5673.82
I003734,2025-06-30,W02,Mumbai,West,P026,P026-18-W02,2024-04-01,2025-10-01,588,1498,1827,2,257,775,0,0,6574.06
I003735,2025-06-30,W02,Mumbai,West,P027,P027-18-W02,2024-04-01,2025-10-01,1234,919,458,4,1691,849,0,0,58153.49
I003736,2025-06-30,W02,Mumbai,West,P028,P028-18-W02,2024-07-01,2027-01-01,567,87,535,5,114,866,0,0,5079.84
I003737,2025-06-30,W02,Mumbai,West,P029,P029-18-W02,2024-10-01,2027-10-01,1823,799,1038,7,1577,618,0,0,101637.65
I003738,2025-06-30,W02,Mumbai,West,P030,P030-18-W02,2024-10-01,2027-10-01,2566,580,906,16,2224,766,0,0,138733.12
I003739,2025-06-30,W02,Mumbai,West,P031,P031-18-W02,2024-04-01,2027-04-01,1442,90,597,6,929,587,0,0,54318.63
I003740,2025-06-30,W02,Mumbai,West,P032,P032-18-W02,2025-01-01,2027-07-01,759,1174,1580,13,340,884,0,0,17561
I003741,2025-06-30,W02,Mumbai,West,P033,P033-18-W02,2024-07-01,2027-01-01,1458,1232,1941,7,742,576,0,0,52110.66
I003742,2025-06-30,W02,Mumbai,West,P034,P034-18-W02,2024-07-01,2026-01-01,1746,640,811,3,1572,991,0,0,103987.8
I003743,2025-06-30,W02,Mumbai,West,P035,P035-18-W02,2024-10-01,2027-04-01,2195,71,1243,15,1008,825,0,0,89732.16
I003744,2025-06-30,W02,Mumbai,West,P036,P036-18-W02,2024-07-01,2026-01-01,1195,473,835,9,824,944,0,0,186957.36
I003745,2025-06-30,W03,Bengaluru,South,P001,P001-18-W03,2024-04-01,2027-04-01,2114,1291,1169,4,2232,976,0,0,46715.76
I003746,2025-06-30,W03,Bengaluru,South,P002,P002-18-W03,2025-01-01,2028-01-01,1553,1181,1325,3,1406,725,0,0,34151.74
I003747,2025-06-30,W03,Bengaluru,South,P003,P003-18-W03,2025-01-01,2027-01-01,972,876,1257,6,585,613,0,0,22674.6
I003748,2025-06-30,W03,Bengaluru,South,P004,P004-18-W03,2025-01-01,2026-07-01,1746,106,1425,3,424,960,0,0,15170.72
I003749,2025-06-30,W03,Bengaluru,South,P005,P005-18-W03,2025-01-01,2027-07-01,1968,937,1662,13,1230,622,0,0,55989.6
I003750,2025-06-30,W03,Bengaluru,South,P006,P006-18-W03,2024-10-01,2026-04-01,2560,15,1706,9,860,736,0,0,49905.8
I003751,2025-06-30,W03,Bengaluru,South,P007,P007-18-W03,2024-07-01,2026-01-01,1867,1088,1346,14,1595,722,0,0,100325.5
I003752,2025-06-30,W03,Bengaluru,South,P008,P008-18-W03,2024-07-01,2027-01-01,1562,621,777,14,1392,631,0,0,89199.36
I003753,2025-06-30,W03,Bengaluru,South,P009,P009-18-W03,2024-10-01,2026-04-01,2591,944,607,11,2917,672,0,0,188642.39
I003754,2025-06-30,W03,Bengaluru,South,P010,P010-18-W03,2024-07-01,2027-07-01,2519,1019,1150,11,2377,529,0,0,175874.23
I003755,2025-06-30,W03,Bengaluru,South,P011,P011-18-W03,2025-01-01,2027-07-01,1354,686,1736,3,301,765,0,0,28480.62
I003756,2025-06-30,W03,Bengaluru,South,P012,P012-18-W03,2024-04-01,2027-04-01,1095,930,1827,9,189,884,0,0,41995.8
I003757,2025-06-30,W03,Bengaluru,South,P013,P013-18-W03,2025-01-01,2026-07-01,562,521,477,4,602,846,0,0,16398.48
I003758,2025-06-30,W03,Bengaluru,South,P014,P014-18-W03,2024-10-01,2026-04-01,1478,1007,482,9,1994,744,0,0,50527.96
I003759,2025-06-30,W03,Bengaluru,South,P015,P015-18-W03,2024-07-01,2027-07-01,2233,211,1818,9,617,733,0,0,17522.8
I003760,2025-06-30,W03,Bengaluru,South,P016,P016-18-W03,2025-01-01,2027-07-01,409,1343,1434,8,310,972,0,0,15016.4
I003761,2025-06-30,W03,Bengaluru,South,P017,P017-18-W03,2024-04-01,2026-10-01,660,274,934,0,0,527,4,0,0
I003762,2025-06-30,W03,Bengaluru,South,P018,P018-18-W03,2025-01-01,2027-07-01,1391,101,1492,0,0,669,7,0,0
I003763,2025-06-30,W03,Bengaluru,South,P019,P019-18-W03,2024-10-01,2026-10-01,2331,967,1727,1,1570,996,0,0,108989.4
I003764,2025-06-30,W03,Bengaluru,South,P020,P020-18-W03,2025-01-01,2026-07-01,1234,654,1164,4,720,920,0,0,40521.6
I003765,2025-06-30,W03,Bengaluru,South,P021,P021-18-W03,2024-10-01,2026-10-01,922,910,1302,10,520,815,0,0,37814.4
I003766,2025-06-30,W03,Bengaluru,South,P022,P022-18-W03,2024-10-01,2026-04-01,2470,1125,863,6,2726,876,0,0,211973.76
I003767,2025-06-30,W03,Bengaluru,South,P023,P023-18-W03,2024-07-01,2027-01-01,2113,1144,1343,6,1908,951,0,0,178474.32
I003768,2025-06-30,W03,Bengaluru,South,P024,P024-18-W03,2024-10-01,2026-10-01,2556,552,506,14,2588,557,0,0,560457.28
I003769,2025-06-30,W03,Bengaluru,South,P025,P025-18-W03,2024-10-01,2026-04-01,507,178,685,0,0,908,5,0,0
I003770,2025-06-30,W03,Bengaluru,South,P026,P026-18-W03,2025-01-01,2026-07-01,519,82,601,0,0,572,10,0,0
I003771,2025-06-30,W03,Bengaluru,South,P027,P027-18-W03,2024-04-01,2025-10-01,1310,435,1586,6,153,507,0,0,5261.67
I003772,2025-06-30,W03,Bengaluru,South,P028,P028-18-W03,2024-10-01,2027-04-01,1376,155,1059,10,462,695,0,0,20586.72
I003773,2025-06-30,W03,Bengaluru,South,P029,P029-18-W03,2025-01-01,2028-01-01,986,726,1249,2,461,757,0,0,29711.45
